-- MySQL dump 10.13  Distrib 8.0.34, for Win64 (x86_64)
--
-- Host: localhost    Database: strapi_db
-- ------------------------------------------------------
-- Server version	8.0.34

/*!40101 SET @OLD_CHARACTER_SET_CLIENT=@@CHARACTER_SET_CLIENT */;
/*!40101 SET @OLD_CHARACTER_SET_RESULTS=@@CHARACTER_SET_RESULTS */;
/*!40101 SET @OLD_COLLATION_CONNECTION=@@COLLATION_CONNECTION */;
/*!50503 SET NAMES utf8mb4 */;
/*!40103 SET @OLD_TIME_ZONE=@@TIME_ZONE */;
/*!40103 SET TIME_ZONE='+00:00' */;
/*!40014 SET @OLD_UNIQUE_CHECKS=@@UNIQUE_CHECKS, UNIQUE_CHECKS=0 */;
/*!40014 SET @OLD_FOREIGN_KEY_CHECKS=@@FOREIGN_KEY_CHECKS, FOREIGN_KEY_CHECKS=0 */;
/*!40101 SET @OLD_SQL_MODE=@@SQL_MODE, SQL_MODE='NO_AUTO_VALUE_ON_ZERO' */;
/*!40111 SET @OLD_SQL_NOTES=@@SQL_NOTES, SQL_NOTES=0 */;

--
-- Table structure for table `admin_permissions`
--

DROP TABLE IF EXISTS `admin_permissions`;
/*!40101 SET @saved_cs_client     = @@character_set_client */;
/*!50503 SET character_set_client = utf8mb4 */;
CREATE TABLE `admin_permissions` (
  `id` int unsigned NOT NULL AUTO_INCREMENT,
  `action` varchar(255) DEFAULT NULL,
  `action_parameters` json DEFAULT NULL,
  `subject` varchar(255) DEFAULT NULL,
  `properties` json DEFAULT NULL,
  `conditions` json DEFAULT NULL,
  `created_at` datetime(6) DEFAULT NULL,
  `updated_at` datetime(6) DEFAULT NULL,
  `created_by_id` int unsigned DEFAULT NULL,
  `updated_by_id` int unsigned DEFAULT NULL,
  PRIMARY KEY (`id`),
  KEY `admin_permissions_created_by_id_fk` (`created_by_id`),
  KEY `admin_permissions_updated_by_id_fk` (`updated_by_id`),
  CONSTRAINT `admin_permissions_created_by_id_fk` FOREIGN KEY (`created_by_id`) REFERENCES `admin_users` (`id`) ON DELETE SET NULL,
  CONSTRAINT `admin_permissions_updated_by_id_fk` FOREIGN KEY (`updated_by_id`) REFERENCES `admin_users` (`id`) ON DELETE SET NULL
) ENGINE=InnoDB AUTO_INCREMENT=137 DEFAULT CHARSET=utf8mb4 COLLATE=utf8mb4_0900_ai_ci;
/*!40101 SET character_set_client = @saved_cs_client */;

--
-- Dumping data for table `admin_permissions`
--

LOCK TABLES `admin_permissions` WRITE;
/*!40000 ALTER TABLE `admin_permissions` DISABLE KEYS */;
INSERT INTO `admin_permissions` VALUES (1,'plugin::upload.read','{}',NULL,'{}','[]','2024-03-05 10:53:28.038000','2024-03-05 10:53:28.038000',NULL,NULL),(2,'plugin::upload.configure-view','{}',NULL,'{}','[]','2024-03-05 10:53:28.042000','2024-03-05 10:53:28.042000',NULL,NULL),(3,'plugin::upload.assets.create','{}',NULL,'{}','[]','2024-03-05 10:53:28.045000','2024-03-05 10:53:28.045000',NULL,NULL),(4,'plugin::upload.assets.update','{}',NULL,'{}','[]','2024-03-05 10:53:28.048000','2024-03-05 10:53:28.048000',NULL,NULL),(5,'plugin::upload.assets.download','{}',NULL,'{}','[]','2024-03-05 10:53:28.050000','2024-03-05 10:53:28.050000',NULL,NULL),(6,'plugin::upload.assets.copy-link','{}',NULL,'{}','[]','2024-03-05 10:53:28.054000','2024-03-05 10:53:28.054000',NULL,NULL),(7,'plugin::upload.read','{}',NULL,'{}','[\"admin::is-creator\"]','2024-03-05 10:53:28.057000','2024-03-05 10:53:28.057000',NULL,NULL),(8,'plugin::upload.configure-view','{}',NULL,'{}','[]','2024-03-05 10:53:28.060000','2024-03-05 10:53:28.060000',NULL,NULL),(9,'plugin::upload.assets.create','{}',NULL,'{}','[]','2024-03-05 10:53:28.062000','2024-03-05 10:53:28.062000',NULL,NULL),(10,'plugin::upload.assets.update','{}',NULL,'{}','[\"admin::is-creator\"]','2024-03-05 10:53:28.065000','2024-03-05 10:53:28.065000',NULL,NULL),(11,'plugin::upload.assets.download','{}',NULL,'{}','[]','2024-03-05 10:53:28.068000','2024-03-05 10:53:28.068000',NULL,NULL),(12,'plugin::upload.assets.copy-link','{}',NULL,'{}','[]','2024-03-05 10:53:28.070000','2024-03-05 10:53:28.070000',NULL,NULL),(13,'plugin::content-manager.explorer.create','{}','plugin::users-permissions.user','{\"fields\": [\"username\", \"email\", \"provider\", \"password\", \"resetPasswordToken\", \"confirmationToken\", \"confirmed\", \"blocked\", \"role\"]}','[]','2024-03-05 10:53:28.083000','2024-03-05 10:53:28.083000',NULL,NULL),(14,'plugin::content-manager.explorer.read','{}','plugin::users-permissions.user','{\"fields\": [\"username\", \"email\", \"provider\", \"password\", \"resetPasswordToken\", \"confirmationToken\", \"confirmed\", \"blocked\", \"role\"]}','[]','2024-03-05 10:53:28.086000','2024-03-05 10:53:28.086000',NULL,NULL),(15,'plugin::content-manager.explorer.update','{}','plugin::users-permissions.user','{\"fields\": [\"username\", \"email\", \"provider\", \"password\", \"resetPasswordToken\", \"confirmationToken\", \"confirmed\", \"blocked\", \"role\"]}','[]','2024-03-05 10:53:28.089000','2024-03-05 10:53:28.089000',NULL,NULL),(16,'plugin::content-manager.explorer.delete','{}','plugin::users-permissions.user','{}','[]','2024-03-05 10:53:28.093000','2024-03-05 10:53:28.093000',NULL,NULL),(17,'plugin::content-manager.single-types.configure-view','{}',NULL,'{}','[]','2024-03-05 10:53:28.095000','2024-03-05 10:53:28.095000',NULL,NULL),(18,'plugin::content-manager.collection-types.configure-view','{}',NULL,'{}','[]','2024-03-05 10:53:28.098000','2024-03-05 10:53:28.098000',NULL,NULL),(19,'plugin::content-manager.components.configure-layout','{}',NULL,'{}','[]','2024-03-05 10:53:28.101000','2024-03-05 10:53:28.101000',NULL,NULL),(20,'plugin::content-type-builder.read','{}',NULL,'{}','[]','2024-03-05 10:53:28.104000','2024-03-05 10:53:28.104000',NULL,NULL),(21,'plugin::email.settings.read','{}',NULL,'{}','[]','2024-03-05 10:53:28.107000','2024-03-05 10:53:28.107000',NULL,NULL),(22,'plugin::upload.read','{}',NULL,'{}','[]','2024-03-05 10:53:28.110000','2024-03-05 10:53:28.110000',NULL,NULL),(23,'plugin::upload.assets.create','{}',NULL,'{}','[]','2024-03-05 10:53:28.113000','2024-03-05 10:53:28.113000',NULL,NULL),(24,'plugin::upload.assets.update','{}',NULL,'{}','[]','2024-03-05 10:53:28.116000','2024-03-05 10:53:28.116000',NULL,NULL),(25,'plugin::upload.assets.download','{}',NULL,'{}','[]','2024-03-05 10:53:28.119000','2024-03-05 10:53:28.119000',NULL,NULL),(26,'plugin::upload.assets.copy-link','{}',NULL,'{}','[]','2024-03-05 10:53:28.122000','2024-03-05 10:53:28.122000',NULL,NULL),(27,'plugin::upload.configure-view','{}',NULL,'{}','[]','2024-03-05 10:53:28.126000','2024-03-05 10:53:28.126000',NULL,NULL),(28,'plugin::upload.settings.read','{}',NULL,'{}','[]','2024-03-05 10:53:28.129000','2024-03-05 10:53:28.129000',NULL,NULL),(29,'plugin::i18n.locale.create','{}',NULL,'{}','[]','2024-03-05 10:53:28.132000','2024-03-05 10:53:28.132000',NULL,NULL),(30,'plugin::i18n.locale.read','{}',NULL,'{}','[]','2024-03-05 10:53:28.135000','2024-03-05 10:53:28.135000',NULL,NULL),(31,'plugin::i18n.locale.update','{}',NULL,'{}','[]','2024-03-05 10:53:28.137000','2024-03-05 10:53:28.137000',NULL,NULL),(32,'plugin::i18n.locale.delete','{}',NULL,'{}','[]','2024-03-05 10:53:28.140000','2024-03-05 10:53:28.140000',NULL,NULL),(33,'plugin::users-permissions.roles.create','{}',NULL,'{}','[]','2024-03-05 10:53:28.143000','2024-03-05 10:53:28.143000',NULL,NULL),(34,'plugin::users-permissions.roles.read','{}',NULL,'{}','[]','2024-03-05 10:53:28.146000','2024-03-05 10:53:28.146000',NULL,NULL),(35,'plugin::users-permissions.roles.update','{}',NULL,'{}','[]','2024-03-05 10:53:28.148000','2024-03-05 10:53:28.148000',NULL,NULL),(36,'plugin::users-permissions.roles.delete','{}',NULL,'{}','[]','2024-03-05 10:53:28.151000','2024-03-05 10:53:28.151000',NULL,NULL),(37,'plugin::users-permissions.providers.read','{}',NULL,'{}','[]','2024-03-05 10:53:28.153000','2024-03-05 10:53:28.153000',NULL,NULL),(38,'plugin::users-permissions.providers.update','{}',NULL,'{}','[]','2024-03-05 10:53:28.156000','2024-03-05 10:53:28.156000',NULL,NULL),(39,'plugin::users-permissions.email-templates.read','{}',NULL,'{}','[]','2024-03-05 10:53:28.160000','2024-03-05 10:53:28.160000',NULL,NULL),(40,'plugin::users-permissions.email-templates.update','{}',NULL,'{}','[]','2024-03-05 10:53:28.163000','2024-03-05 10:53:28.163000',NULL,NULL),(41,'plugin::users-permissions.advanced-settings.read','{}',NULL,'{}','[]','2024-03-05 10:53:28.166000','2024-03-05 10:53:28.166000',NULL,NULL),(42,'plugin::users-permissions.advanced-settings.update','{}',NULL,'{}','[]','2024-03-05 10:53:28.168000','2024-03-05 10:53:28.168000',NULL,NULL),(43,'admin::marketplace.read','{}',NULL,'{}','[]','2024-03-05 10:53:28.171000','2024-03-05 10:53:28.171000',NULL,NULL),(44,'admin::webhooks.create','{}',NULL,'{}','[]','2024-03-05 10:53:28.174000','2024-03-05 10:53:28.174000',NULL,NULL),(45,'admin::webhooks.read','{}',NULL,'{}','[]','2024-03-05 10:53:28.176000','2024-03-05 10:53:28.176000',NULL,NULL),(46,'admin::webhooks.update','{}',NULL,'{}','[]','2024-03-05 10:53:28.179000','2024-03-05 10:53:28.179000',NULL,NULL),(47,'admin::webhooks.delete','{}',NULL,'{}','[]','2024-03-05 10:53:28.181000','2024-03-05 10:53:28.181000',NULL,NULL),(48,'admin::users.create','{}',NULL,'{}','[]','2024-03-05 10:53:28.184000','2024-03-05 10:53:28.184000',NULL,NULL),(49,'admin::users.read','{}',NULL,'{}','[]','2024-03-05 10:53:28.186000','2024-03-05 10:53:28.186000',NULL,NULL),(50,'admin::users.update','{}',NULL,'{}','[]','2024-03-05 10:53:28.189000','2024-03-05 10:53:28.189000',NULL,NULL),(51,'admin::users.delete','{}',NULL,'{}','[]','2024-03-05 10:53:28.193000','2024-03-05 10:53:28.193000',NULL,NULL),(52,'admin::roles.create','{}',NULL,'{}','[]','2024-03-05 10:53:28.196000','2024-03-05 10:53:28.196000',NULL,NULL),(53,'admin::roles.read','{}',NULL,'{}','[]','2024-03-05 10:53:28.199000','2024-03-05 10:53:28.199000',NULL,NULL),(54,'admin::roles.update','{}',NULL,'{}','[]','2024-03-05 10:53:28.201000','2024-03-05 10:53:28.201000',NULL,NULL),(55,'admin::roles.delete','{}',NULL,'{}','[]','2024-03-05 10:53:28.204000','2024-03-05 10:53:28.204000',NULL,NULL),(56,'admin::api-tokens.access','{}',NULL,'{}','[]','2024-03-05 10:53:28.207000','2024-03-05 10:53:28.207000',NULL,NULL),(57,'admin::api-tokens.create','{}',NULL,'{}','[]','2024-03-05 10:53:28.209000','2024-03-05 10:53:28.209000',NULL,NULL),(58,'admin::api-tokens.read','{}',NULL,'{}','[]','2024-03-05 10:53:28.212000','2024-03-05 10:53:28.212000',NULL,NULL),(59,'admin::api-tokens.update','{}',NULL,'{}','[]','2024-03-05 10:53:28.215000','2024-03-05 10:53:28.215000',NULL,NULL),(60,'admin::api-tokens.regenerate','{}',NULL,'{}','[]','2024-03-05 10:53:28.218000','2024-03-05 10:53:28.218000',NULL,NULL),(61,'admin::api-tokens.delete','{}',NULL,'{}','[]','2024-03-05 10:53:28.221000','2024-03-05 10:53:28.221000',NULL,NULL),(62,'admin::project-settings.update','{}',NULL,'{}','[]','2024-03-05 10:53:28.223000','2024-03-05 10:53:28.223000',NULL,NULL),(63,'admin::project-settings.read','{}',NULL,'{}','[]','2024-03-05 10:53:28.226000','2024-03-05 10:53:28.226000',NULL,NULL),(64,'admin::transfer.tokens.access','{}',NULL,'{}','[]','2024-03-05 10:53:28.229000','2024-03-05 10:53:28.229000',NULL,NULL),(65,'admin::transfer.tokens.create','{}',NULL,'{}','[]','2024-03-05 10:53:28.232000','2024-03-05 10:53:28.232000',NULL,NULL),(66,'admin::transfer.tokens.read','{}',NULL,'{}','[]','2024-03-05 10:53:28.235000','2024-03-05 10:53:28.235000',NULL,NULL),(67,'admin::transfer.tokens.update','{}',NULL,'{}','[]','2024-03-05 10:53:28.238000','2024-03-05 10:53:28.238000',NULL,NULL),(68,'admin::transfer.tokens.regenerate','{}',NULL,'{}','[]','2024-03-05 10:53:28.241000','2024-03-05 10:53:28.241000',NULL,NULL),(69,'admin::transfer.tokens.delete','{}',NULL,'{}','[]','2024-03-05 10:53:28.244000','2024-03-05 10:53:28.244000',NULL,NULL),(73,'plugin::content-manager.explorer.delete','{}','api::new.new','{}','[]','2024-03-05 10:56:37.309000','2024-03-05 10:56:37.309000',NULL,NULL),(74,'plugin::content-manager.explorer.publish','{}','api::new.new','{}','[]','2024-03-05 10:56:37.312000','2024-03-05 10:56:37.312000',NULL,NULL),(81,'plugin::content-manager.explorer.delete','{}','api::feedback.feedback','{}','[]','2024-03-05 11:00:32.979000','2024-03-05 11:00:32.979000',NULL,NULL),(82,'plugin::content-manager.explorer.publish','{}','api::feedback.feedback','{}','[]','2024-03-05 11:00:32.983000','2024-03-05 11:00:32.983000',NULL,NULL),(94,'plugin::content-manager.explorer.delete','{}','api::complaint.complaint','{}','[]','2024-03-05 12:15:59.720000','2024-03-05 12:15:59.720000',NULL,NULL),(95,'plugin::content-manager.explorer.publish','{}','api::complaint.complaint','{}','[]','2024-03-05 12:15:59.723000','2024-03-05 12:15:59.723000',NULL,NULL),(102,'plugin::content-manager.explorer.create','{}','api::complaint.complaint','{\"fields\": [\"Name\", \"Complaints\", \"Email\", \"Message\", \"Number\"]}','[]','2024-03-05 12:17:59.325000','2024-03-05 12:17:59.325000',NULL,NULL),(103,'plugin::content-manager.explorer.read','{}','api::complaint.complaint','{\"fields\": [\"Name\", \"Complaints\", \"Email\", \"Message\", \"Number\"]}','[]','2024-03-05 12:17:59.329000','2024-03-05 12:17:59.329000',NULL,NULL),(104,'plugin::content-manager.explorer.update','{}','api::complaint.complaint','{\"fields\": [\"Name\", \"Complaints\", \"Email\", \"Message\", \"Number\"]}','[]','2024-03-05 12:17:59.333000','2024-03-05 12:17:59.333000',NULL,NULL),(108,'plugin::content-manager.explorer.delete','{}','api::event.event','{}','[]','2024-03-05 12:20:50.008000','2024-03-05 12:20:50.008000',NULL,NULL),(109,'plugin::content-manager.explorer.publish','{}','api::event.event','{}','[]','2024-03-05 12:20:50.012000','2024-03-05 12:20:50.012000',NULL,NULL),(113,'plugin::content-manager.explorer.create','{}','api::event.event','{\"fields\": [\"Event\", \"EventA\", \"Desc\", \"DescA\", \"StartDateTime\", \"StartDateTimeA\", \"EndDateTime\", \"EndDateTimeA\", \"Venue\", \"VenueA\", \"Map\"]}','[]','2024-03-05 12:28:59.272000','2024-03-05 12:28:59.272000',NULL,NULL),(114,'plugin::content-manager.explorer.read','{}','api::event.event','{\"fields\": [\"Event\", \"EventA\", \"Desc\", \"DescA\", \"StartDateTime\", \"StartDateTimeA\", \"EndDateTime\", \"EndDateTimeA\", \"Venue\", \"VenueA\", \"Map\"]}','[]','2024-03-05 12:28:59.276000','2024-03-05 12:28:59.276000',NULL,NULL),(115,'plugin::content-manager.explorer.update','{}','api::event.event','{\"fields\": [\"Event\", \"EventA\", \"Desc\", \"DescA\", \"StartDateTime\", \"StartDateTimeA\", \"EndDateTime\", \"EndDateTimeA\", \"Venue\", \"VenueA\", \"Map\"]}','[]','2024-03-05 12:28:59.279000','2024-03-05 12:28:59.279000',NULL,NULL),(116,'plugin::content-manager.explorer.create','{}','api::feedback.feedback','{\"fields\": [\"Name\", \"Email\", \"Feedback\", \"Message\", \"Number\"]}','[]','2024-03-07 20:39:26.246000','2024-03-07 20:39:26.246000',NULL,NULL),(117,'plugin::content-manager.explorer.read','{}','api::feedback.feedback','{\"fields\": [\"Name\", \"Email\", \"Feedback\", \"Message\", \"Number\"]}','[]','2024-03-07 20:39:26.254000','2024-03-07 20:39:26.254000',NULL,NULL),(118,'plugin::content-manager.explorer.update','{}','api::feedback.feedback','{\"fields\": [\"Name\", \"Email\", \"Feedback\", \"Message\", \"Number\"]}','[]','2024-03-07 20:39:26.257000','2024-03-07 20:39:26.257000',NULL,NULL),(119,'plugin::content-manager.explorer.create','{}','api::happy-meter.happy-meter','{\"fields\": [\"Type\", \"Message\"]}','[]','2024-03-09 10:54:03.262000','2024-03-09 10:54:03.262000',NULL,NULL),(120,'plugin::content-manager.explorer.read','{}','api::happy-meter.happy-meter','{\"fields\": [\"Type\", \"Message\"]}','[]','2024-03-09 10:54:03.270000','2024-03-09 10:54:03.270000',NULL,NULL),(121,'plugin::content-manager.explorer.update','{}','api::happy-meter.happy-meter','{\"fields\": [\"Type\", \"Message\"]}','[]','2024-03-09 10:54:03.274000','2024-03-09 10:54:03.274000',NULL,NULL),(122,'plugin::content-manager.explorer.delete','{}','api::happy-meter.happy-meter','{}','[]','2024-03-09 10:54:03.277000','2024-03-09 10:54:03.277000',NULL,NULL),(123,'plugin::content-manager.explorer.publish','{}','api::happy-meter.happy-meter','{}','[]','2024-03-09 10:54:03.279000','2024-03-09 10:54:03.279000',NULL,NULL),(124,'plugin::content-manager.explorer.create','{}','api::query.query','{\"fields\": [\"Name\", \"Email\", \"Phone\", \"Subject\", \"Message\"]}','[]','2024-03-09 12:24:36.399000','2024-03-09 12:24:36.399000',NULL,NULL),(125,'plugin::content-manager.explorer.read','{}','api::query.query','{\"fields\": [\"Name\", \"Email\", \"Phone\", \"Subject\", \"Message\"]}','[]','2024-03-09 12:24:36.405000','2024-03-09 12:24:36.405000',NULL,NULL),(126,'plugin::content-manager.explorer.update','{}','api::query.query','{\"fields\": [\"Name\", \"Email\", \"Phone\", \"Subject\", \"Message\"]}','[]','2024-03-09 12:24:36.408000','2024-03-09 12:24:36.408000',NULL,NULL),(127,'plugin::content-manager.explorer.delete','{}','api::query.query','{}','[]','2024-03-09 12:24:36.412000','2024-03-09 12:24:36.412000',NULL,NULL),(128,'plugin::content-manager.explorer.publish','{}','api::query.query','{}','[]','2024-03-09 12:24:36.415000','2024-03-09 12:24:36.415000',NULL,NULL),(129,'plugin::content-manager.explorer.create','{}','api::new.new','{\"fields\": [\"Title\", \"TitleA\", \"Content\", \"ContentA\", \"Date\", \"HeroImg\", \"Author\", \"AuthorA\", \"Desc\", \"DescA\"]}','[]','2024-03-09 14:42:59.078000','2024-03-09 14:42:59.078000',NULL,NULL),(130,'plugin::content-manager.explorer.read','{}','api::new.new','{\"fields\": [\"Title\", \"TitleA\", \"Content\", \"ContentA\", \"Date\", \"HeroImg\", \"Author\", \"AuthorA\", \"Desc\", \"DescA\"]}','[]','2024-03-09 14:42:59.082000','2024-03-09 14:42:59.082000',NULL,NULL),(131,'plugin::content-manager.explorer.update','{}','api::new.new','{\"fields\": [\"Title\", \"TitleA\", \"Content\", \"ContentA\", \"Date\", \"HeroImg\", \"Author\", \"AuthorA\", \"Desc\", \"DescA\"]}','[]','2024-03-09 14:42:59.085000','2024-03-09 14:42:59.085000',NULL,NULL),(132,'plugin::content-manager.explorer.create','{}','api::municipality.municipality','{\"fields\": [\"Demo\"]}','[]','2024-03-20 16:25:02.761000','2024-03-20 16:25:02.761000',NULL,NULL),(133,'plugin::content-manager.explorer.read','{}','api::municipality.municipality','{\"fields\": [\"Demo\"]}','[]','2024-03-20 16:25:02.772000','2024-03-20 16:25:02.772000',NULL,NULL),(134,'plugin::content-manager.explorer.update','{}','api::municipality.municipality','{\"fields\": [\"Demo\"]}','[]','2024-03-20 16:25:02.776000','2024-03-20 16:25:02.776000',NULL,NULL),(135,'plugin::content-manager.explorer.delete','{}','api::municipality.municipality','{}','[]','2024-03-20 16:25:02.779000','2024-03-20 16:25:02.779000',NULL,NULL),(136,'plugin::content-manager.explorer.publish','{}','api::municipality.municipality','{}','[]','2024-03-20 16:25:02.782000','2024-03-20 16:25:02.782000',NULL,NULL);
/*!40000 ALTER TABLE `admin_permissions` ENABLE KEYS */;
UNLOCK TABLES;

--
-- Table structure for table `admin_permissions_role_links`
--

DROP TABLE IF EXISTS `admin_permissions_role_links`;
/*!40101 SET @saved_cs_client     = @@character_set_client */;
/*!50503 SET character_set_client = utf8mb4 */;
CREATE TABLE `admin_permissions_role_links` (
  `id` int unsigned NOT NULL AUTO_INCREMENT,
  `permission_id` int unsigned DEFAULT NULL,
  `role_id` int unsigned DEFAULT NULL,
  `permission_order` double unsigned DEFAULT NULL,
  PRIMARY KEY (`id`),
  UNIQUE KEY `admin_permissions_role_links_unique` (`permission_id`,`role_id`),
  KEY `admin_permissions_role_links_fk` (`permission_id`),
  KEY `admin_permissions_role_links_inv_fk` (`role_id`),
  KEY `admin_permissions_role_links_order_inv_fk` (`permission_order`),
  CONSTRAINT `admin_permissions_role_links_fk` FOREIGN KEY (`permission_id`) REFERENCES `admin_permissions` (`id`) ON DELETE CASCADE,
  CONSTRAINT `admin_permissions_role_links_inv_fk` FOREIGN KEY (`role_id`) REFERENCES `admin_roles` (`id`) ON DELETE CASCADE
) ENGINE=InnoDB AUTO_INCREMENT=137 DEFAULT CHARSET=utf8mb4 COLLATE=utf8mb4_0900_ai_ci;
/*!40101 SET character_set_client = @saved_cs_client */;

--
-- Dumping data for table `admin_permissions_role_links`
--

LOCK TABLES `admin_permissions_role_links` WRITE;
/*!40000 ALTER TABLE `admin_permissions_role_links` DISABLE KEYS */;
INSERT INTO `admin_permissions_role_links` VALUES (1,1,2,1),(2,2,2,2),(3,3,2,3),(4,4,2,4),(5,5,2,5),(6,6,2,6),(7,7,3,1),(8,8,3,2),(9,9,3,3),(10,10,3,4),(11,11,3,5),(12,12,3,6),(13,13,1,1),(14,14,1,2),(15,15,1,3),(16,16,1,4),(17,17,1,5),(18,18,1,6),(19,19,1,7),(20,20,1,8),(21,21,1,9),(22,22,1,10),(23,23,1,11),(24,24,1,12),(25,25,1,13),(26,26,1,14),(27,27,1,15),(28,28,1,16),(29,29,1,17),(30,30,1,18),(31,31,1,19),(32,32,1,20),(33,33,1,21),(34,34,1,22),(35,35,1,23),(36,36,1,24),(37,37,1,25),(38,38,1,26),(39,39,1,27),(40,40,1,28),(41,41,1,29),(42,42,1,30),(43,43,1,31),(44,44,1,32),(45,45,1,33),(46,46,1,34),(47,47,1,35),(48,48,1,36),(49,49,1,37),(50,50,1,38),(51,51,1,39),(52,52,1,40),(53,53,1,41),(54,54,1,42),(55,55,1,43),(56,56,1,44),(57,57,1,45),(58,58,1,46),(59,59,1,47),(60,60,1,48),(61,61,1,49),(62,62,1,50),(63,63,1,51),(64,64,1,52),(65,65,1,53),(66,66,1,54),(67,67,1,55),(68,68,1,56),(69,69,1,57),(73,73,1,61),(74,74,1,62),(81,81,1,69),(82,82,1,70),(94,94,1,82),(95,95,1,83),(102,102,1,84),(103,103,1,85),(104,104,1,86),(108,108,1,90),(109,109,1,91),(113,113,1,92),(114,114,1,93),(115,115,1,94),(116,116,1,95),(117,117,1,96),(118,118,1,97),(119,119,1,98),(120,120,1,99),(121,121,1,100),(122,122,1,101),(123,123,1,102),(124,124,1,103),(125,125,1,104),(126,126,1,105),(127,127,1,106),(128,128,1,107),(129,129,1,108),(130,130,1,109),(131,131,1,110),(132,132,1,111),(133,133,1,112),(134,134,1,113),(135,135,1,114),(136,136,1,115);
/*!40000 ALTER TABLE `admin_permissions_role_links` ENABLE KEYS */;
UNLOCK TABLES;

--
-- Table structure for table `admin_roles`
--

DROP TABLE IF EXISTS `admin_roles`;
/*!40101 SET @saved_cs_client     = @@character_set_client */;
/*!50503 SET character_set_client = utf8mb4 */;
CREATE TABLE `admin_roles` (
  `id` int unsigned NOT NULL AUTO_INCREMENT,
  `name` varchar(255) DEFAULT NULL,
  `code` varchar(255) DEFAULT NULL,
  `description` varchar(255) DEFAULT NULL,
  `created_at` datetime(6) DEFAULT NULL,
  `updated_at` datetime(6) DEFAULT NULL,
  `created_by_id` int unsigned DEFAULT NULL,
  `updated_by_id` int unsigned DEFAULT NULL,
  PRIMARY KEY (`id`),
  KEY `admin_roles_created_by_id_fk` (`created_by_id`),
  KEY `admin_roles_updated_by_id_fk` (`updated_by_id`),
  CONSTRAINT `admin_roles_created_by_id_fk` FOREIGN KEY (`created_by_id`) REFERENCES `admin_users` (`id`) ON DELETE SET NULL,
  CONSTRAINT `admin_roles_updated_by_id_fk` FOREIGN KEY (`updated_by_id`) REFERENCES `admin_users` (`id`) ON DELETE SET NULL
) ENGINE=InnoDB AUTO_INCREMENT=4 DEFAULT CHARSET=utf8mb4 COLLATE=utf8mb4_0900_ai_ci;
/*!40101 SET character_set_client = @saved_cs_client */;

--
-- Dumping data for table `admin_roles`
--

LOCK TABLES `admin_roles` WRITE;
/*!40000 ALTER TABLE `admin_roles` DISABLE KEYS */;
INSERT INTO `admin_roles` VALUES (1,'Super Admin','strapi-super-admin','Super Admins can access and manage all features and settings.','2024-03-05 10:53:28.028000','2024-03-05 10:53:28.028000',NULL,NULL),(2,'Editor','strapi-editor','Editors can manage and publish contents including those of other users.','2024-03-05 10:53:28.033000','2024-03-05 10:53:28.033000',NULL,NULL),(3,'Author','strapi-author','Authors can manage the content they have created.','2024-03-05 10:53:28.036000','2024-03-05 10:53:28.036000',NULL,NULL);
/*!40000 ALTER TABLE `admin_roles` ENABLE KEYS */;
UNLOCK TABLES;

--
-- Table structure for table `admin_users`
--

DROP TABLE IF EXISTS `admin_users`;
/*!40101 SET @saved_cs_client     = @@character_set_client */;
/*!50503 SET character_set_client = utf8mb4 */;
CREATE TABLE `admin_users` (
  `id` int unsigned NOT NULL AUTO_INCREMENT,
  `firstname` varchar(255) DEFAULT NULL,
  `lastname` varchar(255) DEFAULT NULL,
  `username` varchar(255) DEFAULT NULL,
  `email` varchar(255) DEFAULT NULL,
  `password` varchar(255) DEFAULT NULL,
  `reset_password_token` varchar(255) DEFAULT NULL,
  `registration_token` varchar(255) DEFAULT NULL,
  `is_active` tinyint(1) DEFAULT NULL,
  `blocked` tinyint(1) DEFAULT NULL,
  `prefered_language` varchar(255) DEFAULT NULL,
  `created_at` datetime(6) DEFAULT NULL,
  `updated_at` datetime(6) DEFAULT NULL,
  `created_by_id` int unsigned DEFAULT NULL,
  `updated_by_id` int unsigned DEFAULT NULL,
  PRIMARY KEY (`id`),
  KEY `admin_users_created_by_id_fk` (`created_by_id`),
  KEY `admin_users_updated_by_id_fk` (`updated_by_id`),
  CONSTRAINT `admin_users_created_by_id_fk` FOREIGN KEY (`created_by_id`) REFERENCES `admin_users` (`id`) ON DELETE SET NULL,
  CONSTRAINT `admin_users_updated_by_id_fk` FOREIGN KEY (`updated_by_id`) REFERENCES `admin_users` (`id`) ON DELETE SET NULL
) ENGINE=InnoDB AUTO_INCREMENT=2 DEFAULT CHARSET=utf8mb4 COLLATE=utf8mb4_0900_ai_ci;
/*!40101 SET character_set_client = @saved_cs_client */;

--
-- Dumping data for table `admin_users`
--

LOCK TABLES `admin_users` WRITE;
/*!40000 ALTER TABLE `admin_users` DISABLE KEYS */;
INSERT INTO `admin_users` VALUES (1,'Vignesh','Pamu',NULL,'vigneshpamu2002@gmail.com','$2a$10$bqoJUfHBO2AM/noXbUZJeuL3U1Fnao8d3xI1d4ThPOqcIYDg6Lvem',NULL,NULL,1,0,NULL,'2024-03-05 10:53:45.341000','2024-03-05 10:53:45.341000',NULL,NULL);
/*!40000 ALTER TABLE `admin_users` ENABLE KEYS */;
UNLOCK TABLES;

--
-- Table structure for table `admin_users_roles_links`
--

DROP TABLE IF EXISTS `admin_users_roles_links`;
/*!40101 SET @saved_cs_client     = @@character_set_client */;
/*!50503 SET character_set_client = utf8mb4 */;
CREATE TABLE `admin_users_roles_links` (
  `id` int unsigned NOT NULL AUTO_INCREMENT,
  `user_id` int unsigned DEFAULT NULL,
  `role_id` int unsigned DEFAULT NULL,
  `role_order` double unsigned DEFAULT NULL,
  `user_order` double unsigned DEFAULT NULL,
  PRIMARY KEY (`id`),
  UNIQUE KEY `admin_users_roles_links_unique` (`user_id`,`role_id`),
  KEY `admin_users_roles_links_fk` (`user_id`),
  KEY `admin_users_roles_links_inv_fk` (`role_id`),
  KEY `admin_users_roles_links_order_fk` (`role_order`),
  KEY `admin_users_roles_links_order_inv_fk` (`user_order`),
  CONSTRAINT `admin_users_roles_links_fk` FOREIGN KEY (`user_id`) REFERENCES `admin_users` (`id`) ON DELETE CASCADE,
  CONSTRAINT `admin_users_roles_links_inv_fk` FOREIGN KEY (`role_id`) REFERENCES `admin_roles` (`id`) ON DELETE CASCADE
) ENGINE=InnoDB AUTO_INCREMENT=2 DEFAULT CHARSET=utf8mb4 COLLATE=utf8mb4_0900_ai_ci;
/*!40101 SET character_set_client = @saved_cs_client */;

--
-- Dumping data for table `admin_users_roles_links`
--

LOCK TABLES `admin_users_roles_links` WRITE;
/*!40000 ALTER TABLE `admin_users_roles_links` DISABLE KEYS */;
INSERT INTO `admin_users_roles_links` VALUES (1,1,1,1,1);
/*!40000 ALTER TABLE `admin_users_roles_links` ENABLE KEYS */;
UNLOCK TABLES;

--
-- Table structure for table `complaints`
--

DROP TABLE IF EXISTS `complaints`;
/*!40101 SET @saved_cs_client     = @@character_set_client */;
/*!50503 SET character_set_client = utf8mb4 */;
CREATE TABLE `complaints` (
  `id` int unsigned NOT NULL AUTO_INCREMENT,
  `name` varchar(255) DEFAULT NULL,
  `message` longtext,
  `created_at` datetime(6) DEFAULT NULL,
  `updated_at` datetime(6) DEFAULT NULL,
  `published_at` datetime(6) DEFAULT NULL,
  `created_by_id` int unsigned DEFAULT NULL,
  `updated_by_id` int unsigned DEFAULT NULL,
  `complaints` varchar(255) DEFAULT NULL,
  `email` varchar(255) DEFAULT NULL,
  `number` varchar(255) DEFAULT NULL,
  PRIMARY KEY (`id`),
  KEY `complaints_created_by_id_fk` (`created_by_id`),
  KEY `complaints_updated_by_id_fk` (`updated_by_id`),
  CONSTRAINT `complaints_created_by_id_fk` FOREIGN KEY (`created_by_id`) REFERENCES `admin_users` (`id`) ON DELETE SET NULL,
  CONSTRAINT `complaints_updated_by_id_fk` FOREIGN KEY (`updated_by_id`) REFERENCES `admin_users` (`id`) ON DELETE SET NULL
) ENGINE=InnoDB AUTO_INCREMENT=2 DEFAULT CHARSET=utf8mb4 COLLATE=utf8mb4_0900_ai_ci;
/*!40101 SET character_set_client = @saved_cs_client */;

--
-- Dumping data for table `complaints`
--

LOCK TABLES `complaints` WRITE;
/*!40000 ALTER TABLE `complaints` DISABLE KEYS */;
INSERT INTO `complaints` VALUES (1,'gsdf','dfg','2024-03-07 21:02:04.437000','2024-03-07 21:02:04.437000','2024-03-07 21:02:04.435000',NULL,NULL,'dsfg','sdfg@gmail.com','dfg');
/*!40000 ALTER TABLE `complaints` ENABLE KEYS */;
UNLOCK TABLES;

--
-- Table structure for table `events`
--

DROP TABLE IF EXISTS `events`;
/*!40101 SET @saved_cs_client     = @@character_set_client */;
/*!50503 SET character_set_client = utf8mb4 */;
CREATE TABLE `events` (
  `id` int unsigned NOT NULL AUTO_INCREMENT,
  `event` varchar(255) DEFAULT NULL,
  `created_at` datetime(6) DEFAULT NULL,
  `updated_at` datetime(6) DEFAULT NULL,
  `published_at` datetime(6) DEFAULT NULL,
  `created_by_id` int unsigned DEFAULT NULL,
  `updated_by_id` int unsigned DEFAULT NULL,
  `event_a` varchar(255) DEFAULT NULL,
  `desc` longtext,
  `desc_a` longtext,
  `start_date_time` datetime(6) DEFAULT NULL,
  `start_date_time_a` datetime(6) DEFAULT NULL,
  `end_date_time` datetime(6) DEFAULT NULL,
  `end_date_time_a` datetime(6) DEFAULT NULL,
  `venue` varchar(255) DEFAULT NULL,
  `venue_a` varchar(255) DEFAULT NULL,
  `map` varchar(255) DEFAULT NULL,
  PRIMARY KEY (`id`),
  KEY `events_created_by_id_fk` (`created_by_id`),
  KEY `events_updated_by_id_fk` (`updated_by_id`),
  CONSTRAINT `events_created_by_id_fk` FOREIGN KEY (`created_by_id`) REFERENCES `admin_users` (`id`) ON DELETE SET NULL,
  CONSTRAINT `events_updated_by_id_fk` FOREIGN KEY (`updated_by_id`) REFERENCES `admin_users` (`id`) ON DELETE SET NULL
) ENGINE=InnoDB DEFAULT CHARSET=utf8mb4 COLLATE=utf8mb4_0900_ai_ci;
/*!40101 SET character_set_client = @saved_cs_client */;

--
-- Dumping data for table `events`
--

LOCK TABLES `events` WRITE;
/*!40000 ALTER TABLE `events` DISABLE KEYS */;
/*!40000 ALTER TABLE `events` ENABLE KEYS */;
UNLOCK TABLES;

--
-- Table structure for table `feedbacks`
--

DROP TABLE IF EXISTS `feedbacks`;
/*!40101 SET @saved_cs_client     = @@character_set_client */;
/*!50503 SET character_set_client = utf8mb4 */;
CREATE TABLE `feedbacks` (
  `id` int unsigned NOT NULL AUTO_INCREMENT,
  `name` varchar(255) DEFAULT NULL,
  `email` varchar(255) DEFAULT NULL,
  `number` varchar(255) DEFAULT NULL,
  `created_at` datetime(6) DEFAULT NULL,
  `updated_at` datetime(6) DEFAULT NULL,
  `published_at` datetime(6) DEFAULT NULL,
  `created_by_id` int unsigned DEFAULT NULL,
  `updated_by_id` int unsigned DEFAULT NULL,
  `feedback` varchar(255) DEFAULT NULL,
  `message` longtext,
  PRIMARY KEY (`id`),
  KEY `feedbacks_created_by_id_fk` (`created_by_id`),
  KEY `feedbacks_updated_by_id_fk` (`updated_by_id`),
  CONSTRAINT `feedbacks_created_by_id_fk` FOREIGN KEY (`created_by_id`) REFERENCES `admin_users` (`id`) ON DELETE SET NULL,
  CONSTRAINT `feedbacks_updated_by_id_fk` FOREIGN KEY (`updated_by_id`) REFERENCES `admin_users` (`id`) ON DELETE SET NULL
) ENGINE=InnoDB AUTO_INCREMENT=16 DEFAULT CHARSET=utf8mb4 COLLATE=utf8mb4_0900_ai_ci;
/*!40101 SET character_set_client = @saved_cs_client */;

--
-- Dumping data for table `feedbacks`
--

LOCK TABLES `feedbacks` WRITE;
/*!40000 ALTER TABLE `feedbacks` DISABLE KEYS */;
INSERT INTO `feedbacks` VALUES (14,'dsfgsd','v@gmail.com','34535','2024-03-09 10:52:51.835000','2024-03-09 10:52:51.835000','2024-03-09 10:52:51.832000',NULL,NULL,'fdsg','dsgsd'),(15,'Vignesh','vigneshpamu2002@gmail.com','979878989','2024-03-09 12:17:17.130000','2024-03-09 12:17:17.130000','2024-03-09 12:17:17.128000',NULL,NULL,'Hi','Message');
/*!40000 ALTER TABLE `feedbacks` ENABLE KEYS */;
UNLOCK TABLES;

--
-- Table structure for table `files`
--

DROP TABLE IF EXISTS `files`;
/*!40101 SET @saved_cs_client     = @@character_set_client */;
/*!50503 SET character_set_client = utf8mb4 */;
CREATE TABLE `files` (
  `id` int unsigned NOT NULL AUTO_INCREMENT,
  `name` varchar(255) DEFAULT NULL,
  `alternative_text` varchar(255) DEFAULT NULL,
  `caption` varchar(255) DEFAULT NULL,
  `width` int DEFAULT NULL,
  `height` int DEFAULT NULL,
  `formats` json DEFAULT NULL,
  `hash` varchar(255) DEFAULT NULL,
  `ext` varchar(255) DEFAULT NULL,
  `mime` varchar(255) DEFAULT NULL,
  `size` decimal(10,2) DEFAULT NULL,
  `url` varchar(255) DEFAULT NULL,
  `preview_url` varchar(255) DEFAULT NULL,
  `provider` varchar(255) DEFAULT NULL,
  `provider_metadata` json DEFAULT NULL,
  `folder_path` varchar(255) DEFAULT NULL,
  `created_at` datetime(6) DEFAULT NULL,
  `updated_at` datetime(6) DEFAULT NULL,
  `created_by_id` int unsigned DEFAULT NULL,
  `updated_by_id` int unsigned DEFAULT NULL,
  PRIMARY KEY (`id`),
  KEY `upload_files_folder_path_index` (`folder_path`),
  KEY `upload_files_created_at_index` (`created_at`),
  KEY `upload_files_updated_at_index` (`updated_at`),
  KEY `upload_files_name_index` (`name`),
  KEY `upload_files_size_index` (`size`),
  KEY `upload_files_ext_index` (`ext`),
  KEY `files_created_by_id_fk` (`created_by_id`),
  KEY `files_updated_by_id_fk` (`updated_by_id`),
  CONSTRAINT `files_created_by_id_fk` FOREIGN KEY (`created_by_id`) REFERENCES `admin_users` (`id`) ON DELETE SET NULL,
  CONSTRAINT `files_updated_by_id_fk` FOREIGN KEY (`updated_by_id`) REFERENCES `admin_users` (`id`) ON DELETE SET NULL
) ENGINE=InnoDB AUTO_INCREMENT=4 DEFAULT CHARSET=utf8mb4 COLLATE=utf8mb4_0900_ai_ci;
/*!40101 SET character_set_client = @saved_cs_client */;

--
-- Dumping data for table `files`
--

LOCK TABLES `files` WRITE;
/*!40000 ALTER TABLE `files` DISABLE KEYS */;
INSERT INTO `files` VALUES (1,'3.jpg',NULL,NULL,1300,730,'{\"large\": {\"ext\": \".jpg\", \"url\": \"/uploads/large_3_9d933ac3e6.jpg\", \"hash\": \"large_3_9d933ac3e6\", \"mime\": \"image/jpeg\", \"name\": \"large_3.jpg\", \"path\": null, \"size\": 109.84, \"width\": 1000, \"height\": 562}, \"small\": {\"ext\": \".jpg\", \"url\": \"/uploads/small_3_9d933ac3e6.jpg\", \"hash\": \"small_3_9d933ac3e6\", \"mime\": \"image/jpeg\", \"name\": \"small_3.jpg\", \"path\": null, \"size\": 36.25, \"width\": 500, \"height\": 281}, \"medium\": {\"ext\": \".jpg\", \"url\": \"/uploads/medium_3_9d933ac3e6.jpg\", \"hash\": \"medium_3_9d933ac3e6\", \"mime\": \"image/jpeg\", \"name\": \"medium_3.jpg\", \"path\": null, \"size\": 69.34, \"width\": 750, \"height\": 421}, \"thumbnail\": {\"ext\": \".jpg\", \"url\": \"/uploads/thumbnail_3_9d933ac3e6.jpg\", \"hash\": \"thumbnail_3_9d933ac3e6\", \"mime\": \"image/jpeg\", \"name\": \"thumbnail_3.jpg\", \"path\": null, \"size\": 10.64, \"width\": 245, \"height\": 137}}','3_9d933ac3e6','.jpg','image/jpeg',170.46,'/uploads/3_9d933ac3e6.jpg',NULL,'local',NULL,'/1','2024-03-09 14:46:17.118000','2024-03-09 14:46:17.118000',1,1),(2,'1.jpg',NULL,NULL,1280,720,'{\"large\": {\"ext\": \".jpg\", \"url\": \"/uploads/large_1_427cd798c2.jpg\", \"hash\": \"large_1_427cd798c2\", \"mime\": \"image/jpeg\", \"name\": \"large_1.jpg\", \"path\": null, \"size\": 54.44, \"width\": 1000, \"height\": 563}, \"small\": {\"ext\": \".jpg\", \"url\": \"/uploads/small_1_427cd798c2.jpg\", \"hash\": \"small_1_427cd798c2\", \"mime\": \"image/jpeg\", \"name\": \"small_1.jpg\", \"path\": null, \"size\": 18.86, \"width\": 500, \"height\": 281}, \"medium\": {\"ext\": \".jpg\", \"url\": \"/uploads/medium_1_427cd798c2.jpg\", \"hash\": \"medium_1_427cd798c2\", \"mime\": \"image/jpeg\", \"name\": \"medium_1.jpg\", \"path\": null, \"size\": 34.56, \"width\": 750, \"height\": 422}, \"thumbnail\": {\"ext\": \".jpg\", \"url\": \"/uploads/thumbnail_1_427cd798c2.jpg\", \"hash\": \"thumbnail_1_427cd798c2\", \"mime\": \"image/jpeg\", \"name\": \"thumbnail_1.jpg\", \"path\": null, \"size\": 6.64, \"width\": 245, \"height\": 138}}','1_427cd798c2','.jpg','image/jpeg',75.66,'/uploads/1_427cd798c2.jpg',NULL,'local',NULL,'/1','2024-03-09 14:51:42.294000','2024-03-09 14:51:42.294000',1,1),(3,'2.jpg',NULL,NULL,1280,719,'{\"large\": {\"ext\": \".jpg\", \"url\": \"/uploads/large_2_593e76daf4.jpg\", \"hash\": \"large_2_593e76daf4\", \"mime\": \"image/jpeg\", \"name\": \"large_2.jpg\", \"path\": null, \"size\": 89.92, \"width\": 1000, \"height\": 562}, \"small\": {\"ext\": \".jpg\", \"url\": \"/uploads/small_2_593e76daf4.jpg\", \"hash\": \"small_2_593e76daf4\", \"mime\": \"image/jpeg\", \"name\": \"small_2.jpg\", \"path\": null, \"size\": 29.73, \"width\": 500, \"height\": 281}, \"medium\": {\"ext\": \".jpg\", \"url\": \"/uploads/medium_2_593e76daf4.jpg\", \"hash\": \"medium_2_593e76daf4\", \"mime\": \"image/jpeg\", \"name\": \"medium_2.jpg\", \"path\": null, \"size\": 56.98, \"width\": 750, \"height\": 421}, \"thumbnail\": {\"ext\": \".jpg\", \"url\": \"/uploads/thumbnail_2_593e76daf4.jpg\", \"hash\": \"thumbnail_2_593e76daf4\", \"mime\": \"image/jpeg\", \"name\": \"thumbnail_2.jpg\", \"path\": null, \"size\": 9.11, \"width\": 245, \"height\": 137}}','2_593e76daf4','.jpg','image/jpeg',128.65,'/uploads/2_593e76daf4.jpg',NULL,'local',NULL,'/1','2024-03-09 14:54:59.463000','2024-03-09 14:54:59.463000',1,1);
/*!40000 ALTER TABLE `files` ENABLE KEYS */;
UNLOCK TABLES;

--
-- Table structure for table `files_folder_links`
--

DROP TABLE IF EXISTS `files_folder_links`;
/*!40101 SET @saved_cs_client     = @@character_set_client */;
/*!50503 SET character_set_client = utf8mb4 */;
CREATE TABLE `files_folder_links` (
  `id` int unsigned NOT NULL AUTO_INCREMENT,
  `file_id` int unsigned DEFAULT NULL,
  `folder_id` int unsigned DEFAULT NULL,
  `file_order` double unsigned DEFAULT NULL,
  PRIMARY KEY (`id`),
  UNIQUE KEY `files_folder_links_unique` (`file_id`,`folder_id`),
  KEY `files_folder_links_fk` (`file_id`),
  KEY `files_folder_links_inv_fk` (`folder_id`),
  KEY `files_folder_links_order_inv_fk` (`file_order`),
  CONSTRAINT `files_folder_links_fk` FOREIGN KEY (`file_id`) REFERENCES `files` (`id`) ON DELETE CASCADE,
  CONSTRAINT `files_folder_links_inv_fk` FOREIGN KEY (`folder_id`) REFERENCES `upload_folders` (`id`) ON DELETE CASCADE
) ENGINE=InnoDB AUTO_INCREMENT=4 DEFAULT CHARSET=utf8mb4 COLLATE=utf8mb4_0900_ai_ci;
/*!40101 SET character_set_client = @saved_cs_client */;

--
-- Dumping data for table `files_folder_links`
--

LOCK TABLES `files_folder_links` WRITE;
/*!40000 ALTER TABLE `files_folder_links` DISABLE KEYS */;
INSERT INTO `files_folder_links` VALUES (1,1,1,1),(2,2,1,2),(3,3,1,3);
/*!40000 ALTER TABLE `files_folder_links` ENABLE KEYS */;
UNLOCK TABLES;

--
-- Table structure for table `files_related_morphs`
--

DROP TABLE IF EXISTS `files_related_morphs`;
/*!40101 SET @saved_cs_client     = @@character_set_client */;
/*!50503 SET character_set_client = utf8mb4 */;
CREATE TABLE `files_related_morphs` (
  `id` int unsigned NOT NULL AUTO_INCREMENT,
  `file_id` int unsigned DEFAULT NULL,
  `related_id` int unsigned DEFAULT NULL,
  `related_type` varchar(255) DEFAULT NULL,
  `field` varchar(255) DEFAULT NULL,
  `order` double unsigned DEFAULT NULL,
  PRIMARY KEY (`id`),
  KEY `files_related_morphs_fk` (`file_id`),
  KEY `files_related_morphs_order_index` (`order`),
  KEY `files_related_morphs_id_column_index` (`related_id`),
  CONSTRAINT `files_related_morphs_fk` FOREIGN KEY (`file_id`) REFERENCES `files` (`id`) ON DELETE CASCADE
) ENGINE=InnoDB AUTO_INCREMENT=4 DEFAULT CHARSET=utf8mb4 COLLATE=utf8mb4_0900_ai_ci;
/*!40101 SET character_set_client = @saved_cs_client */;

--
-- Dumping data for table `files_related_morphs`
--

LOCK TABLES `files_related_morphs` WRITE;
/*!40000 ALTER TABLE `files_related_morphs` DISABLE KEYS */;
INSERT INTO `files_related_morphs` VALUES (1,1,1,'api::new.new','HeroImg',1),(2,2,2,'api::new.new','HeroImg',1),(3,3,3,'api::new.new','HeroImg',1);
/*!40000 ALTER TABLE `files_related_morphs` ENABLE KEYS */;
UNLOCK TABLES;

--
-- Table structure for table `happy_meters`
--

DROP TABLE IF EXISTS `happy_meters`;
/*!40101 SET @saved_cs_client     = @@character_set_client */;
/*!50503 SET character_set_client = utf8mb4 */;
CREATE TABLE `happy_meters` (
  `id` int unsigned NOT NULL AUTO_INCREMENT,
  `type` varchar(255) DEFAULT NULL,
  `message` longtext,
  `created_at` datetime(6) DEFAULT NULL,
  `updated_at` datetime(6) DEFAULT NULL,
  `published_at` datetime(6) DEFAULT NULL,
  `created_by_id` int unsigned DEFAULT NULL,
  `updated_by_id` int unsigned DEFAULT NULL,
  PRIMARY KEY (`id`),
  KEY `happy_meters_created_by_id_fk` (`created_by_id`),
  KEY `happy_meters_updated_by_id_fk` (`updated_by_id`),
  CONSTRAINT `happy_meters_created_by_id_fk` FOREIGN KEY (`created_by_id`) REFERENCES `admin_users` (`id`) ON DELETE SET NULL,
  CONSTRAINT `happy_meters_updated_by_id_fk` FOREIGN KEY (`updated_by_id`) REFERENCES `admin_users` (`id`) ON DELETE SET NULL
) ENGINE=InnoDB AUTO_INCREMENT=4 DEFAULT CHARSET=utf8mb4 COLLATE=utf8mb4_0900_ai_ci;
/*!40101 SET character_set_client = @saved_cs_client */;

--
-- Dumping data for table `happy_meters`
--

LOCK TABLES `happy_meters` WRITE;
/*!40000 ALTER TABLE `happy_meters` DISABLE KEYS */;
INSERT INTO `happy_meters` VALUES (1,'Happy','','2024-03-09 11:04:12.671000','2024-03-09 11:04:12.671000','2024-03-09 11:04:12.669000',NULL,NULL),(2,'Happy','fhjg','2024-03-09 11:04:48.555000','2024-03-09 11:04:48.555000','2024-03-09 11:04:48.554000',NULL,NULL),(3,'Happy','Nice','2024-03-09 13:10:22.169000','2024-03-09 13:10:22.169000','2024-03-09 13:10:22.168000',NULL,NULL);
/*!40000 ALTER TABLE `happy_meters` ENABLE KEYS */;
UNLOCK TABLES;

--
-- Table structure for table `i18n_locale`
--

DROP TABLE IF EXISTS `i18n_locale`;
/*!40101 SET @saved_cs_client     = @@character_set_client */;
/*!50503 SET character_set_client = utf8mb4 */;
CREATE TABLE `i18n_locale` (
  `id` int unsigned NOT NULL AUTO_INCREMENT,
  `name` varchar(255) DEFAULT NULL,
  `code` varchar(255) DEFAULT NULL,
  `created_at` datetime(6) DEFAULT NULL,
  `updated_at` datetime(6) DEFAULT NULL,
  `created_by_id` int unsigned DEFAULT NULL,
  `updated_by_id` int unsigned DEFAULT NULL,
  PRIMARY KEY (`id`),
  KEY `i18n_locale_created_by_id_fk` (`created_by_id`),
  KEY `i18n_locale_updated_by_id_fk` (`updated_by_id`),
  CONSTRAINT `i18n_locale_created_by_id_fk` FOREIGN KEY (`created_by_id`) REFERENCES `admin_users` (`id`) ON DELETE SET NULL,
  CONSTRAINT `i18n_locale_updated_by_id_fk` FOREIGN KEY (`updated_by_id`) REFERENCES `admin_users` (`id`) ON DELETE SET NULL
) ENGINE=InnoDB AUTO_INCREMENT=2 DEFAULT CHARSET=utf8mb4 COLLATE=utf8mb4_0900_ai_ci;
/*!40101 SET character_set_client = @saved_cs_client */;

--
-- Dumping data for table `i18n_locale`
--

LOCK TABLES `i18n_locale` WRITE;
/*!40000 ALTER TABLE `i18n_locale` DISABLE KEYS */;
INSERT INTO `i18n_locale` VALUES (1,'English (en)','en','2024-03-05 10:53:27.945000','2024-03-05 10:53:27.945000',NULL,NULL);
/*!40000 ALTER TABLE `i18n_locale` ENABLE KEYS */;
UNLOCK TABLES;

--
-- Table structure for table `municipalities`
--

DROP TABLE IF EXISTS `municipalities`;
/*!40101 SET @saved_cs_client     = @@character_set_client */;
/*!50503 SET character_set_client = utf8mb4 */;
CREATE TABLE `municipalities` (
  `id` int unsigned NOT NULL AUTO_INCREMENT,
  `demo` json DEFAULT NULL,
  `created_at` datetime(6) DEFAULT NULL,
  `updated_at` datetime(6) DEFAULT NULL,
  `published_at` datetime(6) DEFAULT NULL,
  `created_by_id` int unsigned DEFAULT NULL,
  `updated_by_id` int unsigned DEFAULT NULL,
  PRIMARY KEY (`id`),
  KEY `municipalities_created_by_id_fk` (`created_by_id`),
  KEY `municipalities_updated_by_id_fk` (`updated_by_id`),
  CONSTRAINT `municipalities_created_by_id_fk` FOREIGN KEY (`created_by_id`) REFERENCES `admin_users` (`id`) ON DELETE SET NULL,
  CONSTRAINT `municipalities_updated_by_id_fk` FOREIGN KEY (`updated_by_id`) REFERENCES `admin_users` (`id`) ON DELETE SET NULL
) ENGINE=InnoDB DEFAULT CHARSET=utf8mb4 COLLATE=utf8mb4_0900_ai_ci;
/*!40101 SET character_set_client = @saved_cs_client */;

--
-- Dumping data for table `municipalities`
--

LOCK TABLES `municipalities` WRITE;
/*!40000 ALTER TABLE `municipalities` DISABLE KEYS */;
/*!40000 ALTER TABLE `municipalities` ENABLE KEYS */;
UNLOCK TABLES;

--
-- Table structure for table `news`
--

DROP TABLE IF EXISTS `news`;
/*!40101 SET @saved_cs_client     = @@character_set_client */;
/*!50503 SET character_set_client = utf8mb4 */;
CREATE TABLE `news` (
  `id` int unsigned NOT NULL AUTO_INCREMENT,
  `title` varchar(255) DEFAULT NULL,
  `title_a` varchar(255) DEFAULT NULL,
  `content` longtext,
  `content_a` longtext,
  `date` date DEFAULT NULL,
  `created_at` datetime(6) DEFAULT NULL,
  `updated_at` datetime(6) DEFAULT NULL,
  `published_at` datetime(6) DEFAULT NULL,
  `created_by_id` int unsigned DEFAULT NULL,
  `updated_by_id` int unsigned DEFAULT NULL,
  `author` varchar(255) DEFAULT NULL,
  `author_a` varchar(255) DEFAULT NULL,
  `desc` longtext,
  `desc_a` longtext,
  PRIMARY KEY (`id`),
  KEY `news_created_by_id_fk` (`created_by_id`),
  KEY `news_updated_by_id_fk` (`updated_by_id`),
  CONSTRAINT `news_created_by_id_fk` FOREIGN KEY (`created_by_id`) REFERENCES `admin_users` (`id`) ON DELETE SET NULL,
  CONSTRAINT `news_updated_by_id_fk` FOREIGN KEY (`updated_by_id`) REFERENCES `admin_users` (`id`) ON DELETE SET NULL
) ENGINE=InnoDB AUTO_INCREMENT=4 DEFAULT CHARSET=utf8mb4 COLLATE=utf8mb4_0900_ai_ci;
/*!40101 SET character_set_client = @saved_cs_client */;

--
-- Dumping data for table `news`
--

LOCK TABLES `news` WRITE;
/*!40000 ALTER TABLE `news` DISABLE KEYS */;
INSERT INTO `news` VALUES (1,'The Seventh Sharjah Municipal Forum draws a road map towards a more sustainable future for municipal work in the Emirate of Sharjah','ملتقى الشارقة البلدي السابع يرسم خارطة الطريق نحو مستقبل أكثر إستدامة للعمل البلدي في إمارة الشارقة','Under the generous patronage of His Highness Sheikh Sultan bin Mohammed bin Sultan Al Qasimi, Crown Prince, Deputy Ruler of Sharjah and Chairman of the Executive Council, the Department of Municipal Affairs, in cooperation with the Sharjah City Municipality, concluded yesterday (Thursday) the activities of the seventh edition of the Seventh Sharjah Municipal Forum under the slogan “Sharjah Thrives with Sustainability,” which It was held at the Sharjah Research, Technology and Innovation Park over two days full of fruitful discussions and events, amid a large public presence and diverse participation from the municipalities of the Emirate of Sharjah and various government and private agencies in the country, thus achieving a pioneering model to be emulated in applying sustainable development standards in the areas of municipal work and raising the efficiency of the quality of life. The gem in the Emirate of Sharjah. In its seventh edition, the Sharjah Municipal Forum shed light on the efforts of municipalities and municipal councils in the field of municipal work and sustainable development. The forum formed an important platform to encourage and motivate municipalities to move forward in achieving the country’s aspirations towards promoting sustainable development. It also reviewed the most prominent smart achievements of municipalities that contributed By raising the quality of decent living for citizens and residents of the Emirate of Sharjah. The objectives of the forum included reviewing the best strategic practices in the field of sustainable development in the Emirate of Sharjah and the UAE, in addition to enhancing community awareness of the importance of sustainability by involving students and the external public from the municipalities of cities and regions of the Emirate of Sharjah in interactive workshops aimed at enriching knowledge and contributing to the exchange of experiences. \n      His Excellency Dr. Sulaiman bin Sarhan Al Zaabi, Head of the Department of Municipal Affairs, confirmed that the forum comes in line with the visions and interest of His Highness Sheikh Dr. Sultan bin Muhammad Al Qasimi, Member of the Supreme Council and Ruler of Sharjah - may God protect him - and the aspirations of His Highness Sheikh Sultan bin Muhammad bin Sultan Al Qasimi, Crown Prince and Deputy Ruler. Sharjah Executive Council Chairman - may God protect him - aims to preserve the environment and achieve a more sustainable future for the emirate, as His Excellency states that the municipal councils and municipalities of the Emirate of Sharjah seek to implement best practices and achieve the highest standards of municipal work, provided that they are of a qualitative leap and supportive of international standards and sustainable development efforts. His Excellency pointed out that the Municipal Forum is an important event for exchanging ideas between various parties concerned with municipal work and sustainable development, and it also contributes effectively to raising the efficiency of municipal work and achieving joint cooperation and coordination between the municipalities of the Emirate of Sharjah and parties of common interest, which enhances the efficiency of municipal work in The Emirate of Sharjah and draws a road map for achieving the highest international standards. While His Excellency Sheikh Engineer Mohammed bin Abdullah Al Qasimi, Director of the Department of Municipal Affairs, indicated that the forum comes within the framework of the department’s keenness and interest to develop joint municipal work, and to enhance coordination and joint cooperation between the various municipal councils and municipalities of the Emirate of Sharjah, as the forum is a fruitful opportunity to exchange ideas and experiences, Uniting efforts towards municipal work contributes effectively to enhancing the comprehensive development witnessed by the Emirate of Sharjah.\n      His Excellency stated: The forum represents an important step towards achieving a sustainable future for our municipal work, which contributes to raising the quality of decent life for the citizens and residents of the Emirate of Sharjah. Many challenges related to municipal work and the most important effective solutions to them were discussed, and best practices in the field of work and sustainable development were also discussed. And accordingly, the forum came out with effective recommendations that will contribute to enhancing the achievement of future aspirations and goals for municipal work in the Emirate of Sharjah. The forum concluded by honoring the collaborators and lecturers, in addition to honoring the strategic partner of the forum, the Municipality of Sharjah City, and the sponsors (Sharjah Chamber of Commerce and Industry, Sharjah Expo Center, Shurooq, Al Mashreq Irrigation Services), in appreciation of their distinguished efforts in making the forum a success and achieving its goals, as the forum this year witnessed a remarkable development. Compared to previous years, thanks to the efforts of all participating parties, which in turn contributed to the success of the forum even more, as this success confirms the importance of the forum as a fruitful platform for exchanging ideas and experiences and promoting unified efforts towards achieving a bright future for municipal work in the Emirate of Sharjah.','تحت رعاية كريمة من سمو الشيخ سلطان بن محمد بن سلطان القاسمي ولي العهد نائب حاكم الشارقة رئيس المجلس التنفيذي، اختتمت دائرة شؤون البلديات بالتعاون مع بلديه مدينة الشارقة أمس (الخميس) فعاليات النسخة السابعة من ملتقى الشارقة البلدي السابع تحت شعار \"الشارقة تزدهر بالاستدامة\" والتي أقيمت في مجمع الشارقة للبحوث والتكنولوجيا والابتكار خلال يومين حافلين بالمناقشات والفعاليات المثمرة، وسط حضور جماهيري كبير ومشاركات متنوعة من بلديات إمارة الشارقة ومختلف الجهات الحكومية والخاصة في الدولة، محققين بذلك نموذجاً ريادي يحتذي به في تطبيق معايير التنمية المستدامة في مجالات العمل البلدي ورفع كفاءة جودة الحياة الكريمة في إمارة الشارقة.\nسلط  ملتقى الشارقة البلدي في نسخته السابعة الضوء على جهود البلديات والمجالس البلدية في مجال العمل البلدي والتنمية المستدامة، حيث شكل الملتقى منصة مهمة لتشجيع وتحفيز البلديات على المضي قدماً في تحقيق تطلعات الدولة نحو تعزيز التنمية المستدامة، كما استعرض ابرز الانجازات الذكية الخاصة بالبلديات و التي ساهمت برفع  جودة العيش الكريم لدى مواطني ومقيمي إمارة الشارقة.\nحيث تضمنت أهداف الملتقى الاطلاع على أفضل الممارسات الاستراتيجية في مجال التنمية المستدامة في إمارة الشارقة ودولة الإمارات، إضافتا إلى تعزيز الوعي المجتمعي بأهمية الاستدامة وذلك بإشراك الطلبة والجمهور الخارجي من بلديات مدن ومناطق إمارة الشارقة في ورش عمل تفاعلية تهدف إلى إثراء المعرفة وتساهم في تبادل الخبرات.\nكما حرصت دائرة شؤون البلديات من خلال تنظيم الملتقى إلى تعزيز جوانب الاستدامة، ومناقشة موضوعات الاستدامة في جلستين حواريتين الأولى بعنوان التنمية المستدامة والثانية بعنوان النسيج الحضري والعمراني، بالإضافة إلى معرض يستعرض ابرز مشاريع البلديات الذكية.\nأكد سعادة الدكتور سليمان بن سرحان الزعابي رئيس دائرة شؤون البلديات أن الملتقى يأتي تماشيا مع رؤى واهتمام صاحب السمو الشيخ الدكتور سلطان بن محمد القاسمي، عضو المجلس الأعلى حاكم الشارقة، -حفظه الله- وتطلعات سمو الشيخ سلطان بن محمد بن سلطان القاسمي ولي العهد نائب حاكم الشارقة رئيس المجلس التنفيذي -حفظه الله- الرامية إلى الحفاظ على البيئة وتحقيق مستقبل أكثر استدامة للإمارة، حيث يفيد سعادته بأن المجالس البلدية وبلديات إمارة الشارقة تسعى لتنفيذ أفضل الممارسات وتحقيق أعلى معايير العمل البلدي على أن تكون ذات نقلة نوعية وداعمة للمعايير العالمية وجهود التنمية المستدامة.\nولفت سعادته إلى أن الملتقى البلدي يعد حدثا هاما لتبادل الأفكار بين مختلف الجهات المعنية بالعمل البلدي والتنمية المستدامة، كما أنه يساهم بشكل فعال في رفع كفاءة العمل البلدي وتحقيق التعاون والتنسيق المشترك بين بلديات إمارة الشارقة والجهات ذات الاهتمام المشترك، مما يعزز برفع كفاءة العمل البلدي في إمارة الشارقة ويرسم لها خارطة الطريق لتحقيق أعلى المعايير العالمية.\nفي حين اشارسعادة الشيخ المهندس محمد بن عبد الله القاسمي مدير دائرة شؤون البلديات أن الملتقى يأتي في إطار حرص واهتمام الدائرة على تنمية العمل البلدي المشترك وتطويره، وتعزيز التنسيق والتعاون المشترك بين مختلف المجالس البلدية وبلديات إمارة الشارقة، حيث يعد الملتقى فرصة مثمرة لتبادل الأفكار والخبرات، وتوحيد الجهود نحو عمل بلدي يساهم بشكل فعال في تعزيز التنمية الشاملة التي تشهدها إمارة الشارقة.\nويفيد سعادته: بأن الملتقى يمثل خطوة مهمة نحو تحقيق مستقبل مستدام لعملنا البلدي بما يساهم برفع جودة الحياة الكريمة لمواطني ومقيمي إمارة الشارقة، حيث تم مناقشة العديد من التحديات الخاصة بالعمل البلدي واهم الحلول الفعالة لها، كذلك تم التباحث حول أفضل الممارسات في مجال العمل والتنمية المستدامة وتطبيقها، وعليه فقد  تم الخروج من الملتقى بتوصيات فعالة ستساهم في تعزيز تحقيق التطلعات والأهداف المستقبلية للعمل البلدي في إمارة الشارقة.\nواختتم الملتقى بتكريم المتعاونين والمحاضرين بالإضافة إلى تكريم الشريك الإستراتيجي للملتقى  بلدية مدينة الشارقة والرعاة  ( غرفة تجارة و صناعة الشارقة ، مركز أكسبو الشارقة ، شروق  ، المشرق لخدمات الري ) ، وذلك تقديرا لجهودهم المميزة في إنجاح الملتقى وتحقيق أهدافه، حيث شهد الملتقى هذا العام تطورا ملحوظا مقارنة بالأعوام السابقة بفضل جهود جميع الجهات المشاركة، والتي أسهمت بدورها في إنجاح الملتقى بشكل أكثر، حيث يؤكد هذا النجاح على أهمية الملتقى كمنصة مثمرة لتبادل الأفكار والخبرات وتعزيز توحيد الجهود نحو تحقيق مستقبل مشرق للعمل البلدي في إمارة الشارقة.','2024-02-23','2024-03-09 14:48:10.661000','2024-03-09 14:48:13.122000','2024-03-09 16:32:38.594000',1,1,'Admin','مسؤل','Under the generous patronage of His Highness Sheikh Sultan bin Mohammed bin Sultan Al Qasimi, Crown Prince, Deputy Ruler of Sharjah and Chairman of the Executive Council, the Department of Municipal Affairs, in cooperation with the Sharjah City','تحت رعاية كريمة من سمو الشيخ سلطان بن محمد بن سلطان القاسمي ولي العهد نائب حاكم الشارقة رئيس المجلس التنفيذي دائرة الشؤون البلدية بالتعاون مع مدينة الشارقة'),(2,'The Department of Municipal Affairs organizes the sixth municipal forum for heads of municipal councils and directors of municipalities in the Emirate of Sharjah','دائرة الشؤون البلدية تنظم الملتقى البلدي السادس لرؤساء المجالس البلدية ومديري البلديات في إمارة الشارقة','The Department of Municipal Affairs, headed by His Excellency Dr. Sulaiman bin Rashan Al-Zaab, organized the event\nThe municipality, i.e. the head of the department responsible for the sixth series of heads of municipal councils and municipal directors\n Sharjah Safari in Al Dhaid, with the aim of enhancing constructive cooperation in the cities and regions of the emirate\nAnd develop your family, in order to ensure strong coordination and unify efforts to enhance ways\nTo advance business in the emirate and provide all services in accordance with the highest municipal standards\nGlobalism. His Excellency Dr. Sulaiman bin Sarhan Al Zaabi pointed out the need to develop ways to improve the municipal work system and provide the best standards in providing municipal services in a smooth and comfortable manner to customers, contributing to and enhancing the rapid renaissance witnessed by the emirate under the directives of His Highness Sheikh Dr. Sultan bin Muhammad Al Qasimi, Member of the Supreme Council and Ruler of Sharjah. And the follow-up of His Highness Sheikh Sultan bin Mohammed bin Sultan Al Qasimi, Crown Prince and Deputy Ruler of Sharjah, Chairman of the Executive Council of the Emirate of Sharjah. His Excellency explained that the forum reviewed the most important achievements of the department and municipalities, and opinions and proposals were exchanged regarding development and future projects that support the process of success and the crystallization of work plans for the current year, pointing out the necessity of concerted efforts and working under one umbrella in order to achieve more success and giving. At the conclusion of the forum, after completing the educational and entertainment tour throughout the Sharjah Safari, the Department of Municipal Affairs honored the Municipal Council, the Municipality of Sharjah City and the Al-Bataeh area, and the work team organizing the afforestation initiative of the Al-Mantahir Reserve in the Al-Bataeh area, in appreciation of their sincere efforts and contributions.','نظمت دائرة شؤون البلديات برئاسة سعادة الدكتور سليمان بن سرحان الزعابي رئيس الدائرة الملتقى البلدي السادس لرؤساء المجالس البلدية ومدراء بلديات مدن ومناطق الإمارة في سفاري الشارقة بمدينة الذيد، بهدف تعزيز التعاون البنّاء وتنمية أواصر التنسيق المشترك وذلك حرصاً على توحيد الجهود لتعزيز سبل الارتقاء بالعمل البلدي في الإمارة وتقديم كافة الخدمات وفق أعلى معايير الجودة العالمية.\nوأشار سعادة الدكتور سليمان بن سرحان الزعابي إلى ضرورة تنمية سبل الارتقاء بمنظومة العمل البلدي وتوفير أفضل المعايير في تقديم الخدمات البلدية بشكل سلس ومريح للمتعاملين مساهماً ومعززاً في النهضة السريعة التي تشهدها الإمارة في ظل توجيهات صاحب السمو الشيخ الدكتور سلطان بن محمد القاسمي عضو المجلس الأعلى حاكم الشارقة ومتابعة سمو الشيخ سلطان بن محمد بن سلطان القاسمي ولي عهد ونائب حاكم الشارقة رئيس المجلس التنفيذي لإمارة الشارقة.\nوأوضح سعادته أن الملتقى أستعرض اهم انجازات الدائرة والبلديات وتم فيــه تبادل الآراء والمقترحات تجاه المشاريع التطويرية والمستقبلية التي تدعم مسيرة النجاح وتبلور خطط العمل للعام الحالي، لافتا إلى ضرورة تضافر الجهود والعمل تحت مظلة واحدة من أجل تحقيق مزيداً من النجاح والعطاء.\nوفي ختام الملتقى وبعد الانتهاء من الجولة التثقيفية والترفيهية في ارجاء سفاري الشارقة، كرمت دائرة شؤون البلـديات كــــــــلً من المجلس البلدي وبلدية مدينة الشارقة ومنطقة البطائح وفريق العمل المنظم لمبادرة تشجير محمية المنتثر في منطقة البطائح، وذلك تقديرا لجهودهم وإسهاماتهم المخلصة. ','2023-02-16','2024-03-09 14:52:41.947000','2024-03-09 14:52:43.743000','2024-03-09 14:52:43.741000',1,1,'Admin','مسؤل','To advance business in the emirate and provide all services in accordance with the highest municipal standards Globalism. His Excellency Dr. Sulaiman bin Sarhan Al Zaabi pointed out the need to develop ways to improve the municipal work system','النهوض بالأعمال التجارية في الإمارة وتقديم كافة الخدمات وفق أعلى المعايير البلدية العالمية. وأشار سعادة الدكتور سليمان بن سرحان الزعابي إلى ضرورة تطوير سبل تحسين منظومة العمل البلدي\n'),(3,'Launching the afforestation project of Al-Muntahir Reserve in the Al-Bataeh area','إطلاق مشروع تشجير محمية المنتصر بمنطقة البطائح','In implementation of the visions and directives of His Highness Sheikh Dr. Sultan bin Muhammad Al Qasimi, Member of the Supreme Council, Ruler of Sharjah, in preserving the environment, wildlife, and preserving biodiversity in the emirate, the Department of Municipal Affairs, in cooperation with the Sharjah City Municipality and the Municipality of Al Bataeh, organized the afforestation initiative of Al Muntahir Reserve in the Al Bataeh area. In order to enhance societal responsibility in preserving the desert environment and biodiversity, and encouraging agriculture to enhance the cultural and aesthetic appearance of the emirate and achieve environmental sustainability. The Department of Municipal Affairs celebrated the afforestation initiative of Al-Muntahir Reserve in the presence of Sheikh Majid bin Sultan bin Saqr Al Qasimi, Head of the Department of Suburbs and Villages Affairs, His Excellency Dr. Sulaiman bin Sarhan Al Zaabi, Head of the Department of Municipalities Affairs, His Excellency Dr. Engineer Khalifa bin Musabah Al Tunaiji, Head of the Department of Agriculture and Livestock, and His Excellency Salem Ali Al Muhairi, Chairman of the Municipal Council of the City of Sharjah, His Excellency Muhammad Abdullah bin Halis Al Ketbi, Chairman of the Municipal Council of the Al Bataeh Region, His Excellency Obaid Saeed Al Tunaiji, Director General of the Municipality of the City of Sharjah, His Excellency Abdullah Sultan bin Salumah Al Ketbi, Director of the Municipality of Al Bataeh, and the directors of the municipalities of the cities of the Emirate of Sharjah, and a group of officials. From government departments, bodies and institutions in Sharjah. In this context, His Excellency Dr. Sulaiman bin Sarhan Al Zaabi stressed that this initiative reflects the keenness of the Department of Municipal Affairs and the strategic partners to achieve the visions and directives of His Highness Sheikh Dr. Sultan bin Muhammad Al Qasimi, Member of the Supreme Council and Ruler of the Emirate of Sharjah, aimed at protecting and preserving environmental diversity and spreading community awareness. And the great interest in agriculture, which is considered one of the priorities of municipal work, because of its aesthetic, psychological and environmental dimensions, as the emirate is replete with large areas of green spaces, trees, various shrubs and flowers. \n      Al Zaabi pointed out that Al Muntahir Reserve is distinguished by its attractive desert nature, as it is located on the Sharjah-Mleiha Road, and has an area of ​​9.4 square kilometers. It has also been classified as a green belt that includes approximately one million Ghaf and Sidr trees, which were planted during the various afforestation campaigns held. Annually, noting that more than 5,000 Sidr and Ghaf trees were planted during this initiative. His Excellency the Head of the Department of Municipal Affairs also appreciated the constructive cooperation and great efforts made by the Municipality of Sharjah City and the Municipality of Al Bataeh in implementing this initiative, completing the agricultural work and providing agricultural seedlings, and the accompanying settlement work and the provision of irrigation networks and others. For his part, His Excellency Obaid Saeed Al Tunaiji, Director General of Sharjah City Municipality, confirmed that the Sharjah City Municipality pays great attention to agriculture and is keen to implement agricultural projects throughout the year, in implementation of the visions and directives of His Highness Sheikh Dr. Sultan bin Muhammad Al Qasimi, Member of the Supreme Council, Ruler of Sharjah, and to promote Cooperating with various parties to implement joint agricultural works and projects, as the municipality provided qualified work staff, tools, equipment, and heavy and light vehicles during its participation in the Al-Manthar Reserve afforestation initiative. Al-Tunaiji explained that the municipality carried out earth leveling work and provided 2,000 seedlings of Sidr and Ghaf trees from its nurseries. Work was also carried out on extending the necessary irrigation networks and installing tanks to ensure that irrigation lines and networks are fed around the clock with the required quantities of irrigation water, as these tanks are considered to have a storage capacity that guarantees Providing the necessary quantities of irrigation water. \n      In a related context, His Excellency Abdullah Sultan bin Salouma Al Ketbi, Director of the Municipality of Al Bataeh Region, indicated that this initiative embodies the great interest and joint work to spread awareness and the culture of preserving the environment, and to enhance the culture of volunteerism and social responsibility, as the success of this initiative reflects the great interest and continued cooperation between the various government agencies that It works within a joint work system, enhancing the cultural and aesthetic appearance of the emirate, as well as broad interest in natural reserves and spreading the green area. Bin Salumah Al Ketbi explained that the Municipality of Al Bataeh, since the beginning of the preparation for this initiative, has cooperated and coordinated with the Department of Municipal Affairs and the Municipality of Sharjah City to provide all the necessary needs for the success of afforestation of Al Muntahir Reserve, as it provided 3,000 seedlings of Ghaf and Sidr, which were planted and prepared in the municipal nursery according to the latest methods. The municipality, under the supervision of the cadres of the Agriculture Department and the Reserves and Services Department, provided all the necessary machinery and drilling equipment to carry out infrastructure work in order to provide and install the necessary water tanks, and extensions to modern irrigation networks, in addition to preparing the soil and planting sites in a way that suits the nature of the trees and contributes to their growth. Bin Saloma Al Ketbi stressed the constant follow-up by the municipality of the outcomes of all campaigns held in the reserve, where the seedlings are monitored and taken care of in terms of irrigation, care and cleanliness. Thanks to the directives of His Highness the Ruler of Sharjah, the reserve has become a natural environmental center that includes an integrated environmental system of trees and trees. Animals and birds.','تنفيذاً لرؤى وتوجيهات صاحب السمو الشيخ الدكتور سلطان بن محمد القاسمي، عضو المجلس الأعلى، حاكم الشارقة، في المحافظة على البيئة والحياة الفطرية وصيانة التنوع الحيوي في الإمارة، نظمت دائرة شؤون البلديات بالتعاون مع بلدية مدينة الشارقة وبلدية البطائح، مبادرة تشجير محمية المنتثر في منطقة البطائح تعزيزاً للمسؤولية المجتمعية في الحفاظ على البيئة الصحراوية والتنوع الحيوي، والتشجيع على الزراعة لتعزيز المظهر الحضاري والجمالي للإمارة وتحقيق الاستدامة البيئية.\n\nواحتفت دائرة شؤون البلديات بمبادرة تشجير محمية المنتثر بحضور كل من الشيخ ماجد بن سلطان بن صقر القاسمي، رئيس دائرة شؤون الضواحي والقرى، وسعادة الدكتور سليمان بن سرحان الزعابي رئيس دائرة شؤون البلديات، وسعادة الدكتور  المهندس خليفة بن مصبح الطنيجي رئيس دائرة الزراعة والثروة الحيوانية، وسعادة سالم علي المهيري رئيس المجلس البلدي لمدينة الشارقة، وسعادة محمد عبد الله بن حليس الكتبي رئيس المجلس البلدي لمنطقة البطائح، وسعادة عبيد سعيد الطنيجي مدير عام بلدية مدينة الشارقة وسعادة عبد الله سلطان بن سلومه الكتبي مدير بلدية البطائح ومدراء بلديات مدن إمارة الشارقة، ولفيف من المسؤلين من الدوائر والهيئات والمؤسسات الحكومية في الشارقة.\n\nوفي هذا السياق أكد سعادة الدكتور سليمان بن سرحان الزعابي أن هذه المبادرة تعكس حرص دائرة شؤون البلديات والشركاء الاستراتييجين على تحقيق رؤى وتوجيهات صاحب السمو الشيخ الدكتور سلطان بن محمد القاسمي، عضو المجلس الأعلى، حاكم إمارة الشارقة، الرامية إلى حماية وصون التنوع البيئي ونشر التوعية المجتمعية، والاهتمام الكبير بالزراعة التي تعتبر من أولويات العمل البلدي، لما لها من أبعاد جمالية ونفسية وبيئية، حيث تزخر الإمارة بمساحات واسعة من المسطحات الخضراء والأشجار والشجيرات المتنوعة والزهور.\n\nوأشار الزعابي إلى أن محمية المنتثر تمتاز بطبيعتها الصحراوية الجذابة، حيث تقع على طريق الشارقة -مليحة، وتبلغ مساحتها 9.4 كلم مربع، كما أنه تم تصنيفها كحزام أخضر يضم ما يقارب مليون شجرة من أشجار الغاف والسدر، والتي تمت زراعتها خلال حملات التشجير المتنوعة التي تقام سنوياً، مشيراً إلى أنه تمت زراعة أكثر من 5 آلاف شجرة من أشجار السدر والغاف خلال هذه المبادرة.\n\nكما ثمن سعادة رئيس دائرة شؤون البلديات التعاون البناء والجهود الكبيرة التي قامت بها بلدية مدينة الشارقة وبلدية البطائح في تنفيذ هذه المبادرة، وإنجاز أعمال الزراعة وتوفير الشتلات الزراعية، وما صاحبها من أعمال تسويات وتوفير شبكات الري وغيرها.\n\nمن جانبه أكد سعادة عبيد سعيد الطنيجي مدير عام بلدية مدينة الشارقة، أن بلدية مدينة الشارقة تولي الزراعة اهتماماً كبيراً وتحرص على تنفيذ المشاريع الزراعية على مدار العام، تنفيذاً لرؤى وتوجيهات صاحب السمو الشيخ الدكتور سلطان بن محمد القاسمي، عضو المجلس الأعلى، حاكم الشارقة، وتعزيز التعاون مع مختلف الجهات لتنفيذ أعمال ومشاريع زراعية مشتركة، حيث وفرت البلدية كادر عمل مؤهل وأدوات ومعدات ومركبات ثقيلة وخفيفة خلال مشاركتها في مبادرة تشجير محمية المنتثر.\n\nوأوضح الطنيجي أن البلدية قامت بأعمال التسويات الترابية وتوفير 2000 شتلة من أشجار السدر والغاف من مشاتلها، كما تم تنفيذ أعمال مد شبكات الريّ اللازمة وتركيب خزانات لضمان تغذية خطوط وشبكات الريّ على مدار الساعة بالكميات المطلوبة من مياه الريّ، حيث تعتبر هذه الخزانات ذات طاقة تخزينية تضمن توفير الكميات اللازمة من مياه الريّ.\n\nوفي سياق متصل أشار سعادة عبد الله سلطان بن سلومة الكتبي مدير بلدية منطقة البطائح أن هذه المبادرة تجسد الاهتمام الكبير والعمل المشترك لنشر التوعية وثقافة الحفاظ على البيئة وتعزيز ثقافة التطوع وحمل المسؤولية المجتمعية، حيث يعكس نجاح هذه المبادرة الاهتمام الكبير والتعاون المستمر بين مختلف الجهات الحكومية التي تعمل ضمن منظومة عمل مشتركة، وتعزيز المظهر الحضاري والجمالي للإمارة فضلاً عن الاهتمام الواسع بالمحميات الطبيعية ونشر الرقعة الخضراء.\n\nوأوضح بن سلومة الكتبي بأن بلدية البطائح ومنذ بداية التجهيز لهذه المبادرة قامت بالتعاون والتنسيق مع دائرة شؤون البلديات و بلدية مدينة الشارقة بتوفير كافة الاحتياجات اللازمة لإنجاح تشجير محمية المنتثر، حيث قامت بتوفير 3000 شتلة من الغاف والسدر والتي تم غرسها وتجهيزها في مشتل البلدية وفق أحدث السبل، كما قامت البلدية و بإشراف كوادر إدارة الزراعة و قسم المحميات والخدمات بتوفير كافة الآليات ومعدات الحفر الازمة لتنفيذ أعمال البنية التحتية وذلك لتوفير و تركيب خزانات المياه اللازمة، وتمديدات شبكات الري الحديثة إضافة إلى تجهيز التربة و مواقع الزراعة بما يتناسب مع طبيعتة الاشجار  ويساهم في نموها.\n\nوأكد بن سلومة الكتبي على المتابعة الدائمة من قبل البلدية لمخرجات كل الحملات التي تقام في المحمية حيث تتابع الشتلات ويتم العناية بها من ناحية الري و الاهتمام والنظافة، وقد أصبحت المحمية بفضل توجيهات صاحب السمو حاكم الشارقة مركزاً بيئيا طبيعياً يشتمل على منظومة بيئية متكاملة من الأشجار و الحيوانات والطيور.','2022-07-19','2024-03-09 14:55:22.573000','2024-03-09 14:55:23.422000','2024-03-09 19:33:19.467000',1,1,'Admin','مسؤل','In implementation of the visions and directives of His Highness Sheikh Dr. Sultan bin Muhammad Al Qasimi, Member of the Supreme Council, Ruler of Sharjah, in preserving the environment, wildlife, and preserving biodiversity in the emirate, the Department of Municipal Affairs','تنفيذاً لرؤى وتوجيهات صاحب السمو الشيخ الدكتور سلطان بن محمد القاسمي، عضو المجلس الأعلى حاكم الشارقة، في الحفاظ على البيئة والحياة الفطرية والحفاظ على التنوع البيولوجي في الإمارة، دائرة الشؤون البلدية');
/*!40000 ALTER TABLE `news` ENABLE KEYS */;
UNLOCK TABLES;

--
-- Table structure for table `queries`
--

DROP TABLE IF EXISTS `queries`;
/*!40101 SET @saved_cs_client     = @@character_set_client */;
/*!50503 SET character_set_client = utf8mb4 */;
CREATE TABLE `queries` (
  `id` int unsigned NOT NULL AUTO_INCREMENT,
  `name` varchar(255) DEFAULT NULL,
  `email` varchar(255) DEFAULT NULL,
  `phone` varchar(255) DEFAULT NULL,
  `subject` varchar(255) DEFAULT NULL,
  `message` longtext,
  `created_at` datetime(6) DEFAULT NULL,
  `updated_at` datetime(6) DEFAULT NULL,
  `published_at` datetime(6) DEFAULT NULL,
  `created_by_id` int unsigned DEFAULT NULL,
  `updated_by_id` int unsigned DEFAULT NULL,
  PRIMARY KEY (`id`),
  KEY `queries_created_by_id_fk` (`created_by_id`),
  KEY `queries_updated_by_id_fk` (`updated_by_id`),
  CONSTRAINT `queries_created_by_id_fk` FOREIGN KEY (`created_by_id`) REFERENCES `admin_users` (`id`) ON DELETE SET NULL,
  CONSTRAINT `queries_updated_by_id_fk` FOREIGN KEY (`updated_by_id`) REFERENCES `admin_users` (`id`) ON DELETE SET NULL
) ENGINE=InnoDB AUTO_INCREMENT=4 DEFAULT CHARSET=utf8mb4 COLLATE=utf8mb4_0900_ai_ci;
/*!40101 SET character_set_client = @saved_cs_client */;

--
-- Dumping data for table `queries`
--

LOCK TABLES `queries` WRITE;
/*!40000 ALTER TABLE `queries` DISABLE KEYS */;
INSERT INTO `queries` VALUES (1,'Vignesh','vi@gmail.com','978545213','Yes','Yes Working','2024-03-09 12:38:17.938000','2024-03-09 12:38:17.938000','2024-03-09 12:38:17.936000',NULL,NULL),(2,'Vignesh','vdsf@gmail.com','77889789','hi','h','2024-03-09 13:09:25.480000','2024-03-09 13:09:25.480000','2024-03-09 13:09:25.479000',NULL,NULL),(3,'Vignesh','vdsf@gmail.com','77889789','hi','h','2024-03-09 13:09:46.077000','2024-03-09 13:09:46.077000','2024-03-09 13:09:46.076000',NULL,NULL);
/*!40000 ALTER TABLE `queries` ENABLE KEYS */;
UNLOCK TABLES;

--
-- Table structure for table `strapi_api_token_permissions`
--

DROP TABLE IF EXISTS `strapi_api_token_permissions`;
/*!40101 SET @saved_cs_client     = @@character_set_client */;
/*!50503 SET character_set_client = utf8mb4 */;
CREATE TABLE `strapi_api_token_permissions` (
  `id` int unsigned NOT NULL AUTO_INCREMENT,
  `action` varchar(255) DEFAULT NULL,
  `created_at` datetime(6) DEFAULT NULL,
  `updated_at` datetime(6) DEFAULT NULL,
  `created_by_id` int unsigned DEFAULT NULL,
  `updated_by_id` int unsigned DEFAULT NULL,
  PRIMARY KEY (`id`),
  KEY `strapi_api_token_permissions_created_by_id_fk` (`created_by_id`),
  KEY `strapi_api_token_permissions_updated_by_id_fk` (`updated_by_id`),
  CONSTRAINT `strapi_api_token_permissions_created_by_id_fk` FOREIGN KEY (`created_by_id`) REFERENCES `admin_users` (`id`) ON DELETE SET NULL,
  CONSTRAINT `strapi_api_token_permissions_updated_by_id_fk` FOREIGN KEY (`updated_by_id`) REFERENCES `admin_users` (`id`) ON DELETE SET NULL
) ENGINE=InnoDB DEFAULT CHARSET=utf8mb4 COLLATE=utf8mb4_0900_ai_ci;
/*!40101 SET character_set_client = @saved_cs_client */;

--
-- Dumping data for table `strapi_api_token_permissions`
--

LOCK TABLES `strapi_api_token_permissions` WRITE;
/*!40000 ALTER TABLE `strapi_api_token_permissions` DISABLE KEYS */;
/*!40000 ALTER TABLE `strapi_api_token_permissions` ENABLE KEYS */;
UNLOCK TABLES;

--
-- Table structure for table `strapi_api_token_permissions_token_links`
--

DROP TABLE IF EXISTS `strapi_api_token_permissions_token_links`;
/*!40101 SET @saved_cs_client     = @@character_set_client */;
/*!50503 SET character_set_client = utf8mb4 */;
CREATE TABLE `strapi_api_token_permissions_token_links` (
  `id` int unsigned NOT NULL AUTO_INCREMENT,
  `api_token_permission_id` int unsigned DEFAULT NULL,
  `api_token_id` int unsigned DEFAULT NULL,
  `api_token_permission_order` double unsigned DEFAULT NULL,
  PRIMARY KEY (`id`),
  UNIQUE KEY `strapi_api_token_permissions_token_links_unique` (`api_token_permission_id`,`api_token_id`),
  KEY `strapi_api_token_permissions_token_links_fk` (`api_token_permission_id`),
  KEY `strapi_api_token_permissions_token_links_inv_fk` (`api_token_id`),
  KEY `strapi_api_token_permissions_token_links_order_inv_fk` (`api_token_permission_order`),
  CONSTRAINT `strapi_api_token_permissions_token_links_fk` FOREIGN KEY (`api_token_permission_id`) REFERENCES `strapi_api_token_permissions` (`id`) ON DELETE CASCADE,
  CONSTRAINT `strapi_api_token_permissions_token_links_inv_fk` FOREIGN KEY (`api_token_id`) REFERENCES `strapi_api_tokens` (`id`) ON DELETE CASCADE
) ENGINE=InnoDB DEFAULT CHARSET=utf8mb4 COLLATE=utf8mb4_0900_ai_ci;
/*!40101 SET character_set_client = @saved_cs_client */;

--
-- Dumping data for table `strapi_api_token_permissions_token_links`
--

LOCK TABLES `strapi_api_token_permissions_token_links` WRITE;
/*!40000 ALTER TABLE `strapi_api_token_permissions_token_links` DISABLE KEYS */;
/*!40000 ALTER TABLE `strapi_api_token_permissions_token_links` ENABLE KEYS */;
UNLOCK TABLES;

--
-- Table structure for table `strapi_api_tokens`
--

DROP TABLE IF EXISTS `strapi_api_tokens`;
/*!40101 SET @saved_cs_client     = @@character_set_client */;
/*!50503 SET character_set_client = utf8mb4 */;
CREATE TABLE `strapi_api_tokens` (
  `id` int unsigned NOT NULL AUTO_INCREMENT,
  `name` varchar(255) DEFAULT NULL,
  `description` varchar(255) DEFAULT NULL,
  `type` varchar(255) DEFAULT NULL,
  `access_key` varchar(255) DEFAULT NULL,
  `last_used_at` datetime(6) DEFAULT NULL,
  `expires_at` datetime(6) DEFAULT NULL,
  `lifespan` bigint DEFAULT NULL,
  `created_at` datetime(6) DEFAULT NULL,
  `updated_at` datetime(6) DEFAULT NULL,
  `created_by_id` int unsigned DEFAULT NULL,
  `updated_by_id` int unsigned DEFAULT NULL,
  PRIMARY KEY (`id`),
  KEY `strapi_api_tokens_created_by_id_fk` (`created_by_id`),
  KEY `strapi_api_tokens_updated_by_id_fk` (`updated_by_id`),
  CONSTRAINT `strapi_api_tokens_created_by_id_fk` FOREIGN KEY (`created_by_id`) REFERENCES `admin_users` (`id`) ON DELETE SET NULL,
  CONSTRAINT `strapi_api_tokens_updated_by_id_fk` FOREIGN KEY (`updated_by_id`) REFERENCES `admin_users` (`id`) ON DELETE SET NULL
) ENGINE=InnoDB AUTO_INCREMENT=2 DEFAULT CHARSET=utf8mb4 COLLATE=utf8mb4_0900_ai_ci;
/*!40101 SET character_set_client = @saved_cs_client */;

--
-- Dumping data for table `strapi_api_tokens`
--

LOCK TABLES `strapi_api_tokens` WRITE;
/*!40000 ALTER TABLE `strapi_api_tokens` DISABLE KEYS */;
INSERT INTO `strapi_api_tokens` VALUES (1,'apiToken','','full-access','438d2f9a610874577da1b8b4f286bbd015cfd1366da9365b731eeea71ff488b452f1a176352bbcaf61a7d9eee04c70e55ce802378627b63b4ae033cca1026273',NULL,NULL,NULL,'2024-03-05 12:07:37.250000','2024-03-05 12:07:37.250000',NULL,NULL);
/*!40000 ALTER TABLE `strapi_api_tokens` ENABLE KEYS */;
UNLOCK TABLES;

--
-- Table structure for table `strapi_core_store_settings`
--

DROP TABLE IF EXISTS `strapi_core_store_settings`;
/*!40101 SET @saved_cs_client     = @@character_set_client */;
/*!50503 SET character_set_client = utf8mb4 */;
CREATE TABLE `strapi_core_store_settings` (
  `id` int unsigned NOT NULL AUTO_INCREMENT,
  `key` varchar(255) DEFAULT NULL,
  `value` longtext,
  `type` varchar(255) DEFAULT NULL,
  `environment` varchar(255) DEFAULT NULL,
  `tag` varchar(255) DEFAULT NULL,
  PRIMARY KEY (`id`)
) ENGINE=InnoDB AUTO_INCREMENT=33 DEFAULT CHARSET=utf8mb4 COLLATE=utf8mb4_0900_ai_ci;
/*!40101 SET character_set_client = @saved_cs_client */;

--
-- Dumping data for table `strapi_core_store_settings`
--

LOCK TABLES `strapi_core_store_settings` WRITE;
/*!40000 ALTER TABLE `strapi_core_store_settings` DISABLE KEYS */;
INSERT INTO `strapi_core_store_settings` VALUES (1,'strapi_content_types_schema','{\"admin::permission\":{\"collectionName\":\"admin_permissions\",\"info\":{\"name\":\"Permission\",\"description\":\"\",\"singularName\":\"permission\",\"pluralName\":\"permissions\",\"displayName\":\"Permission\"},\"options\":{},\"pluginOptions\":{\"content-manager\":{\"visible\":false},\"content-type-builder\":{\"visible\":false}},\"attributes\":{\"action\":{\"type\":\"string\",\"minLength\":1,\"configurable\":false,\"required\":true},\"actionParameters\":{\"type\":\"json\",\"configurable\":false,\"required\":false,\"default\":{}},\"subject\":{\"type\":\"string\",\"minLength\":1,\"configurable\":false,\"required\":false},\"properties\":{\"type\":\"json\",\"configurable\":false,\"required\":false,\"default\":{}},\"conditions\":{\"type\":\"json\",\"configurable\":false,\"required\":false,\"default\":[]},\"role\":{\"configurable\":false,\"type\":\"relation\",\"relation\":\"manyToOne\",\"inversedBy\":\"permissions\",\"target\":\"admin::role\"},\"createdAt\":{\"type\":\"datetime\"},\"updatedAt\":{\"type\":\"datetime\"},\"createdBy\":{\"type\":\"relation\",\"relation\":\"oneToOne\",\"target\":\"admin::user\",\"configurable\":false,\"writable\":false,\"visible\":false,\"useJoinTable\":false,\"private\":true},\"updatedBy\":{\"type\":\"relation\",\"relation\":\"oneToOne\",\"target\":\"admin::user\",\"configurable\":false,\"writable\":false,\"visible\":false,\"useJoinTable\":false,\"private\":true}},\"kind\":\"collectionType\",\"__schema__\":{\"collectionName\":\"admin_permissions\",\"info\":{\"name\":\"Permission\",\"description\":\"\",\"singularName\":\"permission\",\"pluralName\":\"permissions\",\"displayName\":\"Permission\"},\"options\":{},\"pluginOptions\":{\"content-manager\":{\"visible\":false},\"content-type-builder\":{\"visible\":false}},\"attributes\":{\"action\":{\"type\":\"string\",\"minLength\":1,\"configurable\":false,\"required\":true},\"actionParameters\":{\"type\":\"json\",\"configurable\":false,\"required\":false,\"default\":{}},\"subject\":{\"type\":\"string\",\"minLength\":1,\"configurable\":false,\"required\":false},\"properties\":{\"type\":\"json\",\"configurable\":false,\"required\":false,\"default\":{}},\"conditions\":{\"type\":\"json\",\"configurable\":false,\"required\":false,\"default\":[]},\"role\":{\"configurable\":false,\"type\":\"relation\",\"relation\":\"manyToOne\",\"inversedBy\":\"permissions\",\"target\":\"admin::role\"}},\"kind\":\"collectionType\"},\"modelType\":\"contentType\",\"modelName\":\"permission\",\"connection\":\"default\",\"uid\":\"admin::permission\",\"plugin\":\"admin\",\"globalId\":\"AdminPermission\"},\"admin::user\":{\"collectionName\":\"admin_users\",\"info\":{\"name\":\"User\",\"description\":\"\",\"singularName\":\"user\",\"pluralName\":\"users\",\"displayName\":\"User\"},\"pluginOptions\":{\"content-manager\":{\"visible\":false},\"content-type-builder\":{\"visible\":false}},\"attributes\":{\"firstname\":{\"type\":\"string\",\"unique\":false,\"minLength\":1,\"configurable\":false,\"required\":false},\"lastname\":{\"type\":\"string\",\"unique\":false,\"minLength\":1,\"configurable\":false,\"required\":false},\"username\":{\"type\":\"string\",\"unique\":false,\"configurable\":false,\"required\":false},\"email\":{\"type\":\"email\",\"minLength\":6,\"configurable\":false,\"required\":true,\"unique\":true,\"private\":true},\"password\":{\"type\":\"password\",\"minLength\":6,\"configurable\":false,\"required\":false,\"private\":true,\"searchable\":false},\"resetPasswordToken\":{\"type\":\"string\",\"configurable\":false,\"private\":true,\"searchable\":false},\"registrationToken\":{\"type\":\"string\",\"configurable\":false,\"private\":true,\"searchable\":false},\"isActive\":{\"type\":\"boolean\",\"default\":false,\"configurable\":false,\"private\":true},\"roles\":{\"configurable\":false,\"private\":true,\"type\":\"relation\",\"relation\":\"manyToMany\",\"inversedBy\":\"users\",\"target\":\"admin::role\",\"collectionName\":\"strapi_users_roles\"},\"blocked\":{\"type\":\"boolean\",\"default\":false,\"configurable\":false,\"private\":true},\"preferedLanguage\":{\"type\":\"string\",\"configurable\":false,\"required\":false,\"searchable\":false},\"createdAt\":{\"type\":\"datetime\"},\"updatedAt\":{\"type\":\"datetime\"},\"createdBy\":{\"type\":\"relation\",\"relation\":\"oneToOne\",\"target\":\"admin::user\",\"configurable\":false,\"writable\":false,\"visible\":false,\"useJoinTable\":false,\"private\":true},\"updatedBy\":{\"type\":\"relation\",\"relation\":\"oneToOne\",\"target\":\"admin::user\",\"configurable\":false,\"writable\":false,\"visible\":false,\"useJoinTable\":false,\"private\":true}},\"config\":{\"attributes\":{\"resetPasswordToken\":{\"hidden\":true},\"registrationToken\":{\"hidden\":true}}},\"kind\":\"collectionType\",\"__schema__\":{\"collectionName\":\"admin_users\",\"info\":{\"name\":\"User\",\"description\":\"\",\"singularName\":\"user\",\"pluralName\":\"users\",\"displayName\":\"User\"},\"pluginOptions\":{\"content-manager\":{\"visible\":false},\"content-type-builder\":{\"visible\":false}},\"attributes\":{\"firstname\":{\"type\":\"string\",\"unique\":false,\"minLength\":1,\"configurable\":false,\"required\":false},\"lastname\":{\"type\":\"string\",\"unique\":false,\"minLength\":1,\"configurable\":false,\"required\":false},\"username\":{\"type\":\"string\",\"unique\":false,\"configurable\":false,\"required\":false},\"email\":{\"type\":\"email\",\"minLength\":6,\"configurable\":false,\"required\":true,\"unique\":true,\"private\":true},\"password\":{\"type\":\"password\",\"minLength\":6,\"configurable\":false,\"required\":false,\"private\":true,\"searchable\":false},\"resetPasswordToken\":{\"type\":\"string\",\"configurable\":false,\"private\":true,\"searchable\":false},\"registrationToken\":{\"type\":\"string\",\"configurable\":false,\"private\":true,\"searchable\":false},\"isActive\":{\"type\":\"boolean\",\"default\":false,\"configurable\":false,\"private\":true},\"roles\":{\"configurable\":false,\"private\":true,\"type\":\"relation\",\"relation\":\"manyToMany\",\"inversedBy\":\"users\",\"target\":\"admin::role\",\"collectionName\":\"strapi_users_roles\"},\"blocked\":{\"type\":\"boolean\",\"default\":false,\"configurable\":false,\"private\":true},\"preferedLanguage\":{\"type\":\"string\",\"configurable\":false,\"required\":false,\"searchable\":false}},\"kind\":\"collectionType\"},\"modelType\":\"contentType\",\"modelName\":\"user\",\"connection\":\"default\",\"uid\":\"admin::user\",\"plugin\":\"admin\",\"globalId\":\"AdminUser\"},\"admin::role\":{\"collectionName\":\"admin_roles\",\"info\":{\"name\":\"Role\",\"description\":\"\",\"singularName\":\"role\",\"pluralName\":\"roles\",\"displayName\":\"Role\"},\"options\":{},\"pluginOptions\":{\"content-manager\":{\"visible\":false},\"content-type-builder\":{\"visible\":false}},\"attributes\":{\"name\":{\"type\":\"string\",\"minLength\":1,\"unique\":true,\"configurable\":false,\"required\":true},\"code\":{\"type\":\"string\",\"minLength\":1,\"unique\":true,\"configurable\":false,\"required\":true},\"description\":{\"type\":\"string\",\"configurable\":false},\"users\":{\"configurable\":false,\"type\":\"relation\",\"relation\":\"manyToMany\",\"mappedBy\":\"roles\",\"target\":\"admin::user\"},\"permissions\":{\"configurable\":false,\"type\":\"relation\",\"relation\":\"oneToMany\",\"mappedBy\":\"role\",\"target\":\"admin::permission\"},\"createdAt\":{\"type\":\"datetime\"},\"updatedAt\":{\"type\":\"datetime\"},\"createdBy\":{\"type\":\"relation\",\"relation\":\"oneToOne\",\"target\":\"admin::user\",\"configurable\":false,\"writable\":false,\"visible\":false,\"useJoinTable\":false,\"private\":true},\"updatedBy\":{\"type\":\"relation\",\"relation\":\"oneToOne\",\"target\":\"admin::user\",\"configurable\":false,\"writable\":false,\"visible\":false,\"useJoinTable\":false,\"private\":true}},\"kind\":\"collectionType\",\"__schema__\":{\"collectionName\":\"admin_roles\",\"info\":{\"name\":\"Role\",\"description\":\"\",\"singularName\":\"role\",\"pluralName\":\"roles\",\"displayName\":\"Role\"},\"options\":{},\"pluginOptions\":{\"content-manager\":{\"visible\":false},\"content-type-builder\":{\"visible\":false}},\"attributes\":{\"name\":{\"type\":\"string\",\"minLength\":1,\"unique\":true,\"configurable\":false,\"required\":true},\"code\":{\"type\":\"string\",\"minLength\":1,\"unique\":true,\"configurable\":false,\"required\":true},\"description\":{\"type\":\"string\",\"configurable\":false},\"users\":{\"configurable\":false,\"type\":\"relation\",\"relation\":\"manyToMany\",\"mappedBy\":\"roles\",\"target\":\"admin::user\"},\"permissions\":{\"configurable\":false,\"type\":\"relation\",\"relation\":\"oneToMany\",\"mappedBy\":\"role\",\"target\":\"admin::permission\"}},\"kind\":\"collectionType\"},\"modelType\":\"contentType\",\"modelName\":\"role\",\"connection\":\"default\",\"uid\":\"admin::role\",\"plugin\":\"admin\",\"globalId\":\"AdminRole\"},\"admin::api-token\":{\"collectionName\":\"strapi_api_tokens\",\"info\":{\"name\":\"Api Token\",\"singularName\":\"api-token\",\"pluralName\":\"api-tokens\",\"displayName\":\"Api Token\",\"description\":\"\"},\"options\":{},\"pluginOptions\":{\"content-manager\":{\"visible\":false},\"content-type-builder\":{\"visible\":false}},\"attributes\":{\"name\":{\"type\":\"string\",\"minLength\":1,\"configurable\":false,\"required\":true,\"unique\":true},\"description\":{\"type\":\"string\",\"minLength\":1,\"configurable\":false,\"required\":false,\"default\":\"\"},\"type\":{\"type\":\"enumeration\",\"enum\":[\"read-only\",\"full-access\",\"custom\"],\"configurable\":false,\"required\":true,\"default\":\"read-only\"},\"accessKey\":{\"type\":\"string\",\"minLength\":1,\"configurable\":false,\"required\":true,\"searchable\":false},\"lastUsedAt\":{\"type\":\"datetime\",\"configurable\":false,\"required\":false},\"permissions\":{\"type\":\"relation\",\"target\":\"admin::api-token-permission\",\"relation\":\"oneToMany\",\"mappedBy\":\"token\",\"configurable\":false,\"required\":false},\"expiresAt\":{\"type\":\"datetime\",\"configurable\":false,\"required\":false},\"lifespan\":{\"type\":\"biginteger\",\"configurable\":false,\"required\":false},\"createdAt\":{\"type\":\"datetime\"},\"updatedAt\":{\"type\":\"datetime\"},\"createdBy\":{\"type\":\"relation\",\"relation\":\"oneToOne\",\"target\":\"admin::user\",\"configurable\":false,\"writable\":false,\"visible\":false,\"useJoinTable\":false,\"private\":true},\"updatedBy\":{\"type\":\"relation\",\"relation\":\"oneToOne\",\"target\":\"admin::user\",\"configurable\":false,\"writable\":false,\"visible\":false,\"useJoinTable\":false,\"private\":true}},\"kind\":\"collectionType\",\"__schema__\":{\"collectionName\":\"strapi_api_tokens\",\"info\":{\"name\":\"Api Token\",\"singularName\":\"api-token\",\"pluralName\":\"api-tokens\",\"displayName\":\"Api Token\",\"description\":\"\"},\"options\":{},\"pluginOptions\":{\"content-manager\":{\"visible\":false},\"content-type-builder\":{\"visible\":false}},\"attributes\":{\"name\":{\"type\":\"string\",\"minLength\":1,\"configurable\":false,\"required\":true,\"unique\":true},\"description\":{\"type\":\"string\",\"minLength\":1,\"configurable\":false,\"required\":false,\"default\":\"\"},\"type\":{\"type\":\"enumeration\",\"enum\":[\"read-only\",\"full-access\",\"custom\"],\"configurable\":false,\"required\":true,\"default\":\"read-only\"},\"accessKey\":{\"type\":\"string\",\"minLength\":1,\"configurable\":false,\"required\":true,\"searchable\":false},\"lastUsedAt\":{\"type\":\"datetime\",\"configurable\":false,\"required\":false},\"permissions\":{\"type\":\"relation\",\"target\":\"admin::api-token-permission\",\"relation\":\"oneToMany\",\"mappedBy\":\"token\",\"configurable\":false,\"required\":false},\"expiresAt\":{\"type\":\"datetime\",\"configurable\":false,\"required\":false},\"lifespan\":{\"type\":\"biginteger\",\"configurable\":false,\"required\":false}},\"kind\":\"collectionType\"},\"modelType\":\"contentType\",\"modelName\":\"api-token\",\"connection\":\"default\",\"uid\":\"admin::api-token\",\"plugin\":\"admin\",\"globalId\":\"AdminApiToken\"},\"admin::api-token-permission\":{\"collectionName\":\"strapi_api_token_permissions\",\"info\":{\"name\":\"API Token Permission\",\"description\":\"\",\"singularName\":\"api-token-permission\",\"pluralName\":\"api-token-permissions\",\"displayName\":\"API Token Permission\"},\"options\":{},\"pluginOptions\":{\"content-manager\":{\"visible\":false},\"content-type-builder\":{\"visible\":false}},\"attributes\":{\"action\":{\"type\":\"string\",\"minLength\":1,\"configurable\":false,\"required\":true},\"token\":{\"configurable\":false,\"type\":\"relation\",\"relation\":\"manyToOne\",\"inversedBy\":\"permissions\",\"target\":\"admin::api-token\"},\"createdAt\":{\"type\":\"datetime\"},\"updatedAt\":{\"type\":\"datetime\"},\"createdBy\":{\"type\":\"relation\",\"relation\":\"oneToOne\",\"target\":\"admin::user\",\"configurable\":false,\"writable\":false,\"visible\":false,\"useJoinTable\":false,\"private\":true},\"updatedBy\":{\"type\":\"relation\",\"relation\":\"oneToOne\",\"target\":\"admin::user\",\"configurable\":false,\"writable\":false,\"visible\":false,\"useJoinTable\":false,\"private\":true}},\"kind\":\"collectionType\",\"__schema__\":{\"collectionName\":\"strapi_api_token_permissions\",\"info\":{\"name\":\"API Token Permission\",\"description\":\"\",\"singularName\":\"api-token-permission\",\"pluralName\":\"api-token-permissions\",\"displayName\":\"API Token Permission\"},\"options\":{},\"pluginOptions\":{\"content-manager\":{\"visible\":false},\"content-type-builder\":{\"visible\":false}},\"attributes\":{\"action\":{\"type\":\"string\",\"minLength\":1,\"configurable\":false,\"required\":true},\"token\":{\"configurable\":false,\"type\":\"relation\",\"relation\":\"manyToOne\",\"inversedBy\":\"permissions\",\"target\":\"admin::api-token\"}},\"kind\":\"collectionType\"},\"modelType\":\"contentType\",\"modelName\":\"api-token-permission\",\"connection\":\"default\",\"uid\":\"admin::api-token-permission\",\"plugin\":\"admin\",\"globalId\":\"AdminApiTokenPermission\"},\"admin::transfer-token\":{\"collectionName\":\"strapi_transfer_tokens\",\"info\":{\"name\":\"Transfer Token\",\"singularName\":\"transfer-token\",\"pluralName\":\"transfer-tokens\",\"displayName\":\"Transfer Token\",\"description\":\"\"},\"options\":{},\"pluginOptions\":{\"content-manager\":{\"visible\":false},\"content-type-builder\":{\"visible\":false}},\"attributes\":{\"name\":{\"type\":\"string\",\"minLength\":1,\"configurable\":false,\"required\":true,\"unique\":true},\"description\":{\"type\":\"string\",\"minLength\":1,\"configurable\":false,\"required\":false,\"default\":\"\"},\"accessKey\":{\"type\":\"string\",\"minLength\":1,\"configurable\":false,\"required\":true},\"lastUsedAt\":{\"type\":\"datetime\",\"configurable\":false,\"required\":false},\"permissions\":{\"type\":\"relation\",\"target\":\"admin::transfer-token-permission\",\"relation\":\"oneToMany\",\"mappedBy\":\"token\",\"configurable\":false,\"required\":false},\"expiresAt\":{\"type\":\"datetime\",\"configurable\":false,\"required\":false},\"lifespan\":{\"type\":\"biginteger\",\"configurable\":false,\"required\":false},\"createdAt\":{\"type\":\"datetime\"},\"updatedAt\":{\"type\":\"datetime\"},\"createdBy\":{\"type\":\"relation\",\"relation\":\"oneToOne\",\"target\":\"admin::user\",\"configurable\":false,\"writable\":false,\"visible\":false,\"useJoinTable\":false,\"private\":true},\"updatedBy\":{\"type\":\"relation\",\"relation\":\"oneToOne\",\"target\":\"admin::user\",\"configurable\":false,\"writable\":false,\"visible\":false,\"useJoinTable\":false,\"private\":true}},\"kind\":\"collectionType\",\"__schema__\":{\"collectionName\":\"strapi_transfer_tokens\",\"info\":{\"name\":\"Transfer Token\",\"singularName\":\"transfer-token\",\"pluralName\":\"transfer-tokens\",\"displayName\":\"Transfer Token\",\"description\":\"\"},\"options\":{},\"pluginOptions\":{\"content-manager\":{\"visible\":false},\"content-type-builder\":{\"visible\":false}},\"attributes\":{\"name\":{\"type\":\"string\",\"minLength\":1,\"configurable\":false,\"required\":true,\"unique\":true},\"description\":{\"type\":\"string\",\"minLength\":1,\"configurable\":false,\"required\":false,\"default\":\"\"},\"accessKey\":{\"type\":\"string\",\"minLength\":1,\"configurable\":false,\"required\":true},\"lastUsedAt\":{\"type\":\"datetime\",\"configurable\":false,\"required\":false},\"permissions\":{\"type\":\"relation\",\"target\":\"admin::transfer-token-permission\",\"relation\":\"oneToMany\",\"mappedBy\":\"token\",\"configurable\":false,\"required\":false},\"expiresAt\":{\"type\":\"datetime\",\"configurable\":false,\"required\":false},\"lifespan\":{\"type\":\"biginteger\",\"configurable\":false,\"required\":false}},\"kind\":\"collectionType\"},\"modelType\":\"contentType\",\"modelName\":\"transfer-token\",\"connection\":\"default\",\"uid\":\"admin::transfer-token\",\"plugin\":\"admin\",\"globalId\":\"AdminTransferToken\"},\"admin::transfer-token-permission\":{\"collectionName\":\"strapi_transfer_token_permissions\",\"info\":{\"name\":\"Transfer Token Permission\",\"description\":\"\",\"singularName\":\"transfer-token-permission\",\"pluralName\":\"transfer-token-permissions\",\"displayName\":\"Transfer Token Permission\"},\"options\":{},\"pluginOptions\":{\"content-manager\":{\"visible\":false},\"content-type-builder\":{\"visible\":false}},\"attributes\":{\"action\":{\"type\":\"string\",\"minLength\":1,\"configurable\":false,\"required\":true},\"token\":{\"configurable\":false,\"type\":\"relation\",\"relation\":\"manyToOne\",\"inversedBy\":\"permissions\",\"target\":\"admin::transfer-token\"},\"createdAt\":{\"type\":\"datetime\"},\"updatedAt\":{\"type\":\"datetime\"},\"createdBy\":{\"type\":\"relation\",\"relation\":\"oneToOne\",\"target\":\"admin::user\",\"configurable\":false,\"writable\":false,\"visible\":false,\"useJoinTable\":false,\"private\":true},\"updatedBy\":{\"type\":\"relation\",\"relation\":\"oneToOne\",\"target\":\"admin::user\",\"configurable\":false,\"writable\":false,\"visible\":false,\"useJoinTable\":false,\"private\":true}},\"kind\":\"collectionType\",\"__schema__\":{\"collectionName\":\"strapi_transfer_token_permissions\",\"info\":{\"name\":\"Transfer Token Permission\",\"description\":\"\",\"singularName\":\"transfer-token-permission\",\"pluralName\":\"transfer-token-permissions\",\"displayName\":\"Transfer Token Permission\"},\"options\":{},\"pluginOptions\":{\"content-manager\":{\"visible\":false},\"content-type-builder\":{\"visible\":false}},\"attributes\":{\"action\":{\"type\":\"string\",\"minLength\":1,\"configurable\":false,\"required\":true},\"token\":{\"configurable\":false,\"type\":\"relation\",\"relation\":\"manyToOne\",\"inversedBy\":\"permissions\",\"target\":\"admin::transfer-token\"}},\"kind\":\"collectionType\"},\"modelType\":\"contentType\",\"modelName\":\"transfer-token-permission\",\"connection\":\"default\",\"uid\":\"admin::transfer-token-permission\",\"plugin\":\"admin\",\"globalId\":\"AdminTransferTokenPermission\"},\"plugin::upload.file\":{\"collectionName\":\"files\",\"info\":{\"singularName\":\"file\",\"pluralName\":\"files\",\"displayName\":\"File\",\"description\":\"\"},\"options\":{},\"pluginOptions\":{\"content-manager\":{\"visible\":false},\"content-type-builder\":{\"visible\":false}},\"attributes\":{\"name\":{\"type\":\"string\",\"configurable\":false,\"required\":true},\"alternativeText\":{\"type\":\"string\",\"configurable\":false},\"caption\":{\"type\":\"string\",\"configurable\":false},\"width\":{\"type\":\"integer\",\"configurable\":false},\"height\":{\"type\":\"integer\",\"configurable\":false},\"formats\":{\"type\":\"json\",\"configurable\":false},\"hash\":{\"type\":\"string\",\"configurable\":false,\"required\":true},\"ext\":{\"type\":\"string\",\"configurable\":false},\"mime\":{\"type\":\"string\",\"configurable\":false,\"required\":true},\"size\":{\"type\":\"decimal\",\"configurable\":false,\"required\":true},\"url\":{\"type\":\"string\",\"configurable\":false,\"required\":true},\"previewUrl\":{\"type\":\"string\",\"configurable\":false},\"provider\":{\"type\":\"string\",\"configurable\":false,\"required\":true},\"provider_metadata\":{\"type\":\"json\",\"configurable\":false},\"related\":{\"type\":\"relation\",\"relation\":\"morphToMany\",\"configurable\":false},\"folder\":{\"type\":\"relation\",\"relation\":\"manyToOne\",\"target\":\"plugin::upload.folder\",\"inversedBy\":\"files\",\"private\":true},\"folderPath\":{\"type\":\"string\",\"min\":1,\"required\":true,\"private\":true,\"searchable\":false},\"createdAt\":{\"type\":\"datetime\"},\"updatedAt\":{\"type\":\"datetime\"},\"createdBy\":{\"type\":\"relation\",\"relation\":\"oneToOne\",\"target\":\"admin::user\",\"configurable\":false,\"writable\":false,\"visible\":false,\"useJoinTable\":false,\"private\":true},\"updatedBy\":{\"type\":\"relation\",\"relation\":\"oneToOne\",\"target\":\"admin::user\",\"configurable\":false,\"writable\":false,\"visible\":false,\"useJoinTable\":false,\"private\":true}},\"indexes\":[{\"name\":\"upload_files_folder_path_index\",\"columns\":[\"folder_path\"],\"type\":null},{\"name\":\"upload_files_created_at_index\",\"columns\":[\"created_at\"],\"type\":null},{\"name\":\"upload_files_updated_at_index\",\"columns\":[\"updated_at\"],\"type\":null},{\"name\":\"upload_files_name_index\",\"columns\":[\"name\"],\"type\":null},{\"name\":\"upload_files_size_index\",\"columns\":[\"size\"],\"type\":null},{\"name\":\"upload_files_ext_index\",\"columns\":[\"ext\"],\"type\":null}],\"kind\":\"collectionType\",\"__schema__\":{\"collectionName\":\"files\",\"info\":{\"singularName\":\"file\",\"pluralName\":\"files\",\"displayName\":\"File\",\"description\":\"\"},\"options\":{},\"pluginOptions\":{\"content-manager\":{\"visible\":false},\"content-type-builder\":{\"visible\":false}},\"attributes\":{\"name\":{\"type\":\"string\",\"configurable\":false,\"required\":true},\"alternativeText\":{\"type\":\"string\",\"configurable\":false},\"caption\":{\"type\":\"string\",\"configurable\":false},\"width\":{\"type\":\"integer\",\"configurable\":false},\"height\":{\"type\":\"integer\",\"configurable\":false},\"formats\":{\"type\":\"json\",\"configurable\":false},\"hash\":{\"type\":\"string\",\"configurable\":false,\"required\":true},\"ext\":{\"type\":\"string\",\"configurable\":false},\"mime\":{\"type\":\"string\",\"configurable\":false,\"required\":true},\"size\":{\"type\":\"decimal\",\"configurable\":false,\"required\":true},\"url\":{\"type\":\"string\",\"configurable\":false,\"required\":true},\"previewUrl\":{\"type\":\"string\",\"configurable\":false},\"provider\":{\"type\":\"string\",\"configurable\":false,\"required\":true},\"provider_metadata\":{\"type\":\"json\",\"configurable\":false},\"related\":{\"type\":\"relation\",\"relation\":\"morphToMany\",\"configurable\":false},\"folder\":{\"type\":\"relation\",\"relation\":\"manyToOne\",\"target\":\"plugin::upload.folder\",\"inversedBy\":\"files\",\"private\":true},\"folderPath\":{\"type\":\"string\",\"min\":1,\"required\":true,\"private\":true,\"searchable\":false}},\"kind\":\"collectionType\"},\"modelType\":\"contentType\",\"modelName\":\"file\",\"connection\":\"default\",\"uid\":\"plugin::upload.file\",\"plugin\":\"upload\",\"globalId\":\"UploadFile\"},\"plugin::upload.folder\":{\"collectionName\":\"upload_folders\",\"info\":{\"singularName\":\"folder\",\"pluralName\":\"folders\",\"displayName\":\"Folder\"},\"options\":{},\"pluginOptions\":{\"content-manager\":{\"visible\":false},\"content-type-builder\":{\"visible\":false}},\"attributes\":{\"name\":{\"type\":\"string\",\"min\":1,\"required\":true},\"pathId\":{\"type\":\"integer\",\"unique\":true,\"required\":true},\"parent\":{\"type\":\"relation\",\"relation\":\"manyToOne\",\"target\":\"plugin::upload.folder\",\"inversedBy\":\"children\"},\"children\":{\"type\":\"relation\",\"relation\":\"oneToMany\",\"target\":\"plugin::upload.folder\",\"mappedBy\":\"parent\"},\"files\":{\"type\":\"relation\",\"relation\":\"oneToMany\",\"target\":\"plugin::upload.file\",\"mappedBy\":\"folder\"},\"path\":{\"type\":\"string\",\"min\":1,\"required\":true},\"createdAt\":{\"type\":\"datetime\"},\"updatedAt\":{\"type\":\"datetime\"},\"createdBy\":{\"type\":\"relation\",\"relation\":\"oneToOne\",\"target\":\"admin::user\",\"configurable\":false,\"writable\":false,\"visible\":false,\"useJoinTable\":false,\"private\":true},\"updatedBy\":{\"type\":\"relation\",\"relation\":\"oneToOne\",\"target\":\"admin::user\",\"configurable\":false,\"writable\":false,\"visible\":false,\"useJoinTable\":false,\"private\":true}},\"indexes\":[{\"name\":\"upload_folders_path_id_index\",\"columns\":[\"path_id\"],\"type\":\"unique\"},{\"name\":\"upload_folders_path_index\",\"columns\":[\"path\"],\"type\":\"unique\"}],\"kind\":\"collectionType\",\"__schema__\":{\"collectionName\":\"upload_folders\",\"info\":{\"singularName\":\"folder\",\"pluralName\":\"folders\",\"displayName\":\"Folder\"},\"options\":{},\"pluginOptions\":{\"content-manager\":{\"visible\":false},\"content-type-builder\":{\"visible\":false}},\"attributes\":{\"name\":{\"type\":\"string\",\"min\":1,\"required\":true},\"pathId\":{\"type\":\"integer\",\"unique\":true,\"required\":true},\"parent\":{\"type\":\"relation\",\"relation\":\"manyToOne\",\"target\":\"plugin::upload.folder\",\"inversedBy\":\"children\"},\"children\":{\"type\":\"relation\",\"relation\":\"oneToMany\",\"target\":\"plugin::upload.folder\",\"mappedBy\":\"parent\"},\"files\":{\"type\":\"relation\",\"relation\":\"oneToMany\",\"target\":\"plugin::upload.file\",\"mappedBy\":\"folder\"},\"path\":{\"type\":\"string\",\"min\":1,\"required\":true}},\"kind\":\"collectionType\"},\"modelType\":\"contentType\",\"modelName\":\"folder\",\"connection\":\"default\",\"uid\":\"plugin::upload.folder\",\"plugin\":\"upload\",\"globalId\":\"UploadFolder\"},\"plugin::content-releases.release\":{\"collectionName\":\"strapi_releases\",\"info\":{\"singularName\":\"release\",\"pluralName\":\"releases\",\"displayName\":\"Release\"},\"options\":{\"draftAndPublish\":false},\"pluginOptions\":{\"content-manager\":{\"visible\":false},\"content-type-builder\":{\"visible\":false}},\"attributes\":{\"name\":{\"type\":\"string\",\"required\":true},\"releasedAt\":{\"type\":\"datetime\"},\"scheduledAt\":{\"type\":\"datetime\"},\"timezone\":{\"type\":\"string\"},\"actions\":{\"type\":\"relation\",\"relation\":\"oneToMany\",\"target\":\"plugin::content-releases.release-action\",\"mappedBy\":\"release\"},\"createdAt\":{\"type\":\"datetime\"},\"updatedAt\":{\"type\":\"datetime\"},\"createdBy\":{\"type\":\"relation\",\"relation\":\"oneToOne\",\"target\":\"admin::user\",\"configurable\":false,\"writable\":false,\"visible\":false,\"useJoinTable\":false,\"private\":true},\"updatedBy\":{\"type\":\"relation\",\"relation\":\"oneToOne\",\"target\":\"admin::user\",\"configurable\":false,\"writable\":false,\"visible\":false,\"useJoinTable\":false,\"private\":true}},\"kind\":\"collectionType\",\"__schema__\":{\"collectionName\":\"strapi_releases\",\"info\":{\"singularName\":\"release\",\"pluralName\":\"releases\",\"displayName\":\"Release\"},\"options\":{\"draftAndPublish\":false},\"pluginOptions\":{\"content-manager\":{\"visible\":false},\"content-type-builder\":{\"visible\":false}},\"attributes\":{\"name\":{\"type\":\"string\",\"required\":true},\"releasedAt\":{\"type\":\"datetime\"},\"scheduledAt\":{\"type\":\"datetime\"},\"timezone\":{\"type\":\"string\"},\"actions\":{\"type\":\"relation\",\"relation\":\"oneToMany\",\"target\":\"plugin::content-releases.release-action\",\"mappedBy\":\"release\"}},\"kind\":\"collectionType\"},\"modelType\":\"contentType\",\"modelName\":\"release\",\"connection\":\"default\",\"uid\":\"plugin::content-releases.release\",\"plugin\":\"content-releases\",\"globalId\":\"ContentReleasesRelease\"},\"plugin::content-releases.release-action\":{\"collectionName\":\"strapi_release_actions\",\"info\":{\"singularName\":\"release-action\",\"pluralName\":\"release-actions\",\"displayName\":\"Release Action\"},\"options\":{\"draftAndPublish\":false},\"pluginOptions\":{\"content-manager\":{\"visible\":false},\"content-type-builder\":{\"visible\":false}},\"attributes\":{\"type\":{\"type\":\"enumeration\",\"enum\":[\"publish\",\"unpublish\"],\"required\":true},\"entry\":{\"type\":\"relation\",\"relation\":\"morphToOne\",\"configurable\":false},\"contentType\":{\"type\":\"string\",\"required\":true},\"locale\":{\"type\":\"string\"},\"release\":{\"type\":\"relation\",\"relation\":\"manyToOne\",\"target\":\"plugin::content-releases.release\",\"inversedBy\":\"actions\"},\"createdAt\":{\"type\":\"datetime\"},\"updatedAt\":{\"type\":\"datetime\"},\"createdBy\":{\"type\":\"relation\",\"relation\":\"oneToOne\",\"target\":\"admin::user\",\"configurable\":false,\"writable\":false,\"visible\":false,\"useJoinTable\":false,\"private\":true},\"updatedBy\":{\"type\":\"relation\",\"relation\":\"oneToOne\",\"target\":\"admin::user\",\"configurable\":false,\"writable\":false,\"visible\":false,\"useJoinTable\":false,\"private\":true}},\"kind\":\"collectionType\",\"__schema__\":{\"collectionName\":\"strapi_release_actions\",\"info\":{\"singularName\":\"release-action\",\"pluralName\":\"release-actions\",\"displayName\":\"Release Action\"},\"options\":{\"draftAndPublish\":false},\"pluginOptions\":{\"content-manager\":{\"visible\":false},\"content-type-builder\":{\"visible\":false}},\"attributes\":{\"type\":{\"type\":\"enumeration\",\"enum\":[\"publish\",\"unpublish\"],\"required\":true},\"entry\":{\"type\":\"relation\",\"relation\":\"morphToOne\",\"configurable\":false},\"contentType\":{\"type\":\"string\",\"required\":true},\"locale\":{\"type\":\"string\"},\"release\":{\"type\":\"relation\",\"relation\":\"manyToOne\",\"target\":\"plugin::content-releases.release\",\"inversedBy\":\"actions\"}},\"kind\":\"collectionType\"},\"modelType\":\"contentType\",\"modelName\":\"release-action\",\"connection\":\"default\",\"uid\":\"plugin::content-releases.release-action\",\"plugin\":\"content-releases\",\"globalId\":\"ContentReleasesReleaseAction\"},\"plugin::i18n.locale\":{\"info\":{\"singularName\":\"locale\",\"pluralName\":\"locales\",\"collectionName\":\"locales\",\"displayName\":\"Locale\",\"description\":\"\"},\"options\":{\"draftAndPublish\":false},\"pluginOptions\":{\"content-manager\":{\"visible\":false},\"content-type-builder\":{\"visible\":false}},\"attributes\":{\"name\":{\"type\":\"string\",\"min\":1,\"max\":50,\"configurable\":false},\"code\":{\"type\":\"string\",\"unique\":true,\"configurable\":false},\"createdAt\":{\"type\":\"datetime\"},\"updatedAt\":{\"type\":\"datetime\"},\"createdBy\":{\"type\":\"relation\",\"relation\":\"oneToOne\",\"target\":\"admin::user\",\"configurable\":false,\"writable\":false,\"visible\":false,\"useJoinTable\":false,\"private\":true},\"updatedBy\":{\"type\":\"relation\",\"relation\":\"oneToOne\",\"target\":\"admin::user\",\"configurable\":false,\"writable\":false,\"visible\":false,\"useJoinTable\":false,\"private\":true}},\"kind\":\"collectionType\",\"__schema__\":{\"info\":{\"singularName\":\"locale\",\"pluralName\":\"locales\",\"collectionName\":\"locales\",\"displayName\":\"Locale\",\"description\":\"\"},\"options\":{\"draftAndPublish\":false},\"pluginOptions\":{\"content-manager\":{\"visible\":false},\"content-type-builder\":{\"visible\":false}},\"attributes\":{\"name\":{\"type\":\"string\",\"min\":1,\"max\":50,\"configurable\":false},\"code\":{\"type\":\"string\",\"unique\":true,\"configurable\":false}},\"kind\":\"collectionType\"},\"modelType\":\"contentType\",\"modelName\":\"locale\",\"connection\":\"default\",\"uid\":\"plugin::i18n.locale\",\"plugin\":\"i18n\",\"collectionName\":\"i18n_locale\",\"globalId\":\"I18NLocale\"},\"plugin::users-permissions.permission\":{\"collectionName\":\"up_permissions\",\"info\":{\"name\":\"permission\",\"description\":\"\",\"singularName\":\"permission\",\"pluralName\":\"permissions\",\"displayName\":\"Permission\"},\"pluginOptions\":{\"content-manager\":{\"visible\":false},\"content-type-builder\":{\"visible\":false}},\"attributes\":{\"action\":{\"type\":\"string\",\"required\":true,\"configurable\":false},\"role\":{\"type\":\"relation\",\"relation\":\"manyToOne\",\"target\":\"plugin::users-permissions.role\",\"inversedBy\":\"permissions\",\"configurable\":false},\"createdAt\":{\"type\":\"datetime\"},\"updatedAt\":{\"type\":\"datetime\"},\"createdBy\":{\"type\":\"relation\",\"relation\":\"oneToOne\",\"target\":\"admin::user\",\"configurable\":false,\"writable\":false,\"visible\":false,\"useJoinTable\":false,\"private\":true},\"updatedBy\":{\"type\":\"relation\",\"relation\":\"oneToOne\",\"target\":\"admin::user\",\"configurable\":false,\"writable\":false,\"visible\":false,\"useJoinTable\":false,\"private\":true}},\"kind\":\"collectionType\",\"__schema__\":{\"collectionName\":\"up_permissions\",\"info\":{\"name\":\"permission\",\"description\":\"\",\"singularName\":\"permission\",\"pluralName\":\"permissions\",\"displayName\":\"Permission\"},\"pluginOptions\":{\"content-manager\":{\"visible\":false},\"content-type-builder\":{\"visible\":false}},\"attributes\":{\"action\":{\"type\":\"string\",\"required\":true,\"configurable\":false},\"role\":{\"type\":\"relation\",\"relation\":\"manyToOne\",\"target\":\"plugin::users-permissions.role\",\"inversedBy\":\"permissions\",\"configurable\":false}},\"kind\":\"collectionType\"},\"modelType\":\"contentType\",\"modelName\":\"permission\",\"connection\":\"default\",\"uid\":\"plugin::users-permissions.permission\",\"plugin\":\"users-permissions\",\"globalId\":\"UsersPermissionsPermission\"},\"plugin::users-permissions.role\":{\"collectionName\":\"up_roles\",\"info\":{\"name\":\"role\",\"description\":\"\",\"singularName\":\"role\",\"pluralName\":\"roles\",\"displayName\":\"Role\"},\"pluginOptions\":{\"content-manager\":{\"visible\":false},\"content-type-builder\":{\"visible\":false}},\"attributes\":{\"name\":{\"type\":\"string\",\"minLength\":3,\"required\":true,\"configurable\":false},\"description\":{\"type\":\"string\",\"configurable\":false},\"type\":{\"type\":\"string\",\"unique\":true,\"configurable\":false},\"permissions\":{\"type\":\"relation\",\"relation\":\"oneToMany\",\"target\":\"plugin::users-permissions.permission\",\"mappedBy\":\"role\",\"configurable\":false},\"users\":{\"type\":\"relation\",\"relation\":\"oneToMany\",\"target\":\"plugin::users-permissions.user\",\"mappedBy\":\"role\",\"configurable\":false},\"createdAt\":{\"type\":\"datetime\"},\"updatedAt\":{\"type\":\"datetime\"},\"createdBy\":{\"type\":\"relation\",\"relation\":\"oneToOne\",\"target\":\"admin::user\",\"configurable\":false,\"writable\":false,\"visible\":false,\"useJoinTable\":false,\"private\":true},\"updatedBy\":{\"type\":\"relation\",\"relation\":\"oneToOne\",\"target\":\"admin::user\",\"configurable\":false,\"writable\":false,\"visible\":false,\"useJoinTable\":false,\"private\":true}},\"kind\":\"collectionType\",\"__schema__\":{\"collectionName\":\"up_roles\",\"info\":{\"name\":\"role\",\"description\":\"\",\"singularName\":\"role\",\"pluralName\":\"roles\",\"displayName\":\"Role\"},\"pluginOptions\":{\"content-manager\":{\"visible\":false},\"content-type-builder\":{\"visible\":false}},\"attributes\":{\"name\":{\"type\":\"string\",\"minLength\":3,\"required\":true,\"configurable\":false},\"description\":{\"type\":\"string\",\"configurable\":false},\"type\":{\"type\":\"string\",\"unique\":true,\"configurable\":false},\"permissions\":{\"type\":\"relation\",\"relation\":\"oneToMany\",\"target\":\"plugin::users-permissions.permission\",\"mappedBy\":\"role\",\"configurable\":false},\"users\":{\"type\":\"relation\",\"relation\":\"oneToMany\",\"target\":\"plugin::users-permissions.user\",\"mappedBy\":\"role\",\"configurable\":false}},\"kind\":\"collectionType\"},\"modelType\":\"contentType\",\"modelName\":\"role\",\"connection\":\"default\",\"uid\":\"plugin::users-permissions.role\",\"plugin\":\"users-permissions\",\"globalId\":\"UsersPermissionsRole\"},\"plugin::users-permissions.user\":{\"collectionName\":\"up_users\",\"info\":{\"name\":\"user\",\"description\":\"\",\"singularName\":\"user\",\"pluralName\":\"users\",\"displayName\":\"User\"},\"options\":{\"draftAndPublish\":false,\"timestamps\":true},\"attributes\":{\"username\":{\"type\":\"string\",\"minLength\":3,\"unique\":true,\"configurable\":false,\"required\":true},\"email\":{\"type\":\"email\",\"minLength\":6,\"configurable\":false,\"required\":true},\"provider\":{\"type\":\"string\",\"configurable\":false},\"password\":{\"type\":\"password\",\"minLength\":6,\"configurable\":false,\"private\":true,\"searchable\":false},\"resetPasswordToken\":{\"type\":\"string\",\"configurable\":false,\"private\":true,\"searchable\":false},\"confirmationToken\":{\"type\":\"string\",\"configurable\":false,\"private\":true,\"searchable\":false},\"confirmed\":{\"type\":\"boolean\",\"default\":false,\"configurable\":false},\"blocked\":{\"type\":\"boolean\",\"default\":false,\"configurable\":false},\"role\":{\"type\":\"relation\",\"relation\":\"manyToOne\",\"target\":\"plugin::users-permissions.role\",\"inversedBy\":\"users\",\"configurable\":false},\"createdAt\":{\"type\":\"datetime\"},\"updatedAt\":{\"type\":\"datetime\"},\"createdBy\":{\"type\":\"relation\",\"relation\":\"oneToOne\",\"target\":\"admin::user\",\"configurable\":false,\"writable\":false,\"visible\":false,\"useJoinTable\":false,\"private\":true},\"updatedBy\":{\"type\":\"relation\",\"relation\":\"oneToOne\",\"target\":\"admin::user\",\"configurable\":false,\"writable\":false,\"visible\":false,\"useJoinTable\":false,\"private\":true}},\"config\":{\"attributes\":{\"resetPasswordToken\":{\"hidden\":true},\"confirmationToken\":{\"hidden\":true},\"provider\":{\"hidden\":true}}},\"kind\":\"collectionType\",\"__schema__\":{\"collectionName\":\"up_users\",\"info\":{\"name\":\"user\",\"description\":\"\",\"singularName\":\"user\",\"pluralName\":\"users\",\"displayName\":\"User\"},\"options\":{\"draftAndPublish\":false,\"timestamps\":true},\"attributes\":{\"username\":{\"type\":\"string\",\"minLength\":3,\"unique\":true,\"configurable\":false,\"required\":true},\"email\":{\"type\":\"email\",\"minLength\":6,\"configurable\":false,\"required\":true},\"provider\":{\"type\":\"string\",\"configurable\":false},\"password\":{\"type\":\"password\",\"minLength\":6,\"configurable\":false,\"private\":true,\"searchable\":false},\"resetPasswordToken\":{\"type\":\"string\",\"configurable\":false,\"private\":true,\"searchable\":false},\"confirmationToken\":{\"type\":\"string\",\"configurable\":false,\"private\":true,\"searchable\":false},\"confirmed\":{\"type\":\"boolean\",\"default\":false,\"configurable\":false},\"blocked\":{\"type\":\"boolean\",\"default\":false,\"configurable\":false},\"role\":{\"type\":\"relation\",\"relation\":\"manyToOne\",\"target\":\"plugin::users-permissions.role\",\"inversedBy\":\"users\",\"configurable\":false}},\"kind\":\"collectionType\"},\"modelType\":\"contentType\",\"modelName\":\"user\",\"connection\":\"default\",\"uid\":\"plugin::users-permissions.user\",\"plugin\":\"users-permissions\",\"globalId\":\"UsersPermissionsUser\"},\"api::complaint.complaint\":{\"kind\":\"collectionType\",\"collectionName\":\"complaints\",\"info\":{\"singularName\":\"complaint\",\"pluralName\":\"complaints\",\"displayName\":\"Complaint\",\"description\":\"\"},\"options\":{\"draftAndPublish\":true},\"pluginOptions\":{},\"attributes\":{\"Name\":{\"type\":\"string\",\"required\":true},\"Complaints\":{\"type\":\"string\",\"required\":true},\"Email\":{\"type\":\"email\",\"required\":true},\"Message\":{\"type\":\"text\",\"required\":true},\"Number\":{\"type\":\"string\",\"required\":true},\"createdAt\":{\"type\":\"datetime\"},\"updatedAt\":{\"type\":\"datetime\"},\"publishedAt\":{\"type\":\"datetime\",\"configurable\":false,\"writable\":true,\"visible\":false},\"createdBy\":{\"type\":\"relation\",\"relation\":\"oneToOne\",\"target\":\"admin::user\",\"configurable\":false,\"writable\":false,\"visible\":false,\"useJoinTable\":false,\"private\":true},\"updatedBy\":{\"type\":\"relation\",\"relation\":\"oneToOne\",\"target\":\"admin::user\",\"configurable\":false,\"writable\":false,\"visible\":false,\"useJoinTable\":false,\"private\":true}},\"__schema__\":{\"collectionName\":\"complaints\",\"info\":{\"singularName\":\"complaint\",\"pluralName\":\"complaints\",\"displayName\":\"Complaint\",\"description\":\"\"},\"options\":{\"draftAndPublish\":true},\"pluginOptions\":{},\"attributes\":{\"Name\":{\"type\":\"string\",\"required\":true},\"Complaints\":{\"type\":\"string\",\"required\":true},\"Email\":{\"type\":\"email\",\"required\":true},\"Message\":{\"type\":\"text\",\"required\":true},\"Number\":{\"type\":\"string\",\"required\":true}},\"kind\":\"collectionType\"},\"modelType\":\"contentType\",\"modelName\":\"complaint\",\"connection\":\"default\",\"uid\":\"api::complaint.complaint\",\"apiName\":\"complaint\",\"globalId\":\"Complaint\",\"actions\":{},\"lifecycles\":{}},\"api::event.event\":{\"kind\":\"collectionType\",\"collectionName\":\"events\",\"info\":{\"singularName\":\"event\",\"pluralName\":\"events\",\"displayName\":\"Events\",\"description\":\"\"},\"options\":{\"draftAndPublish\":true},\"pluginOptions\":{},\"attributes\":{\"Event\":{\"type\":\"string\"},\"EventA\":{\"type\":\"string\"},\"Desc\":{\"type\":\"text\"},\"DescA\":{\"type\":\"text\"},\"StartDateTime\":{\"type\":\"datetime\",\"required\":true},\"StartDateTimeA\":{\"type\":\"datetime\"},\"EndDateTime\":{\"type\":\"datetime\"},\"EndDateTimeA\":{\"type\":\"datetime\"},\"Venue\":{\"type\":\"string\",\"required\":true},\"VenueA\":{\"type\":\"string\",\"required\":true},\"Map\":{\"type\":\"string\",\"required\":true},\"createdAt\":{\"type\":\"datetime\"},\"updatedAt\":{\"type\":\"datetime\"},\"publishedAt\":{\"type\":\"datetime\",\"configurable\":false,\"writable\":true,\"visible\":false},\"createdBy\":{\"type\":\"relation\",\"relation\":\"oneToOne\",\"target\":\"admin::user\",\"configurable\":false,\"writable\":false,\"visible\":false,\"useJoinTable\":false,\"private\":true},\"updatedBy\":{\"type\":\"relation\",\"relation\":\"oneToOne\",\"target\":\"admin::user\",\"configurable\":false,\"writable\":false,\"visible\":false,\"useJoinTable\":false,\"private\":true}},\"__schema__\":{\"collectionName\":\"events\",\"info\":{\"singularName\":\"event\",\"pluralName\":\"events\",\"displayName\":\"Events\",\"description\":\"\"},\"options\":{\"draftAndPublish\":true},\"pluginOptions\":{},\"attributes\":{\"Event\":{\"type\":\"string\"},\"EventA\":{\"type\":\"string\"},\"Desc\":{\"type\":\"text\"},\"DescA\":{\"type\":\"text\"},\"StartDateTime\":{\"type\":\"datetime\",\"required\":true},\"StartDateTimeA\":{\"type\":\"datetime\"},\"EndDateTime\":{\"type\":\"datetime\"},\"EndDateTimeA\":{\"type\":\"datetime\"},\"Venue\":{\"type\":\"string\",\"required\":true},\"VenueA\":{\"type\":\"string\",\"required\":true},\"Map\":{\"type\":\"string\",\"required\":true}},\"kind\":\"collectionType\"},\"modelType\":\"contentType\",\"modelName\":\"event\",\"connection\":\"default\",\"uid\":\"api::event.event\",\"apiName\":\"event\",\"globalId\":\"Event\",\"actions\":{},\"lifecycles\":{}},\"api::feedback.feedback\":{\"kind\":\"collectionType\",\"collectionName\":\"feedbacks\",\"info\":{\"singularName\":\"feedback\",\"pluralName\":\"feedbacks\",\"displayName\":\"Feedback\",\"description\":\"\"},\"options\":{\"draftAndPublish\":true},\"pluginOptions\":{},\"attributes\":{\"Name\":{\"type\":\"string\",\"required\":true},\"Email\":{\"type\":\"email\",\"required\":true},\"Feedback\":{\"type\":\"string\",\"required\":true},\"Message\":{\"type\":\"text\"},\"Number\":{\"type\":\"string\",\"required\":true},\"createdAt\":{\"type\":\"datetime\"},\"updatedAt\":{\"type\":\"datetime\"},\"publishedAt\":{\"type\":\"datetime\",\"configurable\":false,\"writable\":true,\"visible\":false},\"createdBy\":{\"type\":\"relation\",\"relation\":\"oneToOne\",\"target\":\"admin::user\",\"configurable\":false,\"writable\":false,\"visible\":false,\"useJoinTable\":false,\"private\":true},\"updatedBy\":{\"type\":\"relation\",\"relation\":\"oneToOne\",\"target\":\"admin::user\",\"configurable\":false,\"writable\":false,\"visible\":false,\"useJoinTable\":false,\"private\":true}},\"__schema__\":{\"collectionName\":\"feedbacks\",\"info\":{\"singularName\":\"feedback\",\"pluralName\":\"feedbacks\",\"displayName\":\"Feedback\",\"description\":\"\"},\"options\":{\"draftAndPublish\":true},\"pluginOptions\":{},\"attributes\":{\"Name\":{\"type\":\"string\",\"required\":true},\"Email\":{\"type\":\"email\",\"required\":true},\"Feedback\":{\"type\":\"string\",\"required\":true},\"Message\":{\"type\":\"text\"},\"Number\":{\"type\":\"string\",\"required\":true}},\"kind\":\"collectionType\"},\"modelType\":\"contentType\",\"modelName\":\"feedback\",\"connection\":\"default\",\"uid\":\"api::feedback.feedback\",\"apiName\":\"feedback\",\"globalId\":\"Feedback\",\"actions\":{},\"lifecycles\":{}},\"api::happy-meter.happy-meter\":{\"kind\":\"collectionType\",\"collectionName\":\"happy_meters\",\"info\":{\"singularName\":\"happy-meter\",\"pluralName\":\"happy-meters\",\"displayName\":\"HappyMeter\"},\"options\":{\"draftAndPublish\":true},\"pluginOptions\":{},\"attributes\":{\"Type\":{\"type\":\"string\",\"required\":true},\"Message\":{\"type\":\"text\"},\"createdAt\":{\"type\":\"datetime\"},\"updatedAt\":{\"type\":\"datetime\"},\"publishedAt\":{\"type\":\"datetime\",\"configurable\":false,\"writable\":true,\"visible\":false},\"createdBy\":{\"type\":\"relation\",\"relation\":\"oneToOne\",\"target\":\"admin::user\",\"configurable\":false,\"writable\":false,\"visible\":false,\"useJoinTable\":false,\"private\":true},\"updatedBy\":{\"type\":\"relation\",\"relation\":\"oneToOne\",\"target\":\"admin::user\",\"configurable\":false,\"writable\":false,\"visible\":false,\"useJoinTable\":false,\"private\":true}},\"__schema__\":{\"collectionName\":\"happy_meters\",\"info\":{\"singularName\":\"happy-meter\",\"pluralName\":\"happy-meters\",\"displayName\":\"HappyMeter\"},\"options\":{\"draftAndPublish\":true},\"pluginOptions\":{},\"attributes\":{\"Type\":{\"type\":\"string\",\"required\":true},\"Message\":{\"type\":\"text\"}},\"kind\":\"collectionType\"},\"modelType\":\"contentType\",\"modelName\":\"happy-meter\",\"connection\":\"default\",\"uid\":\"api::happy-meter.happy-meter\",\"apiName\":\"happy-meter\",\"globalId\":\"HappyMeter\",\"actions\":{},\"lifecycles\":{}},\"api::municipality.municipality\":{\"kind\":\"collectionType\",\"collectionName\":\"municipalities\",\"info\":{\"singularName\":\"municipality\",\"pluralName\":\"municipalities\",\"displayName\":\"Municipality\"},\"options\":{\"draftAndPublish\":true},\"pluginOptions\":{},\"attributes\":{\"Demo\":{\"type\":\"json\"},\"createdAt\":{\"type\":\"datetime\"},\"updatedAt\":{\"type\":\"datetime\"},\"publishedAt\":{\"type\":\"datetime\",\"configurable\":false,\"writable\":true,\"visible\":false},\"createdBy\":{\"type\":\"relation\",\"relation\":\"oneToOne\",\"target\":\"admin::user\",\"configurable\":false,\"writable\":false,\"visible\":false,\"useJoinTable\":false,\"private\":true},\"updatedBy\":{\"type\":\"relation\",\"relation\":\"oneToOne\",\"target\":\"admin::user\",\"configurable\":false,\"writable\":false,\"visible\":false,\"useJoinTable\":false,\"private\":true}},\"__schema__\":{\"collectionName\":\"municipalities\",\"info\":{\"singularName\":\"municipality\",\"pluralName\":\"municipalities\",\"displayName\":\"Municipality\"},\"options\":{\"draftAndPublish\":true},\"pluginOptions\":{},\"attributes\":{\"Demo\":{\"type\":\"json\"}},\"kind\":\"collectionType\"},\"modelType\":\"contentType\",\"modelName\":\"municipality\",\"connection\":\"default\",\"uid\":\"api::municipality.municipality\",\"apiName\":\"municipality\",\"globalId\":\"Municipality\",\"actions\":{},\"lifecycles\":{}},\"api::new.new\":{\"kind\":\"collectionType\",\"collectionName\":\"news\",\"info\":{\"singularName\":\"new\",\"pluralName\":\"news\",\"displayName\":\"News\",\"description\":\"\"},\"options\":{\"draftAndPublish\":true},\"pluginOptions\":{},\"attributes\":{\"Title\":{\"type\":\"string\",\"required\":true},\"TitleA\":{\"type\":\"string\",\"required\":true},\"Content\":{\"type\":\"text\",\"required\":true},\"ContentA\":{\"type\":\"text\",\"required\":true},\"Date\":{\"type\":\"date\",\"required\":true},\"HeroImg\":{\"type\":\"media\",\"multiple\":false,\"required\":false,\"allowedTypes\":[\"images\",\"files\",\"videos\",\"audios\"]},\"Author\":{\"type\":\"string\",\"required\":true,\"default\":\"Admin\"},\"AuthorA\":{\"type\":\"string\",\"required\":true,\"default\":\"مسؤل\"},\"Desc\":{\"type\":\"text\",\"required\":true},\"DescA\":{\"type\":\"text\",\"required\":true},\"createdAt\":{\"type\":\"datetime\"},\"updatedAt\":{\"type\":\"datetime\"},\"publishedAt\":{\"type\":\"datetime\",\"configurable\":false,\"writable\":true,\"visible\":false},\"createdBy\":{\"type\":\"relation\",\"relation\":\"oneToOne\",\"target\":\"admin::user\",\"configurable\":false,\"writable\":false,\"visible\":false,\"useJoinTable\":false,\"private\":true},\"updatedBy\":{\"type\":\"relation\",\"relation\":\"oneToOne\",\"target\":\"admin::user\",\"configurable\":false,\"writable\":false,\"visible\":false,\"useJoinTable\":false,\"private\":true}},\"__schema__\":{\"collectionName\":\"news\",\"info\":{\"singularName\":\"new\",\"pluralName\":\"news\",\"displayName\":\"News\",\"description\":\"\"},\"options\":{\"draftAndPublish\":true},\"pluginOptions\":{},\"attributes\":{\"Title\":{\"type\":\"string\",\"required\":true},\"TitleA\":{\"type\":\"string\",\"required\":true},\"Content\":{\"type\":\"text\",\"required\":true},\"ContentA\":{\"type\":\"text\",\"required\":true},\"Date\":{\"type\":\"date\",\"required\":true},\"HeroImg\":{\"type\":\"media\",\"multiple\":false,\"required\":false,\"allowedTypes\":[\"images\",\"files\",\"videos\",\"audios\"]},\"Author\":{\"type\":\"string\",\"required\":true,\"default\":\"Admin\"},\"AuthorA\":{\"type\":\"string\",\"required\":true,\"default\":\"مسؤل\"},\"Desc\":{\"type\":\"text\",\"required\":true},\"DescA\":{\"type\":\"text\",\"required\":true}},\"kind\":\"collectionType\"},\"modelType\":\"contentType\",\"modelName\":\"new\",\"connection\":\"default\",\"uid\":\"api::new.new\",\"apiName\":\"new\",\"globalId\":\"New\",\"actions\":{},\"lifecycles\":{}},\"api::query.query\":{\"kind\":\"collectionType\",\"collectionName\":\"queries\",\"info\":{\"singularName\":\"query\",\"pluralName\":\"queries\",\"displayName\":\"Query\"},\"options\":{\"draftAndPublish\":true},\"pluginOptions\":{},\"attributes\":{\"Name\":{\"type\":\"string\",\"required\":true},\"Email\":{\"type\":\"email\",\"required\":true},\"Phone\":{\"type\":\"string\",\"required\":true},\"Subject\":{\"type\":\"string\",\"required\":true},\"Message\":{\"type\":\"text\",\"required\":true},\"createdAt\":{\"type\":\"datetime\"},\"updatedAt\":{\"type\":\"datetime\"},\"publishedAt\":{\"type\":\"datetime\",\"configurable\":false,\"writable\":true,\"visible\":false},\"createdBy\":{\"type\":\"relation\",\"relation\":\"oneToOne\",\"target\":\"admin::user\",\"configurable\":false,\"writable\":false,\"visible\":false,\"useJoinTable\":false,\"private\":true},\"updatedBy\":{\"type\":\"relation\",\"relation\":\"oneToOne\",\"target\":\"admin::user\",\"configurable\":false,\"writable\":false,\"visible\":false,\"useJoinTable\":false,\"private\":true}},\"__schema__\":{\"collectionName\":\"queries\",\"info\":{\"singularName\":\"query\",\"pluralName\":\"queries\",\"displayName\":\"Query\"},\"options\":{\"draftAndPublish\":true},\"pluginOptions\":{},\"attributes\":{\"Name\":{\"type\":\"string\",\"required\":true},\"Email\":{\"type\":\"email\",\"required\":true},\"Phone\":{\"type\":\"string\",\"required\":true},\"Subject\":{\"type\":\"string\",\"required\":true},\"Message\":{\"type\":\"text\",\"required\":true}},\"kind\":\"collectionType\"},\"modelType\":\"contentType\",\"modelName\":\"query\",\"connection\":\"default\",\"uid\":\"api::query.query\",\"apiName\":\"query\",\"globalId\":\"Query\",\"actions\":{},\"lifecycles\":{}}}','object',NULL,NULL),(2,'plugin_content_manager_configuration_content_types::admin::api-token-permission','{\"settings\":{\"bulkable\":true,\"filterable\":true,\"searchable\":true,\"pageSize\":10,\"mainField\":\"action\",\"defaultSortBy\":\"action\",\"defaultSortOrder\":\"ASC\"},\"metadatas\":{\"id\":{\"edit\":{},\"list\":{\"label\":\"id\",\"searchable\":true,\"sortable\":true}},\"action\":{\"edit\":{\"label\":\"action\",\"description\":\"\",\"placeholder\":\"\",\"visible\":true,\"editable\":true},\"list\":{\"label\":\"action\",\"searchable\":true,\"sortable\":true}},\"token\":{\"edit\":{\"label\":\"token\",\"description\":\"\",\"placeholder\":\"\",\"visible\":true,\"editable\":true,\"mainField\":\"name\"},\"list\":{\"label\":\"token\",\"searchable\":true,\"sortable\":true}},\"createdAt\":{\"edit\":{\"label\":\"createdAt\",\"description\":\"\",\"placeholder\":\"\",\"visible\":false,\"editable\":true},\"list\":{\"label\":\"createdAt\",\"searchable\":true,\"sortable\":true}},\"updatedAt\":{\"edit\":{\"label\":\"updatedAt\",\"description\":\"\",\"placeholder\":\"\",\"visible\":false,\"editable\":true},\"list\":{\"label\":\"updatedAt\",\"searchable\":true,\"sortable\":true}},\"createdBy\":{\"edit\":{\"label\":\"createdBy\",\"description\":\"\",\"placeholder\":\"\",\"visible\":false,\"editable\":true,\"mainField\":\"firstname\"},\"list\":{\"label\":\"createdBy\",\"searchable\":true,\"sortable\":true}},\"updatedBy\":{\"edit\":{\"label\":\"updatedBy\",\"description\":\"\",\"placeholder\":\"\",\"visible\":false,\"editable\":true,\"mainField\":\"firstname\"},\"list\":{\"label\":\"updatedBy\",\"searchable\":true,\"sortable\":true}}},\"layouts\":{\"list\":[\"id\",\"action\",\"token\",\"createdAt\"],\"edit\":[[{\"name\":\"action\",\"size\":6},{\"name\":\"token\",\"size\":6}]]},\"uid\":\"admin::api-token-permission\"}','object',NULL,NULL),(3,'plugin_content_manager_configuration_content_types::admin::transfer-token-permission','{\"settings\":{\"bulkable\":true,\"filterable\":true,\"searchable\":true,\"pageSize\":10,\"mainField\":\"action\",\"defaultSortBy\":\"action\",\"defaultSortOrder\":\"ASC\"},\"metadatas\":{\"id\":{\"edit\":{},\"list\":{\"label\":\"id\",\"searchable\":true,\"sortable\":true}},\"action\":{\"edit\":{\"label\":\"action\",\"description\":\"\",\"placeholder\":\"\",\"visible\":true,\"editable\":true},\"list\":{\"label\":\"action\",\"searchable\":true,\"sortable\":true}},\"token\":{\"edit\":{\"label\":\"token\",\"description\":\"\",\"placeholder\":\"\",\"visible\":true,\"editable\":true,\"mainField\":\"name\"},\"list\":{\"label\":\"token\",\"searchable\":true,\"sortable\":true}},\"createdAt\":{\"edit\":{\"label\":\"createdAt\",\"description\":\"\",\"placeholder\":\"\",\"visible\":false,\"editable\":true},\"list\":{\"label\":\"createdAt\",\"searchable\":true,\"sortable\":true}},\"updatedAt\":{\"edit\":{\"label\":\"updatedAt\",\"description\":\"\",\"placeholder\":\"\",\"visible\":false,\"editable\":true},\"list\":{\"label\":\"updatedAt\",\"searchable\":true,\"sortable\":true}},\"createdBy\":{\"edit\":{\"label\":\"createdBy\",\"description\":\"\",\"placeholder\":\"\",\"visible\":false,\"editable\":true,\"mainField\":\"firstname\"},\"list\":{\"label\":\"createdBy\",\"searchable\":true,\"sortable\":true}},\"updatedBy\":{\"edit\":{\"label\":\"updatedBy\",\"description\":\"\",\"placeholder\":\"\",\"visible\":false,\"editable\":true,\"mainField\":\"firstname\"},\"list\":{\"label\":\"updatedBy\",\"searchable\":true,\"sortable\":true}}},\"layouts\":{\"list\":[\"id\",\"action\",\"token\",\"createdAt\"],\"edit\":[[{\"name\":\"action\",\"size\":6},{\"name\":\"token\",\"size\":6}]]},\"uid\":\"admin::transfer-token-permission\"}','object',NULL,NULL),(4,'plugin_content_manager_configuration_content_types::admin::transfer-token','{\"settings\":{\"bulkable\":true,\"filterable\":true,\"searchable\":true,\"pageSize\":10,\"mainField\":\"name\",\"defaultSortBy\":\"name\",\"defaultSortOrder\":\"ASC\"},\"metadatas\":{\"id\":{\"edit\":{},\"list\":{\"label\":\"id\",\"searchable\":true,\"sortable\":true}},\"name\":{\"edit\":{\"label\":\"name\",\"description\":\"\",\"placeholder\":\"\",\"visible\":true,\"editable\":true},\"list\":{\"label\":\"name\",\"searchable\":true,\"sortable\":true}},\"description\":{\"edit\":{\"label\":\"description\",\"description\":\"\",\"placeholder\":\"\",\"visible\":true,\"editable\":true},\"list\":{\"label\":\"description\",\"searchable\":true,\"sortable\":true}},\"accessKey\":{\"edit\":{\"label\":\"accessKey\",\"description\":\"\",\"placeholder\":\"\",\"visible\":true,\"editable\":true},\"list\":{\"label\":\"accessKey\",\"searchable\":true,\"sortable\":true}},\"lastUsedAt\":{\"edit\":{\"label\":\"lastUsedAt\",\"description\":\"\",\"placeholder\":\"\",\"visible\":true,\"editable\":true},\"list\":{\"label\":\"lastUsedAt\",\"searchable\":true,\"sortable\":true}},\"permissions\":{\"edit\":{\"label\":\"permissions\",\"description\":\"\",\"placeholder\":\"\",\"visible\":true,\"editable\":true,\"mainField\":\"action\"},\"list\":{\"label\":\"permissions\",\"searchable\":false,\"sortable\":false}},\"expiresAt\":{\"edit\":{\"label\":\"expiresAt\",\"description\":\"\",\"placeholder\":\"\",\"visible\":true,\"editable\":true},\"list\":{\"label\":\"expiresAt\",\"searchable\":true,\"sortable\":true}},\"lifespan\":{\"edit\":{\"label\":\"lifespan\",\"description\":\"\",\"placeholder\":\"\",\"visible\":true,\"editable\":true},\"list\":{\"label\":\"lifespan\",\"searchable\":true,\"sortable\":true}},\"createdAt\":{\"edit\":{\"label\":\"createdAt\",\"description\":\"\",\"placeholder\":\"\",\"visible\":false,\"editable\":true},\"list\":{\"label\":\"createdAt\",\"searchable\":true,\"sortable\":true}},\"updatedAt\":{\"edit\":{\"label\":\"updatedAt\",\"description\":\"\",\"placeholder\":\"\",\"visible\":false,\"editable\":true},\"list\":{\"label\":\"updatedAt\",\"searchable\":true,\"sortable\":true}},\"createdBy\":{\"edit\":{\"label\":\"createdBy\",\"description\":\"\",\"placeholder\":\"\",\"visible\":false,\"editable\":true,\"mainField\":\"firstname\"},\"list\":{\"label\":\"createdBy\",\"searchable\":true,\"sortable\":true}},\"updatedBy\":{\"edit\":{\"label\":\"updatedBy\",\"description\":\"\",\"placeholder\":\"\",\"visible\":false,\"editable\":true,\"mainField\":\"firstname\"},\"list\":{\"label\":\"updatedBy\",\"searchable\":true,\"sortable\":true}}},\"layouts\":{\"list\":[\"id\",\"name\",\"description\",\"accessKey\"],\"edit\":[[{\"name\":\"name\",\"size\":6},{\"name\":\"description\",\"size\":6}],[{\"name\":\"accessKey\",\"size\":6},{\"name\":\"lastUsedAt\",\"size\":6}],[{\"name\":\"permissions\",\"size\":6},{\"name\":\"expiresAt\",\"size\":6}],[{\"name\":\"lifespan\",\"size\":4}]]},\"uid\":\"admin::transfer-token\"}','object',NULL,NULL),(5,'plugin_content_manager_configuration_content_types::plugin::upload.file','{\"settings\":{\"bulkable\":true,\"filterable\":true,\"searchable\":true,\"pageSize\":10,\"mainField\":\"name\",\"defaultSortBy\":\"name\",\"defaultSortOrder\":\"ASC\"},\"metadatas\":{\"id\":{\"edit\":{},\"list\":{\"label\":\"id\",\"searchable\":true,\"sortable\":true}},\"name\":{\"edit\":{\"label\":\"name\",\"description\":\"\",\"placeholder\":\"\",\"visible\":true,\"editable\":true},\"list\":{\"label\":\"name\",\"searchable\":true,\"sortable\":true}},\"alternativeText\":{\"edit\":{\"label\":\"alternativeText\",\"description\":\"\",\"placeholder\":\"\",\"visible\":true,\"editable\":true},\"list\":{\"label\":\"alternativeText\",\"searchable\":true,\"sortable\":true}},\"caption\":{\"edit\":{\"label\":\"caption\",\"description\":\"\",\"placeholder\":\"\",\"visible\":true,\"editable\":true},\"list\":{\"label\":\"caption\",\"searchable\":true,\"sortable\":true}},\"width\":{\"edit\":{\"label\":\"width\",\"description\":\"\",\"placeholder\":\"\",\"visible\":true,\"editable\":true},\"list\":{\"label\":\"width\",\"searchable\":true,\"sortable\":true}},\"height\":{\"edit\":{\"label\":\"height\",\"description\":\"\",\"placeholder\":\"\",\"visible\":true,\"editable\":true},\"list\":{\"label\":\"height\",\"searchable\":true,\"sortable\":true}},\"formats\":{\"edit\":{\"label\":\"formats\",\"description\":\"\",\"placeholder\":\"\",\"visible\":true,\"editable\":true},\"list\":{\"label\":\"formats\",\"searchable\":false,\"sortable\":false}},\"hash\":{\"edit\":{\"label\":\"hash\",\"description\":\"\",\"placeholder\":\"\",\"visible\":true,\"editable\":true},\"list\":{\"label\":\"hash\",\"searchable\":true,\"sortable\":true}},\"ext\":{\"edit\":{\"label\":\"ext\",\"description\":\"\",\"placeholder\":\"\",\"visible\":true,\"editable\":true},\"list\":{\"label\":\"ext\",\"searchable\":true,\"sortable\":true}},\"mime\":{\"edit\":{\"label\":\"mime\",\"description\":\"\",\"placeholder\":\"\",\"visible\":true,\"editable\":true},\"list\":{\"label\":\"mime\",\"searchable\":true,\"sortable\":true}},\"size\":{\"edit\":{\"label\":\"size\",\"description\":\"\",\"placeholder\":\"\",\"visible\":true,\"editable\":true},\"list\":{\"label\":\"size\",\"searchable\":true,\"sortable\":true}},\"url\":{\"edit\":{\"label\":\"url\",\"description\":\"\",\"placeholder\":\"\",\"visible\":true,\"editable\":true},\"list\":{\"label\":\"url\",\"searchable\":true,\"sortable\":true}},\"previewUrl\":{\"edit\":{\"label\":\"previewUrl\",\"description\":\"\",\"placeholder\":\"\",\"visible\":true,\"editable\":true},\"list\":{\"label\":\"previewUrl\",\"searchable\":true,\"sortable\":true}},\"provider\":{\"edit\":{\"label\":\"provider\",\"description\":\"\",\"placeholder\":\"\",\"visible\":true,\"editable\":true},\"list\":{\"label\":\"provider\",\"searchable\":true,\"sortable\":true}},\"provider_metadata\":{\"edit\":{\"label\":\"provider_metadata\",\"description\":\"\",\"placeholder\":\"\",\"visible\":true,\"editable\":true},\"list\":{\"label\":\"provider_metadata\",\"searchable\":false,\"sortable\":false}},\"folder\":{\"edit\":{\"label\":\"folder\",\"description\":\"\",\"placeholder\":\"\",\"visible\":true,\"editable\":true,\"mainField\":\"name\"},\"list\":{\"label\":\"folder\",\"searchable\":true,\"sortable\":true}},\"folderPath\":{\"edit\":{\"label\":\"folderPath\",\"description\":\"\",\"placeholder\":\"\",\"visible\":true,\"editable\":true},\"list\":{\"label\":\"folderPath\",\"searchable\":true,\"sortable\":true}},\"createdAt\":{\"edit\":{\"label\":\"createdAt\",\"description\":\"\",\"placeholder\":\"\",\"visible\":false,\"editable\":true},\"list\":{\"label\":\"createdAt\",\"searchable\":true,\"sortable\":true}},\"updatedAt\":{\"edit\":{\"label\":\"updatedAt\",\"description\":\"\",\"placeholder\":\"\",\"visible\":false,\"editable\":true},\"list\":{\"label\":\"updatedAt\",\"searchable\":true,\"sortable\":true}},\"createdBy\":{\"edit\":{\"label\":\"createdBy\",\"description\":\"\",\"placeholder\":\"\",\"visible\":false,\"editable\":true,\"mainField\":\"firstname\"},\"list\":{\"label\":\"createdBy\",\"searchable\":true,\"sortable\":true}},\"updatedBy\":{\"edit\":{\"label\":\"updatedBy\",\"description\":\"\",\"placeholder\":\"\",\"visible\":false,\"editable\":true,\"mainField\":\"firstname\"},\"list\":{\"label\":\"updatedBy\",\"searchable\":true,\"sortable\":true}}},\"layouts\":{\"list\":[\"id\",\"name\",\"alternativeText\",\"caption\"],\"edit\":[[{\"name\":\"name\",\"size\":6},{\"name\":\"alternativeText\",\"size\":6}],[{\"name\":\"caption\",\"size\":6},{\"name\":\"width\",\"size\":4}],[{\"name\":\"height\",\"size\":4}],[{\"name\":\"formats\",\"size\":12}],[{\"name\":\"hash\",\"size\":6},{\"name\":\"ext\",\"size\":6}],[{\"name\":\"mime\",\"size\":6},{\"name\":\"size\",\"size\":4}],[{\"name\":\"url\",\"size\":6},{\"name\":\"previewUrl\",\"size\":6}],[{\"name\":\"provider\",\"size\":6}],[{\"name\":\"provider_metadata\",\"size\":12}],[{\"name\":\"folder\",\"size\":6},{\"name\":\"folderPath\",\"size\":6}]]},\"uid\":\"plugin::upload.file\"}','object',NULL,NULL),(6,'plugin_content_manager_configuration_content_types::plugin::upload.folder','{\"settings\":{\"bulkable\":true,\"filterable\":true,\"searchable\":true,\"pageSize\":10,\"mainField\":\"name\",\"defaultSortBy\":\"name\",\"defaultSortOrder\":\"ASC\"},\"metadatas\":{\"id\":{\"edit\":{},\"list\":{\"label\":\"id\",\"searchable\":true,\"sortable\":true}},\"name\":{\"edit\":{\"label\":\"name\",\"description\":\"\",\"placeholder\":\"\",\"visible\":true,\"editable\":true},\"list\":{\"label\":\"name\",\"searchable\":true,\"sortable\":true}},\"pathId\":{\"edit\":{\"label\":\"pathId\",\"description\":\"\",\"placeholder\":\"\",\"visible\":true,\"editable\":true},\"list\":{\"label\":\"pathId\",\"searchable\":true,\"sortable\":true}},\"parent\":{\"edit\":{\"label\":\"parent\",\"description\":\"\",\"placeholder\":\"\",\"visible\":true,\"editable\":true,\"mainField\":\"name\"},\"list\":{\"label\":\"parent\",\"searchable\":true,\"sortable\":true}},\"children\":{\"edit\":{\"label\":\"children\",\"description\":\"\",\"placeholder\":\"\",\"visible\":true,\"editable\":true,\"mainField\":\"name\"},\"list\":{\"label\":\"children\",\"searchable\":false,\"sortable\":false}},\"files\":{\"edit\":{\"label\":\"files\",\"description\":\"\",\"placeholder\":\"\",\"visible\":true,\"editable\":true,\"mainField\":\"name\"},\"list\":{\"label\":\"files\",\"searchable\":false,\"sortable\":false}},\"path\":{\"edit\":{\"label\":\"path\",\"description\":\"\",\"placeholder\":\"\",\"visible\":true,\"editable\":true},\"list\":{\"label\":\"path\",\"searchable\":true,\"sortable\":true}},\"createdAt\":{\"edit\":{\"label\":\"createdAt\",\"description\":\"\",\"placeholder\":\"\",\"visible\":false,\"editable\":true},\"list\":{\"label\":\"createdAt\",\"searchable\":true,\"sortable\":true}},\"updatedAt\":{\"edit\":{\"label\":\"updatedAt\",\"description\":\"\",\"placeholder\":\"\",\"visible\":false,\"editable\":true},\"list\":{\"label\":\"updatedAt\",\"searchable\":true,\"sortable\":true}},\"createdBy\":{\"edit\":{\"label\":\"createdBy\",\"description\":\"\",\"placeholder\":\"\",\"visible\":false,\"editable\":true,\"mainField\":\"firstname\"},\"list\":{\"label\":\"createdBy\",\"searchable\":true,\"sortable\":true}},\"updatedBy\":{\"edit\":{\"label\":\"updatedBy\",\"description\":\"\",\"placeholder\":\"\",\"visible\":false,\"editable\":true,\"mainField\":\"firstname\"},\"list\":{\"label\":\"updatedBy\",\"searchable\":true,\"sortable\":true}}},\"layouts\":{\"list\":[\"id\",\"name\",\"pathId\",\"parent\"],\"edit\":[[{\"name\":\"name\",\"size\":6},{\"name\":\"pathId\",\"size\":4}],[{\"name\":\"parent\",\"size\":6},{\"name\":\"children\",\"size\":6}],[{\"name\":\"files\",\"size\":6},{\"name\":\"path\",\"size\":6}]]},\"uid\":\"plugin::upload.folder\"}','object',NULL,NULL),(7,'plugin_content_manager_configuration_content_types::admin::user','{\"settings\":{\"bulkable\":true,\"filterable\":true,\"searchable\":true,\"pageSize\":10,\"mainField\":\"firstname\",\"defaultSortBy\":\"firstname\",\"defaultSortOrder\":\"ASC\"},\"metadatas\":{\"id\":{\"edit\":{},\"list\":{\"label\":\"id\",\"searchable\":true,\"sortable\":true}},\"firstname\":{\"edit\":{\"label\":\"firstname\",\"description\":\"\",\"placeholder\":\"\",\"visible\":true,\"editable\":true},\"list\":{\"label\":\"firstname\",\"searchable\":true,\"sortable\":true}},\"lastname\":{\"edit\":{\"label\":\"lastname\",\"description\":\"\",\"placeholder\":\"\",\"visible\":true,\"editable\":true},\"list\":{\"label\":\"lastname\",\"searchable\":true,\"sortable\":true}},\"username\":{\"edit\":{\"label\":\"username\",\"description\":\"\",\"placeholder\":\"\",\"visible\":true,\"editable\":true},\"list\":{\"label\":\"username\",\"searchable\":true,\"sortable\":true}},\"email\":{\"edit\":{\"label\":\"email\",\"description\":\"\",\"placeholder\":\"\",\"visible\":true,\"editable\":true},\"list\":{\"label\":\"email\",\"searchable\":true,\"sortable\":true}},\"password\":{\"edit\":{\"label\":\"password\",\"description\":\"\",\"placeholder\":\"\",\"visible\":true,\"editable\":true},\"list\":{\"label\":\"password\",\"searchable\":true,\"sortable\":true}},\"resetPasswordToken\":{\"edit\":{\"label\":\"resetPasswordToken\",\"description\":\"\",\"placeholder\":\"\",\"visible\":false,\"editable\":true},\"list\":{\"label\":\"resetPasswordToken\",\"searchable\":true,\"sortable\":true}},\"registrationToken\":{\"edit\":{\"label\":\"registrationToken\",\"description\":\"\",\"placeholder\":\"\",\"visible\":false,\"editable\":true},\"list\":{\"label\":\"registrationToken\",\"searchable\":true,\"sortable\":true}},\"isActive\":{\"edit\":{\"label\":\"isActive\",\"description\":\"\",\"placeholder\":\"\",\"visible\":true,\"editable\":true},\"list\":{\"label\":\"isActive\",\"searchable\":true,\"sortable\":true}},\"roles\":{\"edit\":{\"label\":\"roles\",\"description\":\"\",\"placeholder\":\"\",\"visible\":true,\"editable\":true,\"mainField\":\"name\"},\"list\":{\"label\":\"roles\",\"searchable\":false,\"sortable\":false}},\"blocked\":{\"edit\":{\"label\":\"blocked\",\"description\":\"\",\"placeholder\":\"\",\"visible\":true,\"editable\":true},\"list\":{\"label\":\"blocked\",\"searchable\":true,\"sortable\":true}},\"preferedLanguage\":{\"edit\":{\"label\":\"preferedLanguage\",\"description\":\"\",\"placeholder\":\"\",\"visible\":true,\"editable\":true},\"list\":{\"label\":\"preferedLanguage\",\"searchable\":true,\"sortable\":true}},\"createdAt\":{\"edit\":{\"label\":\"createdAt\",\"description\":\"\",\"placeholder\":\"\",\"visible\":false,\"editable\":true},\"list\":{\"label\":\"createdAt\",\"searchable\":true,\"sortable\":true}},\"updatedAt\":{\"edit\":{\"label\":\"updatedAt\",\"description\":\"\",\"placeholder\":\"\",\"visible\":false,\"editable\":true},\"list\":{\"label\":\"updatedAt\",\"searchable\":true,\"sortable\":true}},\"createdBy\":{\"edit\":{\"label\":\"createdBy\",\"description\":\"\",\"placeholder\":\"\",\"visible\":false,\"editable\":true,\"mainField\":\"firstname\"},\"list\":{\"label\":\"createdBy\",\"searchable\":true,\"sortable\":true}},\"updatedBy\":{\"edit\":{\"label\":\"updatedBy\",\"description\":\"\",\"placeholder\":\"\",\"visible\":false,\"editable\":true,\"mainField\":\"firstname\"},\"list\":{\"label\":\"updatedBy\",\"searchable\":true,\"sortable\":true}}},\"layouts\":{\"list\":[\"id\",\"firstname\",\"lastname\",\"username\"],\"edit\":[[{\"name\":\"firstname\",\"size\":6},{\"name\":\"lastname\",\"size\":6}],[{\"name\":\"username\",\"size\":6},{\"name\":\"email\",\"size\":6}],[{\"name\":\"password\",\"size\":6},{\"name\":\"isActive\",\"size\":4}],[{\"name\":\"roles\",\"size\":6},{\"name\":\"blocked\",\"size\":4}],[{\"name\":\"preferedLanguage\",\"size\":6}]]},\"uid\":\"admin::user\"}','object',NULL,NULL),(8,'plugin_content_manager_configuration_content_types::plugin::content-releases.release','{\"settings\":{\"bulkable\":true,\"filterable\":true,\"searchable\":true,\"pageSize\":10,\"mainField\":\"name\",\"defaultSortBy\":\"name\",\"defaultSortOrder\":\"ASC\"},\"metadatas\":{\"id\":{\"edit\":{},\"list\":{\"label\":\"id\",\"searchable\":true,\"sortable\":true}},\"name\":{\"edit\":{\"label\":\"name\",\"description\":\"\",\"placeholder\":\"\",\"visible\":true,\"editable\":true},\"list\":{\"label\":\"name\",\"searchable\":true,\"sortable\":true}},\"releasedAt\":{\"edit\":{\"label\":\"releasedAt\",\"description\":\"\",\"placeholder\":\"\",\"visible\":true,\"editable\":true},\"list\":{\"label\":\"releasedAt\",\"searchable\":true,\"sortable\":true}},\"scheduledAt\":{\"edit\":{\"label\":\"scheduledAt\",\"description\":\"\",\"placeholder\":\"\",\"visible\":true,\"editable\":true},\"list\":{\"label\":\"scheduledAt\",\"searchable\":true,\"sortable\":true}},\"timezone\":{\"edit\":{\"label\":\"timezone\",\"description\":\"\",\"placeholder\":\"\",\"visible\":true,\"editable\":true},\"list\":{\"label\":\"timezone\",\"searchable\":true,\"sortable\":true}},\"actions\":{\"edit\":{\"label\":\"actions\",\"description\":\"\",\"placeholder\":\"\",\"visible\":true,\"editable\":true,\"mainField\":\"contentType\"},\"list\":{\"label\":\"actions\",\"searchable\":false,\"sortable\":false}},\"createdAt\":{\"edit\":{\"label\":\"createdAt\",\"description\":\"\",\"placeholder\":\"\",\"visible\":false,\"editable\":true},\"list\":{\"label\":\"createdAt\",\"searchable\":true,\"sortable\":true}},\"updatedAt\":{\"edit\":{\"label\":\"updatedAt\",\"description\":\"\",\"placeholder\":\"\",\"visible\":false,\"editable\":true},\"list\":{\"label\":\"updatedAt\",\"searchable\":true,\"sortable\":true}},\"createdBy\":{\"edit\":{\"label\":\"createdBy\",\"description\":\"\",\"placeholder\":\"\",\"visible\":false,\"editable\":true,\"mainField\":\"firstname\"},\"list\":{\"label\":\"createdBy\",\"searchable\":true,\"sortable\":true}},\"updatedBy\":{\"edit\":{\"label\":\"updatedBy\",\"description\":\"\",\"placeholder\":\"\",\"visible\":false,\"editable\":true,\"mainField\":\"firstname\"},\"list\":{\"label\":\"updatedBy\",\"searchable\":true,\"sortable\":true}}},\"layouts\":{\"list\":[\"id\",\"name\",\"releasedAt\",\"scheduledAt\"],\"edit\":[[{\"name\":\"name\",\"size\":6},{\"name\":\"releasedAt\",\"size\":6}],[{\"name\":\"scheduledAt\",\"size\":6},{\"name\":\"timezone\",\"size\":6}],[{\"name\":\"actions\",\"size\":6}]]},\"uid\":\"plugin::content-releases.release\"}','object',NULL,NULL),(9,'plugin_content_manager_configuration_content_types::plugin::content-releases.release-action','{\"settings\":{\"bulkable\":true,\"filterable\":true,\"searchable\":true,\"pageSize\":10,\"mainField\":\"contentType\",\"defaultSortBy\":\"contentType\",\"defaultSortOrder\":\"ASC\"},\"metadatas\":{\"id\":{\"edit\":{},\"list\":{\"label\":\"id\",\"searchable\":true,\"sortable\":true}},\"type\":{\"edit\":{\"label\":\"type\",\"description\":\"\",\"placeholder\":\"\",\"visible\":true,\"editable\":true},\"list\":{\"label\":\"type\",\"searchable\":true,\"sortable\":true}},\"contentType\":{\"edit\":{\"label\":\"contentType\",\"description\":\"\",\"placeholder\":\"\",\"visible\":true,\"editable\":true},\"list\":{\"label\":\"contentType\",\"searchable\":true,\"sortable\":true}},\"locale\":{\"edit\":{\"label\":\"locale\",\"description\":\"\",\"placeholder\":\"\",\"visible\":true,\"editable\":true},\"list\":{\"label\":\"locale\",\"searchable\":true,\"sortable\":true}},\"release\":{\"edit\":{\"label\":\"release\",\"description\":\"\",\"placeholder\":\"\",\"visible\":true,\"editable\":true,\"mainField\":\"name\"},\"list\":{\"label\":\"release\",\"searchable\":true,\"sortable\":true}},\"createdAt\":{\"edit\":{\"label\":\"createdAt\",\"description\":\"\",\"placeholder\":\"\",\"visible\":false,\"editable\":true},\"list\":{\"label\":\"createdAt\",\"searchable\":true,\"sortable\":true}},\"updatedAt\":{\"edit\":{\"label\":\"updatedAt\",\"description\":\"\",\"placeholder\":\"\",\"visible\":false,\"editable\":true},\"list\":{\"label\":\"updatedAt\",\"searchable\":true,\"sortable\":true}},\"createdBy\":{\"edit\":{\"label\":\"createdBy\",\"description\":\"\",\"placeholder\":\"\",\"visible\":false,\"editable\":true,\"mainField\":\"firstname\"},\"list\":{\"label\":\"createdBy\",\"searchable\":true,\"sortable\":true}},\"updatedBy\":{\"edit\":{\"label\":\"updatedBy\",\"description\":\"\",\"placeholder\":\"\",\"visible\":false,\"editable\":true,\"mainField\":\"firstname\"},\"list\":{\"label\":\"updatedBy\",\"searchable\":true,\"sortable\":true}}},\"layouts\":{\"list\":[\"id\",\"type\",\"contentType\",\"locale\"],\"edit\":[[{\"name\":\"type\",\"size\":6},{\"name\":\"contentType\",\"size\":6}],[{\"name\":\"locale\",\"size\":6},{\"name\":\"release\",\"size\":6}]]},\"uid\":\"plugin::content-releases.release-action\"}','object',NULL,NULL),(10,'plugin_content_manager_configuration_content_types::plugin::users-permissions.permission','{\"settings\":{\"bulkable\":true,\"filterable\":true,\"searchable\":true,\"pageSize\":10,\"mainField\":\"action\",\"defaultSortBy\":\"action\",\"defaultSortOrder\":\"ASC\"},\"metadatas\":{\"id\":{\"edit\":{},\"list\":{\"label\":\"id\",\"searchable\":true,\"sortable\":true}},\"action\":{\"edit\":{\"label\":\"action\",\"description\":\"\",\"placeholder\":\"\",\"visible\":true,\"editable\":true},\"list\":{\"label\":\"action\",\"searchable\":true,\"sortable\":true}},\"role\":{\"edit\":{\"label\":\"role\",\"description\":\"\",\"placeholder\":\"\",\"visible\":true,\"editable\":true,\"mainField\":\"name\"},\"list\":{\"label\":\"role\",\"searchable\":true,\"sortable\":true}},\"createdAt\":{\"edit\":{\"label\":\"createdAt\",\"description\":\"\",\"placeholder\":\"\",\"visible\":false,\"editable\":true},\"list\":{\"label\":\"createdAt\",\"searchable\":true,\"sortable\":true}},\"updatedAt\":{\"edit\":{\"label\":\"updatedAt\",\"description\":\"\",\"placeholder\":\"\",\"visible\":false,\"editable\":true},\"list\":{\"label\":\"updatedAt\",\"searchable\":true,\"sortable\":true}},\"createdBy\":{\"edit\":{\"label\":\"createdBy\",\"description\":\"\",\"placeholder\":\"\",\"visible\":false,\"editable\":true,\"mainField\":\"firstname\"},\"list\":{\"label\":\"createdBy\",\"searchable\":true,\"sortable\":true}},\"updatedBy\":{\"edit\":{\"label\":\"updatedBy\",\"description\":\"\",\"placeholder\":\"\",\"visible\":false,\"editable\":true,\"mainField\":\"firstname\"},\"list\":{\"label\":\"updatedBy\",\"searchable\":true,\"sortable\":true}}},\"layouts\":{\"list\":[\"id\",\"action\",\"role\",\"createdAt\"],\"edit\":[[{\"name\":\"action\",\"size\":6},{\"name\":\"role\",\"size\":6}]]},\"uid\":\"plugin::users-permissions.permission\"}','object',NULL,NULL),(11,'plugin_content_manager_configuration_content_types::admin::permission','{\"settings\":{\"bulkable\":true,\"filterable\":true,\"searchable\":true,\"pageSize\":10,\"mainField\":\"action\",\"defaultSortBy\":\"action\",\"defaultSortOrder\":\"ASC\"},\"metadatas\":{\"id\":{\"edit\":{},\"list\":{\"label\":\"id\",\"searchable\":true,\"sortable\":true}},\"action\":{\"edit\":{\"label\":\"action\",\"description\":\"\",\"placeholder\":\"\",\"visible\":true,\"editable\":true},\"list\":{\"label\":\"action\",\"searchable\":true,\"sortable\":true}},\"actionParameters\":{\"edit\":{\"label\":\"actionParameters\",\"description\":\"\",\"placeholder\":\"\",\"visible\":true,\"editable\":true},\"list\":{\"label\":\"actionParameters\",\"searchable\":false,\"sortable\":false}},\"subject\":{\"edit\":{\"label\":\"subject\",\"description\":\"\",\"placeholder\":\"\",\"visible\":true,\"editable\":true},\"list\":{\"label\":\"subject\",\"searchable\":true,\"sortable\":true}},\"properties\":{\"edit\":{\"label\":\"properties\",\"description\":\"\",\"placeholder\":\"\",\"visible\":true,\"editable\":true},\"list\":{\"label\":\"properties\",\"searchable\":false,\"sortable\":false}},\"conditions\":{\"edit\":{\"label\":\"conditions\",\"description\":\"\",\"placeholder\":\"\",\"visible\":true,\"editable\":true},\"list\":{\"label\":\"conditions\",\"searchable\":false,\"sortable\":false}},\"role\":{\"edit\":{\"label\":\"role\",\"description\":\"\",\"placeholder\":\"\",\"visible\":true,\"editable\":true,\"mainField\":\"name\"},\"list\":{\"label\":\"role\",\"searchable\":true,\"sortable\":true}},\"createdAt\":{\"edit\":{\"label\":\"createdAt\",\"description\":\"\",\"placeholder\":\"\",\"visible\":false,\"editable\":true},\"list\":{\"label\":\"createdAt\",\"searchable\":true,\"sortable\":true}},\"updatedAt\":{\"edit\":{\"label\":\"updatedAt\",\"description\":\"\",\"placeholder\":\"\",\"visible\":false,\"editable\":true},\"list\":{\"label\":\"updatedAt\",\"searchable\":true,\"sortable\":true}},\"createdBy\":{\"edit\":{\"label\":\"createdBy\",\"description\":\"\",\"placeholder\":\"\",\"visible\":false,\"editable\":true,\"mainField\":\"firstname\"},\"list\":{\"label\":\"createdBy\",\"searchable\":true,\"sortable\":true}},\"updatedBy\":{\"edit\":{\"label\":\"updatedBy\",\"description\":\"\",\"placeholder\":\"\",\"visible\":false,\"editable\":true,\"mainField\":\"firstname\"},\"list\":{\"label\":\"updatedBy\",\"searchable\":true,\"sortable\":true}}},\"layouts\":{\"list\":[\"id\",\"action\",\"subject\",\"role\"],\"edit\":[[{\"name\":\"action\",\"size\":6}],[{\"name\":\"actionParameters\",\"size\":12}],[{\"name\":\"subject\",\"size\":6}],[{\"name\":\"properties\",\"size\":12}],[{\"name\":\"conditions\",\"size\":12}],[{\"name\":\"role\",\"size\":6}]]},\"uid\":\"admin::permission\"}','object',NULL,NULL),(12,'plugin_content_manager_configuration_content_types::admin::role','{\"settings\":{\"bulkable\":true,\"filterable\":true,\"searchable\":true,\"pageSize\":10,\"mainField\":\"name\",\"defaultSortBy\":\"name\",\"defaultSortOrder\":\"ASC\"},\"metadatas\":{\"id\":{\"edit\":{},\"list\":{\"label\":\"id\",\"searchable\":true,\"sortable\":true}},\"name\":{\"edit\":{\"label\":\"name\",\"description\":\"\",\"placeholder\":\"\",\"visible\":true,\"editable\":true},\"list\":{\"label\":\"name\",\"searchable\":true,\"sortable\":true}},\"code\":{\"edit\":{\"label\":\"code\",\"description\":\"\",\"placeholder\":\"\",\"visible\":true,\"editable\":true},\"list\":{\"label\":\"code\",\"searchable\":true,\"sortable\":true}},\"description\":{\"edit\":{\"label\":\"description\",\"description\":\"\",\"placeholder\":\"\",\"visible\":true,\"editable\":true},\"list\":{\"label\":\"description\",\"searchable\":true,\"sortable\":true}},\"users\":{\"edit\":{\"label\":\"users\",\"description\":\"\",\"placeholder\":\"\",\"visible\":true,\"editable\":true,\"mainField\":\"firstname\"},\"list\":{\"label\":\"users\",\"searchable\":false,\"sortable\":false}},\"permissions\":{\"edit\":{\"label\":\"permissions\",\"description\":\"\",\"placeholder\":\"\",\"visible\":true,\"editable\":true,\"mainField\":\"action\"},\"list\":{\"label\":\"permissions\",\"searchable\":false,\"sortable\":false}},\"createdAt\":{\"edit\":{\"label\":\"createdAt\",\"description\":\"\",\"placeholder\":\"\",\"visible\":false,\"editable\":true},\"list\":{\"label\":\"createdAt\",\"searchable\":true,\"sortable\":true}},\"updatedAt\":{\"edit\":{\"label\":\"updatedAt\",\"description\":\"\",\"placeholder\":\"\",\"visible\":false,\"editable\":true},\"list\":{\"label\":\"updatedAt\",\"searchable\":true,\"sortable\":true}},\"createdBy\":{\"edit\":{\"label\":\"createdBy\",\"description\":\"\",\"placeholder\":\"\",\"visible\":false,\"editable\":true,\"mainField\":\"firstname\"},\"list\":{\"label\":\"createdBy\",\"searchable\":true,\"sortable\":true}},\"updatedBy\":{\"edit\":{\"label\":\"updatedBy\",\"description\":\"\",\"placeholder\":\"\",\"visible\":false,\"editable\":true,\"mainField\":\"firstname\"},\"list\":{\"label\":\"updatedBy\",\"searchable\":true,\"sortable\":true}}},\"layouts\":{\"list\":[\"id\",\"name\",\"code\",\"description\"],\"edit\":[[{\"name\":\"name\",\"size\":6},{\"name\":\"code\",\"size\":6}],[{\"name\":\"description\",\"size\":6},{\"name\":\"users\",\"size\":6}],[{\"name\":\"permissions\",\"size\":6}]]},\"uid\":\"admin::role\"}','object',NULL,NULL),(13,'plugin_content_manager_configuration_content_types::admin::api-token','{\"settings\":{\"bulkable\":true,\"filterable\":true,\"searchable\":true,\"pageSize\":10,\"mainField\":\"name\",\"defaultSortBy\":\"name\",\"defaultSortOrder\":\"ASC\"},\"metadatas\":{\"id\":{\"edit\":{},\"list\":{\"label\":\"id\",\"searchable\":true,\"sortable\":true}},\"name\":{\"edit\":{\"label\":\"name\",\"description\":\"\",\"placeholder\":\"\",\"visible\":true,\"editable\":true},\"list\":{\"label\":\"name\",\"searchable\":true,\"sortable\":true}},\"description\":{\"edit\":{\"label\":\"description\",\"description\":\"\",\"placeholder\":\"\",\"visible\":true,\"editable\":true},\"list\":{\"label\":\"description\",\"searchable\":true,\"sortable\":true}},\"type\":{\"edit\":{\"label\":\"type\",\"description\":\"\",\"placeholder\":\"\",\"visible\":true,\"editable\":true},\"list\":{\"label\":\"type\",\"searchable\":true,\"sortable\":true}},\"accessKey\":{\"edit\":{\"label\":\"accessKey\",\"description\":\"\",\"placeholder\":\"\",\"visible\":true,\"editable\":true},\"list\":{\"label\":\"accessKey\",\"searchable\":true,\"sortable\":true}},\"lastUsedAt\":{\"edit\":{\"label\":\"lastUsedAt\",\"description\":\"\",\"placeholder\":\"\",\"visible\":true,\"editable\":true},\"list\":{\"label\":\"lastUsedAt\",\"searchable\":true,\"sortable\":true}},\"permissions\":{\"edit\":{\"label\":\"permissions\",\"description\":\"\",\"placeholder\":\"\",\"visible\":true,\"editable\":true,\"mainField\":\"action\"},\"list\":{\"label\":\"permissions\",\"searchable\":false,\"sortable\":false}},\"expiresAt\":{\"edit\":{\"label\":\"expiresAt\",\"description\":\"\",\"placeholder\":\"\",\"visible\":true,\"editable\":true},\"list\":{\"label\":\"expiresAt\",\"searchable\":true,\"sortable\":true}},\"lifespan\":{\"edit\":{\"label\":\"lifespan\",\"description\":\"\",\"placeholder\":\"\",\"visible\":true,\"editable\":true},\"list\":{\"label\":\"lifespan\",\"searchable\":true,\"sortable\":true}},\"createdAt\":{\"edit\":{\"label\":\"createdAt\",\"description\":\"\",\"placeholder\":\"\",\"visible\":false,\"editable\":true},\"list\":{\"label\":\"createdAt\",\"searchable\":true,\"sortable\":true}},\"updatedAt\":{\"edit\":{\"label\":\"updatedAt\",\"description\":\"\",\"placeholder\":\"\",\"visible\":false,\"editable\":true},\"list\":{\"label\":\"updatedAt\",\"searchable\":true,\"sortable\":true}},\"createdBy\":{\"edit\":{\"label\":\"createdBy\",\"description\":\"\",\"placeholder\":\"\",\"visible\":false,\"editable\":true,\"mainField\":\"firstname\"},\"list\":{\"label\":\"createdBy\",\"searchable\":true,\"sortable\":true}},\"updatedBy\":{\"edit\":{\"label\":\"updatedBy\",\"description\":\"\",\"placeholder\":\"\",\"visible\":false,\"editable\":true,\"mainField\":\"firstname\"},\"list\":{\"label\":\"updatedBy\",\"searchable\":true,\"sortable\":true}}},\"layouts\":{\"list\":[\"id\",\"name\",\"description\",\"type\"],\"edit\":[[{\"name\":\"name\",\"size\":6},{\"name\":\"description\",\"size\":6}],[{\"name\":\"type\",\"size\":6},{\"name\":\"accessKey\",\"size\":6}],[{\"name\":\"lastUsedAt\",\"size\":6},{\"name\":\"permissions\",\"size\":6}],[{\"name\":\"expiresAt\",\"size\":6},{\"name\":\"lifespan\",\"size\":4}]]},\"uid\":\"admin::api-token\"}','object',NULL,NULL),(14,'plugin_content_manager_configuration_content_types::plugin::i18n.locale','{\"settings\":{\"bulkable\":true,\"filterable\":true,\"searchable\":true,\"pageSize\":10,\"mainField\":\"name\",\"defaultSortBy\":\"name\",\"defaultSortOrder\":\"ASC\"},\"metadatas\":{\"id\":{\"edit\":{},\"list\":{\"label\":\"id\",\"searchable\":true,\"sortable\":true}},\"name\":{\"edit\":{\"label\":\"name\",\"description\":\"\",\"placeholder\":\"\",\"visible\":true,\"editable\":true},\"list\":{\"label\":\"name\",\"searchable\":true,\"sortable\":true}},\"code\":{\"edit\":{\"label\":\"code\",\"description\":\"\",\"placeholder\":\"\",\"visible\":true,\"editable\":true},\"list\":{\"label\":\"code\",\"searchable\":true,\"sortable\":true}},\"createdAt\":{\"edit\":{\"label\":\"createdAt\",\"description\":\"\",\"placeholder\":\"\",\"visible\":false,\"editable\":true},\"list\":{\"label\":\"createdAt\",\"searchable\":true,\"sortable\":true}},\"updatedAt\":{\"edit\":{\"label\":\"updatedAt\",\"description\":\"\",\"placeholder\":\"\",\"visible\":false,\"editable\":true},\"list\":{\"label\":\"updatedAt\",\"searchable\":true,\"sortable\":true}},\"createdBy\":{\"edit\":{\"label\":\"createdBy\",\"description\":\"\",\"placeholder\":\"\",\"visible\":false,\"editable\":true,\"mainField\":\"firstname\"},\"list\":{\"label\":\"createdBy\",\"searchable\":true,\"sortable\":true}},\"updatedBy\":{\"edit\":{\"label\":\"updatedBy\",\"description\":\"\",\"placeholder\":\"\",\"visible\":false,\"editable\":true,\"mainField\":\"firstname\"},\"list\":{\"label\":\"updatedBy\",\"searchable\":true,\"sortable\":true}}},\"layouts\":{\"list\":[\"id\",\"name\",\"code\",\"createdAt\"],\"edit\":[[{\"name\":\"name\",\"size\":6},{\"name\":\"code\",\"size\":6}]]},\"uid\":\"plugin::i18n.locale\"}','object',NULL,NULL),(15,'plugin_content_manager_configuration_content_types::plugin::users-permissions.role','{\"settings\":{\"bulkable\":true,\"filterable\":true,\"searchable\":true,\"pageSize\":10,\"mainField\":\"name\",\"defaultSortBy\":\"name\",\"defaultSortOrder\":\"ASC\"},\"metadatas\":{\"id\":{\"edit\":{},\"list\":{\"label\":\"id\",\"searchable\":true,\"sortable\":true}},\"name\":{\"edit\":{\"label\":\"name\",\"description\":\"\",\"placeholder\":\"\",\"visible\":true,\"editable\":true},\"list\":{\"label\":\"name\",\"searchable\":true,\"sortable\":true}},\"description\":{\"edit\":{\"label\":\"description\",\"description\":\"\",\"placeholder\":\"\",\"visible\":true,\"editable\":true},\"list\":{\"label\":\"description\",\"searchable\":true,\"sortable\":true}},\"type\":{\"edit\":{\"label\":\"type\",\"description\":\"\",\"placeholder\":\"\",\"visible\":true,\"editable\":true},\"list\":{\"label\":\"type\",\"searchable\":true,\"sortable\":true}},\"permissions\":{\"edit\":{\"label\":\"permissions\",\"description\":\"\",\"placeholder\":\"\",\"visible\":true,\"editable\":true,\"mainField\":\"action\"},\"list\":{\"label\":\"permissions\",\"searchable\":false,\"sortable\":false}},\"users\":{\"edit\":{\"label\":\"users\",\"description\":\"\",\"placeholder\":\"\",\"visible\":true,\"editable\":true,\"mainField\":\"username\"},\"list\":{\"label\":\"users\",\"searchable\":false,\"sortable\":false}},\"createdAt\":{\"edit\":{\"label\":\"createdAt\",\"description\":\"\",\"placeholder\":\"\",\"visible\":false,\"editable\":true},\"list\":{\"label\":\"createdAt\",\"searchable\":true,\"sortable\":true}},\"updatedAt\":{\"edit\":{\"label\":\"updatedAt\",\"description\":\"\",\"placeholder\":\"\",\"visible\":false,\"editable\":true},\"list\":{\"label\":\"updatedAt\",\"searchable\":true,\"sortable\":true}},\"createdBy\":{\"edit\":{\"label\":\"createdBy\",\"description\":\"\",\"placeholder\":\"\",\"visible\":false,\"editable\":true,\"mainField\":\"firstname\"},\"list\":{\"label\":\"createdBy\",\"searchable\":true,\"sortable\":true}},\"updatedBy\":{\"edit\":{\"label\":\"updatedBy\",\"description\":\"\",\"placeholder\":\"\",\"visible\":false,\"editable\":true,\"mainField\":\"firstname\"},\"list\":{\"label\":\"updatedBy\",\"searchable\":true,\"sortable\":true}}},\"layouts\":{\"list\":[\"id\",\"name\",\"description\",\"type\"],\"edit\":[[{\"name\":\"name\",\"size\":6},{\"name\":\"description\",\"size\":6}],[{\"name\":\"type\",\"size\":6},{\"name\":\"permissions\",\"size\":6}],[{\"name\":\"users\",\"size\":6}]]},\"uid\":\"plugin::users-permissions.role\"}','object',NULL,NULL),(16,'plugin_content_manager_configuration_content_types::plugin::users-permissions.user','{\"settings\":{\"bulkable\":true,\"filterable\":true,\"searchable\":true,\"pageSize\":10,\"mainField\":\"username\",\"defaultSortBy\":\"username\",\"defaultSortOrder\":\"ASC\"},\"metadatas\":{\"id\":{\"edit\":{},\"list\":{\"label\":\"id\",\"searchable\":true,\"sortable\":true}},\"username\":{\"edit\":{\"label\":\"username\",\"description\":\"\",\"placeholder\":\"\",\"visible\":true,\"editable\":true},\"list\":{\"label\":\"username\",\"searchable\":true,\"sortable\":true}},\"email\":{\"edit\":{\"label\":\"email\",\"description\":\"\",\"placeholder\":\"\",\"visible\":true,\"editable\":true},\"list\":{\"label\":\"email\",\"searchable\":true,\"sortable\":true}},\"provider\":{\"edit\":{\"label\":\"provider\",\"description\":\"\",\"placeholder\":\"\",\"visible\":false,\"editable\":true},\"list\":{\"label\":\"provider\",\"searchable\":true,\"sortable\":true}},\"password\":{\"edit\":{\"label\":\"password\",\"description\":\"\",\"placeholder\":\"\",\"visible\":true,\"editable\":true},\"list\":{\"label\":\"password\",\"searchable\":true,\"sortable\":true}},\"resetPasswordToken\":{\"edit\":{\"label\":\"resetPasswordToken\",\"description\":\"\",\"placeholder\":\"\",\"visible\":false,\"editable\":true},\"list\":{\"label\":\"resetPasswordToken\",\"searchable\":true,\"sortable\":true}},\"confirmationToken\":{\"edit\":{\"label\":\"confirmationToken\",\"description\":\"\",\"placeholder\":\"\",\"visible\":false,\"editable\":true},\"list\":{\"label\":\"confirmationToken\",\"searchable\":true,\"sortable\":true}},\"confirmed\":{\"edit\":{\"label\":\"confirmed\",\"description\":\"\",\"placeholder\":\"\",\"visible\":true,\"editable\":true},\"list\":{\"label\":\"confirmed\",\"searchable\":true,\"sortable\":true}},\"blocked\":{\"edit\":{\"label\":\"blocked\",\"description\":\"\",\"placeholder\":\"\",\"visible\":true,\"editable\":true},\"list\":{\"label\":\"blocked\",\"searchable\":true,\"sortable\":true}},\"role\":{\"edit\":{\"label\":\"role\",\"description\":\"\",\"placeholder\":\"\",\"visible\":true,\"editable\":true,\"mainField\":\"name\"},\"list\":{\"label\":\"role\",\"searchable\":true,\"sortable\":true}},\"createdAt\":{\"edit\":{\"label\":\"createdAt\",\"description\":\"\",\"placeholder\":\"\",\"visible\":false,\"editable\":true},\"list\":{\"label\":\"createdAt\",\"searchable\":true,\"sortable\":true}},\"updatedAt\":{\"edit\":{\"label\":\"updatedAt\",\"description\":\"\",\"placeholder\":\"\",\"visible\":false,\"editable\":true},\"list\":{\"label\":\"updatedAt\",\"searchable\":true,\"sortable\":true}},\"createdBy\":{\"edit\":{\"label\":\"createdBy\",\"description\":\"\",\"placeholder\":\"\",\"visible\":false,\"editable\":true,\"mainField\":\"firstname\"},\"list\":{\"label\":\"createdBy\",\"searchable\":true,\"sortable\":true}},\"updatedBy\":{\"edit\":{\"label\":\"updatedBy\",\"description\":\"\",\"placeholder\":\"\",\"visible\":false,\"editable\":true,\"mainField\":\"firstname\"},\"list\":{\"label\":\"updatedBy\",\"searchable\":true,\"sortable\":true}}},\"layouts\":{\"list\":[\"id\",\"username\",\"email\",\"confirmed\"],\"edit\":[[{\"name\":\"username\",\"size\":6},{\"name\":\"email\",\"size\":6}],[{\"name\":\"password\",\"size\":6},{\"name\":\"confirmed\",\"size\":4}],[{\"name\":\"blocked\",\"size\":4},{\"name\":\"role\",\"size\":6}]]},\"uid\":\"plugin::users-permissions.user\"}','object',NULL,NULL),(17,'plugin_upload_settings','{\"sizeOptimization\":true,\"responsiveDimensions\":true,\"autoOrientation\":false}','object',NULL,NULL),(18,'plugin_upload_view_configuration','{\"pageSize\":10,\"sort\":\"createdAt:DESC\"}','object',NULL,NULL),(19,'plugin_upload_metrics','{\"weeklySchedule\":\"12 23 18 * * 1\",\"lastWeeklyUpdate\":1710766392029}','object',NULL,NULL),(20,'plugin_i18n_default_locale','\"en\"','string',NULL,NULL),(21,'plugin_users-permissions_grant','{\"email\":{\"enabled\":true,\"icon\":\"envelope\"},\"discord\":{\"enabled\":false,\"icon\":\"discord\",\"key\":\"\",\"secret\":\"\",\"callback\":\"api/auth/discord/callback\",\"scope\":[\"identify\",\"email\"]},\"facebook\":{\"enabled\":false,\"icon\":\"facebook-square\",\"key\":\"\",\"secret\":\"\",\"callback\":\"api/auth/facebook/callback\",\"scope\":[\"email\"]},\"google\":{\"enabled\":false,\"icon\":\"google\",\"key\":\"\",\"secret\":\"\",\"callback\":\"api/auth/google/callback\",\"scope\":[\"email\"]},\"github\":{\"enabled\":false,\"icon\":\"github\",\"key\":\"\",\"secret\":\"\",\"callback\":\"api/auth/github/callback\",\"scope\":[\"user\",\"user:email\"]},\"microsoft\":{\"enabled\":false,\"icon\":\"windows\",\"key\":\"\",\"secret\":\"\",\"callback\":\"api/auth/microsoft/callback\",\"scope\":[\"user.read\"]},\"twitter\":{\"enabled\":false,\"icon\":\"twitter\",\"key\":\"\",\"secret\":\"\",\"callback\":\"api/auth/twitter/callback\"},\"instagram\":{\"enabled\":false,\"icon\":\"instagram\",\"key\":\"\",\"secret\":\"\",\"callback\":\"api/auth/instagram/callback\",\"scope\":[\"user_profile\"]},\"vk\":{\"enabled\":false,\"icon\":\"vk\",\"key\":\"\",\"secret\":\"\",\"callback\":\"api/auth/vk/callback\",\"scope\":[\"email\"]},\"twitch\":{\"enabled\":false,\"icon\":\"twitch\",\"key\":\"\",\"secret\":\"\",\"callback\":\"api/auth/twitch/callback\",\"scope\":[\"user:read:email\"]},\"linkedin\":{\"enabled\":false,\"icon\":\"linkedin\",\"key\":\"\",\"secret\":\"\",\"callback\":\"api/auth/linkedin/callback\",\"scope\":[\"r_liteprofile\",\"r_emailaddress\"]},\"cognito\":{\"enabled\":false,\"icon\":\"aws\",\"key\":\"\",\"secret\":\"\",\"subdomain\":\"my.subdomain.com\",\"callback\":\"api/auth/cognito/callback\",\"scope\":[\"email\",\"openid\",\"profile\"]},\"reddit\":{\"enabled\":false,\"icon\":\"reddit\",\"key\":\"\",\"secret\":\"\",\"state\":true,\"callback\":\"api/auth/reddit/callback\",\"scope\":[\"identity\"]},\"auth0\":{\"enabled\":false,\"icon\":\"\",\"key\":\"\",\"secret\":\"\",\"subdomain\":\"my-tenant.eu\",\"callback\":\"api/auth/auth0/callback\",\"scope\":[\"openid\",\"email\",\"profile\"]},\"cas\":{\"enabled\":false,\"icon\":\"book\",\"key\":\"\",\"secret\":\"\",\"callback\":\"api/auth/cas/callback\",\"scope\":[\"openid email\"],\"subdomain\":\"my.subdomain.com/cas\"},\"patreon\":{\"enabled\":false,\"icon\":\"\",\"key\":\"\",\"secret\":\"\",\"callback\":\"api/auth/patreon/callback\",\"scope\":[\"identity\",\"identity[email]\"]}}','object',NULL,NULL),(22,'plugin_users-permissions_email','{\"reset_password\":{\"display\":\"Email.template.reset_password\",\"icon\":\"sync\",\"options\":{\"from\":{\"name\":\"Administration Panel\",\"email\":\"no-reply@strapi.io\"},\"response_email\":\"\",\"object\":\"Reset password\",\"message\":\"<p>We heard that you lost your password. Sorry about that!</p>\\n\\n<p>But don’t worry! You can use the following link to reset your password:</p>\\n<p><%= URL %>?code=<%= TOKEN %></p>\\n\\n<p>Thanks.</p>\"}},\"email_confirmation\":{\"display\":\"Email.template.email_confirmation\",\"icon\":\"check-square\",\"options\":{\"from\":{\"name\":\"Administration Panel\",\"email\":\"no-reply@strapi.io\"},\"response_email\":\"\",\"object\":\"Account confirmation\",\"message\":\"<p>Thank you for registering!</p>\\n\\n<p>You have to confirm your email address. Please click on the link below.</p>\\n\\n<p><%= URL %>?confirmation=<%= CODE %></p>\\n\\n<p>Thanks.</p>\"}}}','object',NULL,NULL),(23,'plugin_users-permissions_advanced','{\"unique_email\":true,\"allow_register\":true,\"email_confirmation\":false,\"email_reset_password\":null,\"email_confirmation_redirection\":null,\"default_role\":\"authenticated\"}','object',NULL,NULL),(24,'core_admin_auth','{\"providers\":{\"autoRegister\":false,\"defaultRole\":null,\"ssoLockedRoles\":null}}','object',NULL,NULL),(25,'plugin_content_manager_configuration_content_types::api::new.new','{\"settings\":{\"bulkable\":true,\"filterable\":true,\"searchable\":true,\"pageSize\":10,\"mainField\":\"Title\",\"defaultSortBy\":\"Title\",\"defaultSortOrder\":\"ASC\"},\"metadatas\":{\"id\":{\"edit\":{},\"list\":{\"label\":\"id\",\"searchable\":true,\"sortable\":true}},\"Title\":{\"edit\":{\"label\":\"Title\",\"description\":\"\",\"placeholder\":\"\",\"visible\":true,\"editable\":true},\"list\":{\"label\":\"Title\",\"searchable\":true,\"sortable\":true}},\"TitleA\":{\"edit\":{\"label\":\"TitleA\",\"description\":\"\",\"placeholder\":\"\",\"visible\":true,\"editable\":true},\"list\":{\"label\":\"TitleA\",\"searchable\":true,\"sortable\":true}},\"Content\":{\"edit\":{\"label\":\"Content\",\"description\":\"\",\"placeholder\":\"\",\"visible\":true,\"editable\":true},\"list\":{\"label\":\"Content\",\"searchable\":true,\"sortable\":true}},\"ContentA\":{\"edit\":{\"label\":\"ContentA\",\"description\":\"\",\"placeholder\":\"\",\"visible\":true,\"editable\":true},\"list\":{\"label\":\"ContentA\",\"searchable\":true,\"sortable\":true}},\"Date\":{\"edit\":{\"label\":\"Date\",\"description\":\"\",\"placeholder\":\"\",\"visible\":true,\"editable\":true},\"list\":{\"label\":\"Date\",\"searchable\":true,\"sortable\":true}},\"HeroImg\":{\"edit\":{\"label\":\"HeroImg\",\"description\":\"\",\"placeholder\":\"\",\"visible\":true,\"editable\":true},\"list\":{\"label\":\"HeroImg\",\"searchable\":false,\"sortable\":false}},\"Author\":{\"edit\":{\"label\":\"Author\",\"description\":\"\",\"placeholder\":\"\",\"visible\":true,\"editable\":true},\"list\":{\"label\":\"Author\",\"searchable\":true,\"sortable\":true}},\"AuthorA\":{\"edit\":{\"label\":\"AuthorA\",\"description\":\"\",\"placeholder\":\"\",\"visible\":true,\"editable\":true},\"list\":{\"label\":\"AuthorA\",\"searchable\":true,\"sortable\":true}},\"Desc\":{\"edit\":{\"label\":\"Desc\",\"description\":\"\",\"placeholder\":\"\",\"visible\":true,\"editable\":true},\"list\":{\"label\":\"Desc\",\"searchable\":true,\"sortable\":true}},\"DescA\":{\"edit\":{\"label\":\"DescA\",\"description\":\"\",\"placeholder\":\"\",\"visible\":true,\"editable\":true},\"list\":{\"label\":\"DescA\",\"searchable\":true,\"sortable\":true}},\"createdAt\":{\"edit\":{\"label\":\"createdAt\",\"description\":\"\",\"placeholder\":\"\",\"visible\":false,\"editable\":true},\"list\":{\"label\":\"createdAt\",\"searchable\":true,\"sortable\":true}},\"updatedAt\":{\"edit\":{\"label\":\"updatedAt\",\"description\":\"\",\"placeholder\":\"\",\"visible\":false,\"editable\":true},\"list\":{\"label\":\"updatedAt\",\"searchable\":true,\"sortable\":true}},\"createdBy\":{\"edit\":{\"label\":\"createdBy\",\"description\":\"\",\"placeholder\":\"\",\"visible\":false,\"editable\":true,\"mainField\":\"firstname\"},\"list\":{\"label\":\"createdBy\",\"searchable\":true,\"sortable\":true}},\"updatedBy\":{\"edit\":{\"label\":\"updatedBy\",\"description\":\"\",\"placeholder\":\"\",\"visible\":false,\"editable\":true,\"mainField\":\"firstname\"},\"list\":{\"label\":\"updatedBy\",\"searchable\":true,\"sortable\":true}}},\"layouts\":{\"list\":[\"id\",\"Title\",\"TitleA\",\"Content\"],\"edit\":[[{\"name\":\"Title\",\"size\":6},{\"name\":\"TitleA\",\"size\":6}],[{\"name\":\"Content\",\"size\":6},{\"name\":\"ContentA\",\"size\":6}],[{\"name\":\"Date\",\"size\":4},{\"name\":\"HeroImg\",\"size\":6}],[{\"name\":\"Author\",\"size\":6},{\"name\":\"AuthorA\",\"size\":6}],[{\"name\":\"Desc\",\"size\":6},{\"name\":\"DescA\",\"size\":6}]]},\"uid\":\"api::new.new\"}','object',NULL,NULL),(26,'plugin_content_manager_configuration_content_types::api::feedback.feedback','{\"settings\":{\"bulkable\":true,\"filterable\":true,\"searchable\":true,\"pageSize\":10,\"mainField\":\"Name\",\"defaultSortBy\":\"Name\",\"defaultSortOrder\":\"ASC\"},\"metadatas\":{\"id\":{\"edit\":{},\"list\":{\"label\":\"id\",\"searchable\":true,\"sortable\":true}},\"Name\":{\"edit\":{\"label\":\"Name\",\"description\":\"\",\"placeholder\":\"\",\"visible\":true,\"editable\":true},\"list\":{\"label\":\"Name\",\"searchable\":true,\"sortable\":true}},\"Email\":{\"edit\":{\"label\":\"Email\",\"description\":\"\",\"placeholder\":\"\",\"visible\":true,\"editable\":true},\"list\":{\"label\":\"Email\",\"searchable\":true,\"sortable\":true}},\"Number\":{\"edit\":{\"label\":\"Number\",\"description\":\"\",\"placeholder\":\"\",\"visible\":true,\"editable\":true},\"list\":{\"label\":\"Number\",\"searchable\":true,\"sortable\":true}},\"Feedback\":{\"edit\":{\"label\":\"Feedback\",\"description\":\"\",\"placeholder\":\"\",\"visible\":true,\"editable\":true},\"list\":{\"label\":\"Feedback\",\"searchable\":true,\"sortable\":true}},\"Message\":{\"edit\":{\"label\":\"Message\",\"description\":\"\",\"placeholder\":\"\",\"visible\":true,\"editable\":true},\"list\":{\"label\":\"Message\",\"searchable\":true,\"sortable\":true}},\"createdAt\":{\"edit\":{\"label\":\"createdAt\",\"description\":\"\",\"placeholder\":\"\",\"visible\":false,\"editable\":true},\"list\":{\"label\":\"createdAt\",\"searchable\":true,\"sortable\":true}},\"updatedAt\":{\"edit\":{\"label\":\"updatedAt\",\"description\":\"\",\"placeholder\":\"\",\"visible\":false,\"editable\":true},\"list\":{\"label\":\"updatedAt\",\"searchable\":true,\"sortable\":true}},\"createdBy\":{\"edit\":{\"label\":\"createdBy\",\"description\":\"\",\"placeholder\":\"\",\"visible\":false,\"editable\":true,\"mainField\":\"firstname\"},\"list\":{\"label\":\"createdBy\",\"searchable\":true,\"sortable\":true}},\"updatedBy\":{\"edit\":{\"label\":\"updatedBy\",\"description\":\"\",\"placeholder\":\"\",\"visible\":false,\"editable\":true,\"mainField\":\"firstname\"},\"list\":{\"label\":\"updatedBy\",\"searchable\":true,\"sortable\":true}}},\"layouts\":{\"list\":[\"id\",\"Name\",\"Email\",\"Number\"],\"edit\":[[{\"name\":\"Name\",\"size\":6},{\"name\":\"Email\",\"size\":6}],[{\"name\":\"Number\",\"size\":4},{\"name\":\"Feedback\",\"size\":6}],[{\"name\":\"Message\",\"size\":6}]]},\"uid\":\"api::feedback.feedback\"}','object',NULL,NULL),(28,'plugin_content_manager_configuration_content_types::api::complaint.complaint','{\"settings\":{\"bulkable\":true,\"filterable\":true,\"searchable\":true,\"pageSize\":10,\"mainField\":\"Name\",\"defaultSortBy\":\"Name\",\"defaultSortOrder\":\"ASC\"},\"metadatas\":{\"id\":{\"edit\":{},\"list\":{\"label\":\"id\",\"searchable\":true,\"sortable\":true}},\"Name\":{\"edit\":{\"label\":\"Name\",\"description\":\"\",\"placeholder\":\"\",\"visible\":true,\"editable\":true},\"list\":{\"label\":\"Name\",\"searchable\":true,\"sortable\":true}},\"Complaints\":{\"edit\":{\"label\":\"Complaints\",\"description\":\"\",\"placeholder\":\"\",\"visible\":true,\"editable\":true},\"list\":{\"label\":\"Complaints\",\"searchable\":true,\"sortable\":true}},\"Email\":{\"edit\":{\"label\":\"Email\",\"description\":\"\",\"placeholder\":\"\",\"visible\":true,\"editable\":true},\"list\":{\"label\":\"Email\",\"searchable\":true,\"sortable\":true}},\"Message\":{\"edit\":{\"label\":\"Message\",\"description\":\"\",\"placeholder\":\"\",\"visible\":true,\"editable\":true},\"list\":{\"label\":\"Message\",\"searchable\":true,\"sortable\":true}},\"Number\":{\"edit\":{\"label\":\"Number\",\"description\":\"\",\"placeholder\":\"\",\"visible\":true,\"editable\":true},\"list\":{\"label\":\"Number\",\"searchable\":true,\"sortable\":true}},\"createdAt\":{\"edit\":{\"label\":\"createdAt\",\"description\":\"\",\"placeholder\":\"\",\"visible\":false,\"editable\":true},\"list\":{\"label\":\"createdAt\",\"searchable\":true,\"sortable\":true}},\"updatedAt\":{\"edit\":{\"label\":\"updatedAt\",\"description\":\"\",\"placeholder\":\"\",\"visible\":false,\"editable\":true},\"list\":{\"label\":\"updatedAt\",\"searchable\":true,\"sortable\":true}},\"createdBy\":{\"edit\":{\"label\":\"createdBy\",\"description\":\"\",\"placeholder\":\"\",\"visible\":false,\"editable\":true,\"mainField\":\"firstname\"},\"list\":{\"label\":\"createdBy\",\"searchable\":true,\"sortable\":true}},\"updatedBy\":{\"edit\":{\"label\":\"updatedBy\",\"description\":\"\",\"placeholder\":\"\",\"visible\":false,\"editable\":true,\"mainField\":\"firstname\"},\"list\":{\"label\":\"updatedBy\",\"searchable\":true,\"sortable\":true}}},\"layouts\":{\"list\":[\"id\",\"Name\",\"Message\",\"createdAt\"],\"edit\":[[{\"name\":\"Name\",\"size\":6},{\"name\":\"Message\",\"size\":6}],[{\"name\":\"Complaints\",\"size\":6},{\"name\":\"Email\",\"size\":6}],[{\"name\":\"Number\",\"size\":4}]]},\"uid\":\"api::complaint.complaint\"}','object',NULL,NULL),(29,'plugin_content_manager_configuration_content_types::api::event.event','{\"settings\":{\"bulkable\":true,\"filterable\":true,\"searchable\":true,\"pageSize\":10,\"mainField\":\"Event\",\"defaultSortBy\":\"Event\",\"defaultSortOrder\":\"ASC\"},\"metadatas\":{\"id\":{\"edit\":{},\"list\":{\"label\":\"id\",\"searchable\":true,\"sortable\":true}},\"Event\":{\"edit\":{\"label\":\"Event\",\"description\":\"\",\"placeholder\":\"\",\"visible\":true,\"editable\":true},\"list\":{\"label\":\"Event\",\"searchable\":true,\"sortable\":true}},\"EventA\":{\"edit\":{\"label\":\"EventA\",\"description\":\"\",\"placeholder\":\"\",\"visible\":true,\"editable\":true},\"list\":{\"label\":\"EventA\",\"searchable\":true,\"sortable\":true}},\"Desc\":{\"edit\":{\"label\":\"Desc\",\"description\":\"\",\"placeholder\":\"\",\"visible\":true,\"editable\":true},\"list\":{\"label\":\"Desc\",\"searchable\":true,\"sortable\":true}},\"DescA\":{\"edit\":{\"label\":\"DescA\",\"description\":\"\",\"placeholder\":\"\",\"visible\":true,\"editable\":true},\"list\":{\"label\":\"DescA\",\"searchable\":true,\"sortable\":true}},\"StartDateTime\":{\"edit\":{\"label\":\"StartDateTime\",\"description\":\"\",\"placeholder\":\"\",\"visible\":true,\"editable\":true},\"list\":{\"label\":\"StartDateTime\",\"searchable\":true,\"sortable\":true}},\"StartDateTimeA\":{\"edit\":{\"label\":\"StartDateTimeA\",\"description\":\"\",\"placeholder\":\"\",\"visible\":true,\"editable\":true},\"list\":{\"label\":\"StartDateTimeA\",\"searchable\":true,\"sortable\":true}},\"EndDateTime\":{\"edit\":{\"label\":\"EndDateTime\",\"description\":\"\",\"placeholder\":\"\",\"visible\":true,\"editable\":true},\"list\":{\"label\":\"EndDateTime\",\"searchable\":true,\"sortable\":true}},\"EndDateTimeA\":{\"edit\":{\"label\":\"EndDateTimeA\",\"description\":\"\",\"placeholder\":\"\",\"visible\":true,\"editable\":true},\"list\":{\"label\":\"EndDateTimeA\",\"searchable\":true,\"sortable\":true}},\"Venue\":{\"edit\":{\"label\":\"Venue\",\"description\":\"\",\"placeholder\":\"\",\"visible\":true,\"editable\":true},\"list\":{\"label\":\"Venue\",\"searchable\":true,\"sortable\":true}},\"VenueA\":{\"edit\":{\"label\":\"VenueA\",\"description\":\"\",\"placeholder\":\"\",\"visible\":true,\"editable\":true},\"list\":{\"label\":\"VenueA\",\"searchable\":true,\"sortable\":true}},\"Map\":{\"edit\":{\"label\":\"Map\",\"description\":\"\",\"placeholder\":\"\",\"visible\":true,\"editable\":true},\"list\":{\"label\":\"Map\",\"searchable\":true,\"sortable\":true}},\"createdAt\":{\"edit\":{\"label\":\"createdAt\",\"description\":\"\",\"placeholder\":\"\",\"visible\":false,\"editable\":true},\"list\":{\"label\":\"createdAt\",\"searchable\":true,\"sortable\":true}},\"updatedAt\":{\"edit\":{\"label\":\"updatedAt\",\"description\":\"\",\"placeholder\":\"\",\"visible\":false,\"editable\":true},\"list\":{\"label\":\"updatedAt\",\"searchable\":true,\"sortable\":true}},\"createdBy\":{\"edit\":{\"label\":\"createdBy\",\"description\":\"\",\"placeholder\":\"\",\"visible\":false,\"editable\":true,\"mainField\":\"firstname\"},\"list\":{\"label\":\"createdBy\",\"searchable\":true,\"sortable\":true}},\"updatedBy\":{\"edit\":{\"label\":\"updatedBy\",\"description\":\"\",\"placeholder\":\"\",\"visible\":false,\"editable\":true,\"mainField\":\"firstname\"},\"list\":{\"label\":\"updatedBy\",\"searchable\":true,\"sortable\":true}}},\"layouts\":{\"list\":[\"id\",\"Event\",\"createdAt\",\"updatedAt\"],\"edit\":[[{\"name\":\"Event\",\"size\":6},{\"name\":\"EventA\",\"size\":6}],[{\"name\":\"Desc\",\"size\":6},{\"name\":\"DescA\",\"size\":6}],[{\"name\":\"StartDateTime\",\"size\":6},{\"name\":\"StartDateTimeA\",\"size\":6}],[{\"name\":\"EndDateTime\",\"size\":6},{\"name\":\"EndDateTimeA\",\"size\":6}],[{\"name\":\"Venue\",\"size\":6},{\"name\":\"VenueA\",\"size\":6}],[{\"name\":\"Map\",\"size\":6}]]},\"uid\":\"api::event.event\"}','object',NULL,NULL),(30,'plugin_content_manager_configuration_content_types::api::happy-meter.happy-meter','{\"settings\":{\"bulkable\":true,\"filterable\":true,\"searchable\":true,\"pageSize\":10,\"mainField\":\"Type\",\"defaultSortBy\":\"Type\",\"defaultSortOrder\":\"ASC\"},\"metadatas\":{\"id\":{\"edit\":{},\"list\":{\"label\":\"id\",\"searchable\":true,\"sortable\":true}},\"Type\":{\"edit\":{\"label\":\"Type\",\"description\":\"\",\"placeholder\":\"\",\"visible\":true,\"editable\":true},\"list\":{\"label\":\"Type\",\"searchable\":true,\"sortable\":true}},\"Message\":{\"edit\":{\"label\":\"Message\",\"description\":\"\",\"placeholder\":\"\",\"visible\":true,\"editable\":true},\"list\":{\"label\":\"Message\",\"searchable\":true,\"sortable\":true}},\"createdAt\":{\"edit\":{\"label\":\"createdAt\",\"description\":\"\",\"placeholder\":\"\",\"visible\":false,\"editable\":true},\"list\":{\"label\":\"createdAt\",\"searchable\":true,\"sortable\":true}},\"updatedAt\":{\"edit\":{\"label\":\"updatedAt\",\"description\":\"\",\"placeholder\":\"\",\"visible\":false,\"editable\":true},\"list\":{\"label\":\"updatedAt\",\"searchable\":true,\"sortable\":true}},\"createdBy\":{\"edit\":{\"label\":\"createdBy\",\"description\":\"\",\"placeholder\":\"\",\"visible\":false,\"editable\":true,\"mainField\":\"firstname\"},\"list\":{\"label\":\"createdBy\",\"searchable\":true,\"sortable\":true}},\"updatedBy\":{\"edit\":{\"label\":\"updatedBy\",\"description\":\"\",\"placeholder\":\"\",\"visible\":false,\"editable\":true,\"mainField\":\"firstname\"},\"list\":{\"label\":\"updatedBy\",\"searchable\":true,\"sortable\":true}}},\"layouts\":{\"list\":[\"id\",\"Type\",\"Message\",\"createdAt\"],\"edit\":[[{\"name\":\"Type\",\"size\":6},{\"name\":\"Message\",\"size\":6}]]},\"uid\":\"api::happy-meter.happy-meter\"}','object',NULL,NULL),(31,'plugin_content_manager_configuration_content_types::api::query.query','{\"settings\":{\"bulkable\":true,\"filterable\":true,\"searchable\":true,\"pageSize\":10,\"mainField\":\"Name\",\"defaultSortBy\":\"Name\",\"defaultSortOrder\":\"ASC\"},\"metadatas\":{\"id\":{\"edit\":{},\"list\":{\"label\":\"id\",\"searchable\":true,\"sortable\":true}},\"Name\":{\"edit\":{\"label\":\"Name\",\"description\":\"\",\"placeholder\":\"\",\"visible\":true,\"editable\":true},\"list\":{\"label\":\"Name\",\"searchable\":true,\"sortable\":true}},\"Email\":{\"edit\":{\"label\":\"Email\",\"description\":\"\",\"placeholder\":\"\",\"visible\":true,\"editable\":true},\"list\":{\"label\":\"Email\",\"searchable\":true,\"sortable\":true}},\"Phone\":{\"edit\":{\"label\":\"Phone\",\"description\":\"\",\"placeholder\":\"\",\"visible\":true,\"editable\":true},\"list\":{\"label\":\"Phone\",\"searchable\":true,\"sortable\":true}},\"Subject\":{\"edit\":{\"label\":\"Subject\",\"description\":\"\",\"placeholder\":\"\",\"visible\":true,\"editable\":true},\"list\":{\"label\":\"Subject\",\"searchable\":true,\"sortable\":true}},\"Message\":{\"edit\":{\"label\":\"Message\",\"description\":\"\",\"placeholder\":\"\",\"visible\":true,\"editable\":true},\"list\":{\"label\":\"Message\",\"searchable\":true,\"sortable\":true}},\"createdAt\":{\"edit\":{\"label\":\"createdAt\",\"description\":\"\",\"placeholder\":\"\",\"visible\":false,\"editable\":true},\"list\":{\"label\":\"createdAt\",\"searchable\":true,\"sortable\":true}},\"updatedAt\":{\"edit\":{\"label\":\"updatedAt\",\"description\":\"\",\"placeholder\":\"\",\"visible\":false,\"editable\":true},\"list\":{\"label\":\"updatedAt\",\"searchable\":true,\"sortable\":true}},\"createdBy\":{\"edit\":{\"label\":\"createdBy\",\"description\":\"\",\"placeholder\":\"\",\"visible\":false,\"editable\":true,\"mainField\":\"firstname\"},\"list\":{\"label\":\"createdBy\",\"searchable\":true,\"sortable\":true}},\"updatedBy\":{\"edit\":{\"label\":\"updatedBy\",\"description\":\"\",\"placeholder\":\"\",\"visible\":false,\"editable\":true,\"mainField\":\"firstname\"},\"list\":{\"label\":\"updatedBy\",\"searchable\":true,\"sortable\":true}}},\"layouts\":{\"list\":[\"id\",\"Name\",\"Email\",\"Phone\"],\"edit\":[[{\"name\":\"Name\",\"size\":6},{\"name\":\"Email\",\"size\":6}],[{\"name\":\"Phone\",\"size\":6},{\"name\":\"Subject\",\"size\":6}],[{\"name\":\"Message\",\"size\":6}]]},\"uid\":\"api::query.query\"}','object',NULL,NULL),(32,'plugin_content_manager_configuration_content_types::api::municipality.municipality','{\"settings\":{\"bulkable\":true,\"filterable\":true,\"searchable\":true,\"pageSize\":10,\"mainField\":\"id\",\"defaultSortBy\":\"id\",\"defaultSortOrder\":\"ASC\"},\"metadatas\":{\"id\":{\"edit\":{},\"list\":{\"label\":\"id\",\"searchable\":true,\"sortable\":true}},\"Demo\":{\"edit\":{\"label\":\"Demo\",\"description\":\"\",\"placeholder\":\"\",\"visible\":true,\"editable\":true},\"list\":{\"label\":\"Demo\",\"searchable\":false,\"sortable\":false}},\"createdAt\":{\"edit\":{\"label\":\"createdAt\",\"description\":\"\",\"placeholder\":\"\",\"visible\":false,\"editable\":true},\"list\":{\"label\":\"createdAt\",\"searchable\":true,\"sortable\":true}},\"updatedAt\":{\"edit\":{\"label\":\"updatedAt\",\"description\":\"\",\"placeholder\":\"\",\"visible\":false,\"editable\":true},\"list\":{\"label\":\"updatedAt\",\"searchable\":true,\"sortable\":true}},\"createdBy\":{\"edit\":{\"label\":\"createdBy\",\"description\":\"\",\"placeholder\":\"\",\"visible\":false,\"editable\":true,\"mainField\":\"firstname\"},\"list\":{\"label\":\"createdBy\",\"searchable\":true,\"sortable\":true}},\"updatedBy\":{\"edit\":{\"label\":\"updatedBy\",\"description\":\"\",\"placeholder\":\"\",\"visible\":false,\"editable\":true,\"mainField\":\"firstname\"},\"list\":{\"label\":\"updatedBy\",\"searchable\":true,\"sortable\":true}}},\"layouts\":{\"list\":[\"id\",\"createdAt\",\"updatedAt\",\"createdBy\"],\"edit\":[[{\"name\":\"Demo\",\"size\":12}]]},\"uid\":\"api::municipality.municipality\"}','object',NULL,NULL);
/*!40000 ALTER TABLE `strapi_core_store_settings` ENABLE KEYS */;
UNLOCK TABLES;

--
-- Table structure for table `strapi_database_schema`
--

DROP TABLE IF EXISTS `strapi_database_schema`;
/*!40101 SET @saved_cs_client     = @@character_set_client */;
/*!50503 SET character_set_client = utf8mb4 */;
CREATE TABLE `strapi_database_schema` (
  `id` int unsigned NOT NULL AUTO_INCREMENT,
  `schema` json DEFAULT NULL,
  `time` datetime DEFAULT NULL,
  `hash` varchar(255) DEFAULT NULL,
  PRIMARY KEY (`id`)
) ENGINE=InnoDB AUTO_INCREMENT=21 DEFAULT CHARSET=utf8mb4 COLLATE=utf8mb4_0900_ai_ci;
/*!40101 SET character_set_client = @saved_cs_client */;

--
-- Dumping data for table `strapi_database_schema`
--

LOCK TABLES `strapi_database_schema` WRITE;
/*!40000 ALTER TABLE `strapi_database_schema` DISABLE KEYS */;
INSERT INTO `strapi_database_schema` VALUES (20,'{\"tables\": [{\"name\": \"strapi_core_store_settings\", \"columns\": [{\"args\": [{\"primary\": true, \"primaryKey\": true}], \"name\": \"id\", \"type\": \"increments\", \"unsigned\": false, \"defaultTo\": null, \"notNullable\": true}, {\"args\": [], \"name\": \"key\", \"type\": \"string\", \"unsigned\": false, \"defaultTo\": null, \"notNullable\": false}, {\"args\": [\"longtext\"], \"name\": \"value\", \"type\": \"text\", \"unsigned\": false, \"defaultTo\": null, \"notNullable\": false}, {\"args\": [], \"name\": \"type\", \"type\": \"string\", \"unsigned\": false, \"defaultTo\": null, \"notNullable\": false}, {\"args\": [], \"name\": \"environment\", \"type\": \"string\", \"unsigned\": false, \"defaultTo\": null, \"notNullable\": false}, {\"args\": [], \"name\": \"tag\", \"type\": \"string\", \"unsigned\": false, \"defaultTo\": null, \"notNullable\": false}], \"indexes\": [], \"foreignKeys\": []}, {\"name\": \"strapi_webhooks\", \"columns\": [{\"args\": [{\"primary\": true, \"primaryKey\": true}], \"name\": \"id\", \"type\": \"increments\", \"unsigned\": false, \"defaultTo\": null, \"notNullable\": true}, {\"args\": [], \"name\": \"name\", \"type\": \"string\", \"unsigned\": false, \"defaultTo\": null, \"notNullable\": false}, {\"args\": [\"longtext\"], \"name\": \"url\", \"type\": \"text\", \"unsigned\": false, \"defaultTo\": null, \"notNullable\": false}, {\"args\": [], \"name\": \"headers\", \"type\": \"jsonb\", \"unsigned\": false, \"defaultTo\": null, \"notNullable\": false}, {\"args\": [], \"name\": \"events\", \"type\": \"jsonb\", \"unsigned\": false, \"defaultTo\": null, \"notNullable\": false}, {\"args\": [], \"name\": \"enabled\", \"type\": \"boolean\", \"unsigned\": false, \"defaultTo\": null, \"notNullable\": false}], \"indexes\": [], \"foreignKeys\": []}, {\"name\": \"admin_permissions\", \"columns\": [{\"args\": [{\"primary\": true, \"primaryKey\": true}], \"name\": \"id\", \"type\": \"increments\", \"unsigned\": false, \"defaultTo\": null, \"notNullable\": true}, {\"args\": [], \"name\": \"action\", \"type\": \"string\", \"unsigned\": false, \"defaultTo\": null, \"notNullable\": false}, {\"args\": [], \"name\": \"action_parameters\", \"type\": \"jsonb\", \"unsigned\": false, \"defaultTo\": null, \"notNullable\": false}, {\"args\": [], \"name\": \"subject\", \"type\": \"string\", \"unsigned\": false, \"defaultTo\": null, \"notNullable\": false}, {\"args\": [], \"name\": \"properties\", \"type\": \"jsonb\", \"unsigned\": false, \"defaultTo\": null, \"notNullable\": false}, {\"args\": [], \"name\": \"conditions\", \"type\": \"jsonb\", \"unsigned\": false, \"defaultTo\": null, \"notNullable\": false}, {\"args\": [{\"useTz\": false, \"precision\": 6}], \"name\": \"created_at\", \"type\": \"datetime\", \"unsigned\": false, \"defaultTo\": null, \"notNullable\": false}, {\"args\": [{\"useTz\": false, \"precision\": 6}], \"name\": \"updated_at\", \"type\": \"datetime\", \"unsigned\": false, \"defaultTo\": null, \"notNullable\": false}, {\"args\": [], \"name\": \"created_by_id\", \"type\": \"integer\", \"unsigned\": true, \"defaultTo\": null, \"notNullable\": false}, {\"args\": [], \"name\": \"updated_by_id\", \"type\": \"integer\", \"unsigned\": true, \"defaultTo\": null, \"notNullable\": false}], \"indexes\": [{\"name\": \"admin_permissions_created_by_id_fk\", \"columns\": [\"created_by_id\"]}, {\"name\": \"admin_permissions_updated_by_id_fk\", \"columns\": [\"updated_by_id\"]}], \"foreignKeys\": [{\"name\": \"admin_permissions_created_by_id_fk\", \"columns\": [\"created_by_id\"], \"onDelete\": \"SET NULL\", \"referencedTable\": \"admin_users\", \"referencedColumns\": [\"id\"]}, {\"name\": \"admin_permissions_updated_by_id_fk\", \"columns\": [\"updated_by_id\"], \"onDelete\": \"SET NULL\", \"referencedTable\": \"admin_users\", \"referencedColumns\": [\"id\"]}]}, {\"name\": \"admin_users\", \"columns\": [{\"args\": [{\"primary\": true, \"primaryKey\": true}], \"name\": \"id\", \"type\": \"increments\", \"unsigned\": false, \"defaultTo\": null, \"notNullable\": true}, {\"args\": [], \"name\": \"firstname\", \"type\": \"string\", \"unsigned\": false, \"defaultTo\": null, \"notNullable\": false}, {\"args\": [], \"name\": \"lastname\", \"type\": \"string\", \"unsigned\": false, \"defaultTo\": null, \"notNullable\": false}, {\"args\": [], \"name\": \"username\", \"type\": \"string\", \"unsigned\": false, \"defaultTo\": null, \"notNullable\": false}, {\"args\": [], \"name\": \"email\", \"type\": \"string\", \"unsigned\": false, \"defaultTo\": null, \"notNullable\": false}, {\"args\": [], \"name\": \"password\", \"type\": \"string\", \"unsigned\": false, \"defaultTo\": null, \"notNullable\": false}, {\"args\": [], \"name\": \"reset_password_token\", \"type\": \"string\", \"unsigned\": false, \"defaultTo\": null, \"notNullable\": false}, {\"args\": [], \"name\": \"registration_token\", \"type\": \"string\", \"unsigned\": false, \"defaultTo\": null, \"notNullable\": false}, {\"args\": [], \"name\": \"is_active\", \"type\": \"boolean\", \"unsigned\": false, \"defaultTo\": null, \"notNullable\": false}, {\"args\": [], \"name\": \"blocked\", \"type\": \"boolean\", \"unsigned\": false, \"defaultTo\": null, \"notNullable\": false}, {\"args\": [], \"name\": \"prefered_language\", \"type\": \"string\", \"unsigned\": false, \"defaultTo\": null, \"notNullable\": false}, {\"args\": [{\"useTz\": false, \"precision\": 6}], \"name\": \"created_at\", \"type\": \"datetime\", \"unsigned\": false, \"defaultTo\": null, \"notNullable\": false}, {\"args\": [{\"useTz\": false, \"precision\": 6}], \"name\": \"updated_at\", \"type\": \"datetime\", \"unsigned\": false, \"defaultTo\": null, \"notNullable\": false}, {\"args\": [], \"name\": \"created_by_id\", \"type\": \"integer\", \"unsigned\": true, \"defaultTo\": null, \"notNullable\": false}, {\"args\": [], \"name\": \"updated_by_id\", \"type\": \"integer\", \"unsigned\": true, \"defaultTo\": null, \"notNullable\": false}], \"indexes\": [{\"name\": \"admin_users_created_by_id_fk\", \"columns\": [\"created_by_id\"]}, {\"name\": \"admin_users_updated_by_id_fk\", \"columns\": [\"updated_by_id\"]}], \"foreignKeys\": [{\"name\": \"admin_users_created_by_id_fk\", \"columns\": [\"created_by_id\"], \"onDelete\": \"SET NULL\", \"referencedTable\": \"admin_users\", \"referencedColumns\": [\"id\"]}, {\"name\": \"admin_users_updated_by_id_fk\", \"columns\": [\"updated_by_id\"], \"onDelete\": \"SET NULL\", \"referencedTable\": \"admin_users\", \"referencedColumns\": [\"id\"]}]}, {\"name\": \"admin_roles\", \"columns\": [{\"args\": [{\"primary\": true, \"primaryKey\": true}], \"name\": \"id\", \"type\": \"increments\", \"unsigned\": false, \"defaultTo\": null, \"notNullable\": true}, {\"args\": [], \"name\": \"name\", \"type\": \"string\", \"unsigned\": false, \"defaultTo\": null, \"notNullable\": false}, {\"args\": [], \"name\": \"code\", \"type\": \"string\", \"unsigned\": false, \"defaultTo\": null, \"notNullable\": false}, {\"args\": [], \"name\": \"description\", \"type\": \"string\", \"unsigned\": false, \"defaultTo\": null, \"notNullable\": false}, {\"args\": [{\"useTz\": false, \"precision\": 6}], \"name\": \"created_at\", \"type\": \"datetime\", \"unsigned\": false, \"defaultTo\": null, \"notNullable\": false}, {\"args\": [{\"useTz\": false, \"precision\": 6}], \"name\": \"updated_at\", \"type\": \"datetime\", \"unsigned\": false, \"defaultTo\": null, \"notNullable\": false}, {\"args\": [], \"name\": \"created_by_id\", \"type\": \"integer\", \"unsigned\": true, \"defaultTo\": null, \"notNullable\": false}, {\"args\": [], \"name\": \"updated_by_id\", \"type\": \"integer\", \"unsigned\": true, \"defaultTo\": null, \"notNullable\": false}], \"indexes\": [{\"name\": \"admin_roles_created_by_id_fk\", \"columns\": [\"created_by_id\"]}, {\"name\": \"admin_roles_updated_by_id_fk\", \"columns\": [\"updated_by_id\"]}], \"foreignKeys\": [{\"name\": \"admin_roles_created_by_id_fk\", \"columns\": [\"created_by_id\"], \"onDelete\": \"SET NULL\", \"referencedTable\": \"admin_users\", \"referencedColumns\": [\"id\"]}, {\"name\": \"admin_roles_updated_by_id_fk\", \"columns\": [\"updated_by_id\"], \"onDelete\": \"SET NULL\", \"referencedTable\": \"admin_users\", \"referencedColumns\": [\"id\"]}]}, {\"name\": \"strapi_api_tokens\", \"columns\": [{\"args\": [{\"primary\": true, \"primaryKey\": true}], \"name\": \"id\", \"type\": \"increments\", \"unsigned\": false, \"defaultTo\": null, \"notNullable\": true}, {\"args\": [], \"name\": \"name\", \"type\": \"string\", \"unsigned\": false, \"defaultTo\": null, \"notNullable\": false}, {\"args\": [], \"name\": \"description\", \"type\": \"string\", \"unsigned\": false, \"defaultTo\": null, \"notNullable\": false}, {\"args\": [], \"name\": \"type\", \"type\": \"string\", \"unsigned\": false, \"defaultTo\": null, \"notNullable\": false}, {\"args\": [], \"name\": \"access_key\", \"type\": \"string\", \"unsigned\": false, \"defaultTo\": null, \"notNullable\": false}, {\"args\": [{\"useTz\": false, \"precision\": 6}], \"name\": \"last_used_at\", \"type\": \"datetime\", \"unsigned\": false, \"defaultTo\": null, \"notNullable\": false}, {\"args\": [{\"useTz\": false, \"precision\": 6}], \"name\": \"expires_at\", \"type\": \"datetime\", \"unsigned\": false, \"defaultTo\": null, \"notNullable\": false}, {\"args\": [], \"name\": \"lifespan\", \"type\": \"bigInteger\", \"unsigned\": false, \"defaultTo\": null, \"notNullable\": false}, {\"args\": [{\"useTz\": false, \"precision\": 6}], \"name\": \"created_at\", \"type\": \"datetime\", \"unsigned\": false, \"defaultTo\": null, \"notNullable\": false}, {\"args\": [{\"useTz\": false, \"precision\": 6}], \"name\": \"updated_at\", \"type\": \"datetime\", \"unsigned\": false, \"defaultTo\": null, \"notNullable\": false}, {\"args\": [], \"name\": \"created_by_id\", \"type\": \"integer\", \"unsigned\": true, \"defaultTo\": null, \"notNullable\": false}, {\"args\": [], \"name\": \"updated_by_id\", \"type\": \"integer\", \"unsigned\": true, \"defaultTo\": null, \"notNullable\": false}], \"indexes\": [{\"name\": \"strapi_api_tokens_created_by_id_fk\", \"columns\": [\"created_by_id\"]}, {\"name\": \"strapi_api_tokens_updated_by_id_fk\", \"columns\": [\"updated_by_id\"]}], \"foreignKeys\": [{\"name\": \"strapi_api_tokens_created_by_id_fk\", \"columns\": [\"created_by_id\"], \"onDelete\": \"SET NULL\", \"referencedTable\": \"admin_users\", \"referencedColumns\": [\"id\"]}, {\"name\": \"strapi_api_tokens_updated_by_id_fk\", \"columns\": [\"updated_by_id\"], \"onDelete\": \"SET NULL\", \"referencedTable\": \"admin_users\", \"referencedColumns\": [\"id\"]}]}, {\"name\": \"strapi_api_token_permissions\", \"columns\": [{\"args\": [{\"primary\": true, \"primaryKey\": true}], \"name\": \"id\", \"type\": \"increments\", \"unsigned\": false, \"defaultTo\": null, \"notNullable\": true}, {\"args\": [], \"name\": \"action\", \"type\": \"string\", \"unsigned\": false, \"defaultTo\": null, \"notNullable\": false}, {\"args\": [{\"useTz\": false, \"precision\": 6}], \"name\": \"created_at\", \"type\": \"datetime\", \"unsigned\": false, \"defaultTo\": null, \"notNullable\": false}, {\"args\": [{\"useTz\": false, \"precision\": 6}], \"name\": \"updated_at\", \"type\": \"datetime\", \"unsigned\": false, \"defaultTo\": null, \"notNullable\": false}, {\"args\": [], \"name\": \"created_by_id\", \"type\": \"integer\", \"unsigned\": true, \"defaultTo\": null, \"notNullable\": false}, {\"args\": [], \"name\": \"updated_by_id\", \"type\": \"integer\", \"unsigned\": true, \"defaultTo\": null, \"notNullable\": false}], \"indexes\": [{\"name\": \"strapi_api_token_permissions_created_by_id_fk\", \"columns\": [\"created_by_id\"]}, {\"name\": \"strapi_api_token_permissions_updated_by_id_fk\", \"columns\": [\"updated_by_id\"]}], \"foreignKeys\": [{\"name\": \"strapi_api_token_permissions_created_by_id_fk\", \"columns\": [\"created_by_id\"], \"onDelete\": \"SET NULL\", \"referencedTable\": \"admin_users\", \"referencedColumns\": [\"id\"]}, {\"name\": \"strapi_api_token_permissions_updated_by_id_fk\", \"columns\": [\"updated_by_id\"], \"onDelete\": \"SET NULL\", \"referencedTable\": \"admin_users\", \"referencedColumns\": [\"id\"]}]}, {\"name\": \"strapi_transfer_tokens\", \"columns\": [{\"args\": [{\"primary\": true, \"primaryKey\": true}], \"name\": \"id\", \"type\": \"increments\", \"unsigned\": false, \"defaultTo\": null, \"notNullable\": true}, {\"args\": [], \"name\": \"name\", \"type\": \"string\", \"unsigned\": false, \"defaultTo\": null, \"notNullable\": false}, {\"args\": [], \"name\": \"description\", \"type\": \"string\", \"unsigned\": false, \"defaultTo\": null, \"notNullable\": false}, {\"args\": [], \"name\": \"access_key\", \"type\": \"string\", \"unsigned\": false, \"defaultTo\": null, \"notNullable\": false}, {\"args\": [{\"useTz\": false, \"precision\": 6}], \"name\": \"last_used_at\", \"type\": \"datetime\", \"unsigned\": false, \"defaultTo\": null, \"notNullable\": false}, {\"args\": [{\"useTz\": false, \"precision\": 6}], \"name\": \"expires_at\", \"type\": \"datetime\", \"unsigned\": false, \"defaultTo\": null, \"notNullable\": false}, {\"args\": [], \"name\": \"lifespan\", \"type\": \"bigInteger\", \"unsigned\": false, \"defaultTo\": null, \"notNullable\": false}, {\"args\": [{\"useTz\": false, \"precision\": 6}], \"name\": \"created_at\", \"type\": \"datetime\", \"unsigned\": false, \"defaultTo\": null, \"notNullable\": false}, {\"args\": [{\"useTz\": false, \"precision\": 6}], \"name\": \"updated_at\", \"type\": \"datetime\", \"unsigned\": false, \"defaultTo\": null, \"notNullable\": false}, {\"args\": [], \"name\": \"created_by_id\", \"type\": \"integer\", \"unsigned\": true, \"defaultTo\": null, \"notNullable\": false}, {\"args\": [], \"name\": \"updated_by_id\", \"type\": \"integer\", \"unsigned\": true, \"defaultTo\": null, \"notNullable\": false}], \"indexes\": [{\"name\": \"strapi_transfer_tokens_created_by_id_fk\", \"columns\": [\"created_by_id\"]}, {\"name\": \"strapi_transfer_tokens_updated_by_id_fk\", \"columns\": [\"updated_by_id\"]}], \"foreignKeys\": [{\"name\": \"strapi_transfer_tokens_created_by_id_fk\", \"columns\": [\"created_by_id\"], \"onDelete\": \"SET NULL\", \"referencedTable\": \"admin_users\", \"referencedColumns\": [\"id\"]}, {\"name\": \"strapi_transfer_tokens_updated_by_id_fk\", \"columns\": [\"updated_by_id\"], \"onDelete\": \"SET NULL\", \"referencedTable\": \"admin_users\", \"referencedColumns\": [\"id\"]}]}, {\"name\": \"strapi_transfer_token_permissions\", \"columns\": [{\"args\": [{\"primary\": true, \"primaryKey\": true}], \"name\": \"id\", \"type\": \"increments\", \"unsigned\": false, \"defaultTo\": null, \"notNullable\": true}, {\"args\": [], \"name\": \"action\", \"type\": \"string\", \"unsigned\": false, \"defaultTo\": null, \"notNullable\": false}, {\"args\": [{\"useTz\": false, \"precision\": 6}], \"name\": \"created_at\", \"type\": \"datetime\", \"unsigned\": false, \"defaultTo\": null, \"notNullable\": false}, {\"args\": [{\"useTz\": false, \"precision\": 6}], \"name\": \"updated_at\", \"type\": \"datetime\", \"unsigned\": false, \"defaultTo\": null, \"notNullable\": false}, {\"args\": [], \"name\": \"created_by_id\", \"type\": \"integer\", \"unsigned\": true, \"defaultTo\": null, \"notNullable\": false}, {\"args\": [], \"name\": \"updated_by_id\", \"type\": \"integer\", \"unsigned\": true, \"defaultTo\": null, \"notNullable\": false}], \"indexes\": [{\"name\": \"strapi_transfer_token_permissions_created_by_id_fk\", \"columns\": [\"created_by_id\"]}, {\"name\": \"strapi_transfer_token_permissions_updated_by_id_fk\", \"columns\": [\"updated_by_id\"]}], \"foreignKeys\": [{\"name\": \"strapi_transfer_token_permissions_created_by_id_fk\", \"columns\": [\"created_by_id\"], \"onDelete\": \"SET NULL\", \"referencedTable\": \"admin_users\", \"referencedColumns\": [\"id\"]}, {\"name\": \"strapi_transfer_token_permissions_updated_by_id_fk\", \"columns\": [\"updated_by_id\"], \"onDelete\": \"SET NULL\", \"referencedTable\": \"admin_users\", \"referencedColumns\": [\"id\"]}]}, {\"name\": \"files\", \"columns\": [{\"args\": [{\"primary\": true, \"primaryKey\": true}], \"name\": \"id\", \"type\": \"increments\", \"unsigned\": false, \"defaultTo\": null, \"notNullable\": true}, {\"args\": [], \"name\": \"name\", \"type\": \"string\", \"unsigned\": false, \"defaultTo\": null, \"notNullable\": false}, {\"args\": [], \"name\": \"alternative_text\", \"type\": \"string\", \"unsigned\": false, \"defaultTo\": null, \"notNullable\": false}, {\"args\": [], \"name\": \"caption\", \"type\": \"string\", \"unsigned\": false, \"defaultTo\": null, \"notNullable\": false}, {\"args\": [], \"name\": \"width\", \"type\": \"integer\", \"unsigned\": false, \"defaultTo\": null, \"notNullable\": false}, {\"args\": [], \"name\": \"height\", \"type\": \"integer\", \"unsigned\": false, \"defaultTo\": null, \"notNullable\": false}, {\"args\": [], \"name\": \"formats\", \"type\": \"jsonb\", \"unsigned\": false, \"defaultTo\": null, \"notNullable\": false}, {\"args\": [], \"name\": \"hash\", \"type\": \"string\", \"unsigned\": false, \"defaultTo\": null, \"notNullable\": false}, {\"args\": [], \"name\": \"ext\", \"type\": \"string\", \"unsigned\": false, \"defaultTo\": null, \"notNullable\": false}, {\"args\": [], \"name\": \"mime\", \"type\": \"string\", \"unsigned\": false, \"defaultTo\": null, \"notNullable\": false}, {\"args\": [10, 2], \"name\": \"size\", \"type\": \"decimal\", \"unsigned\": false, \"defaultTo\": null, \"notNullable\": false}, {\"args\": [], \"name\": \"url\", \"type\": \"string\", \"unsigned\": false, \"defaultTo\": null, \"notNullable\": false}, {\"args\": [], \"name\": \"preview_url\", \"type\": \"string\", \"unsigned\": false, \"defaultTo\": null, \"notNullable\": false}, {\"args\": [], \"name\": \"provider\", \"type\": \"string\", \"unsigned\": false, \"defaultTo\": null, \"notNullable\": false}, {\"args\": [], \"name\": \"provider_metadata\", \"type\": \"jsonb\", \"unsigned\": false, \"defaultTo\": null, \"notNullable\": false}, {\"args\": [], \"name\": \"folder_path\", \"type\": \"string\", \"unsigned\": false, \"defaultTo\": null, \"notNullable\": false}, {\"args\": [{\"useTz\": false, \"precision\": 6}], \"name\": \"created_at\", \"type\": \"datetime\", \"unsigned\": false, \"defaultTo\": null, \"notNullable\": false}, {\"args\": [{\"useTz\": false, \"precision\": 6}], \"name\": \"updated_at\", \"type\": \"datetime\", \"unsigned\": false, \"defaultTo\": null, \"notNullable\": false}, {\"args\": [], \"name\": \"created_by_id\", \"type\": \"integer\", \"unsigned\": true, \"defaultTo\": null, \"notNullable\": false}, {\"args\": [], \"name\": \"updated_by_id\", \"type\": \"integer\", \"unsigned\": true, \"defaultTo\": null, \"notNullable\": false}], \"indexes\": [{\"name\": \"upload_files_folder_path_index\", \"type\": null, \"columns\": [\"folder_path\"]}, {\"name\": \"upload_files_created_at_index\", \"type\": null, \"columns\": [\"created_at\"]}, {\"name\": \"upload_files_updated_at_index\", \"type\": null, \"columns\": [\"updated_at\"]}, {\"name\": \"upload_files_name_index\", \"type\": null, \"columns\": [\"name\"]}, {\"name\": \"upload_files_size_index\", \"type\": null, \"columns\": [\"size\"]}, {\"name\": \"upload_files_ext_index\", \"type\": null, \"columns\": [\"ext\"]}, {\"name\": \"files_created_by_id_fk\", \"columns\": [\"created_by_id\"]}, {\"name\": \"files_updated_by_id_fk\", \"columns\": [\"updated_by_id\"]}], \"foreignKeys\": [{\"name\": \"files_created_by_id_fk\", \"columns\": [\"created_by_id\"], \"onDelete\": \"SET NULL\", \"referencedTable\": \"admin_users\", \"referencedColumns\": [\"id\"]}, {\"name\": \"files_updated_by_id_fk\", \"columns\": [\"updated_by_id\"], \"onDelete\": \"SET NULL\", \"referencedTable\": \"admin_users\", \"referencedColumns\": [\"id\"]}]}, {\"name\": \"upload_folders\", \"columns\": [{\"args\": [{\"primary\": true, \"primaryKey\": true}], \"name\": \"id\", \"type\": \"increments\", \"unsigned\": false, \"defaultTo\": null, \"notNullable\": true}, {\"args\": [], \"name\": \"name\", \"type\": \"string\", \"unsigned\": false, \"defaultTo\": null, \"notNullable\": false}, {\"args\": [], \"name\": \"path_id\", \"type\": \"integer\", \"unsigned\": false, \"defaultTo\": null, \"notNullable\": false}, {\"args\": [], \"name\": \"path\", \"type\": \"string\", \"unsigned\": false, \"defaultTo\": null, \"notNullable\": false}, {\"args\": [{\"useTz\": false, \"precision\": 6}], \"name\": \"created_at\", \"type\": \"datetime\", \"unsigned\": false, \"defaultTo\": null, \"notNullable\": false}, {\"args\": [{\"useTz\": false, \"precision\": 6}], \"name\": \"updated_at\", \"type\": \"datetime\", \"unsigned\": false, \"defaultTo\": null, \"notNullable\": false}, {\"args\": [], \"name\": \"created_by_id\", \"type\": \"integer\", \"unsigned\": true, \"defaultTo\": null, \"notNullable\": false}, {\"args\": [], \"name\": \"updated_by_id\", \"type\": \"integer\", \"unsigned\": true, \"defaultTo\": null, \"notNullable\": false}], \"indexes\": [{\"name\": \"upload_folders_path_id_index\", \"type\": \"unique\", \"columns\": [\"path_id\"]}, {\"name\": \"upload_folders_path_index\", \"type\": \"unique\", \"columns\": [\"path\"]}, {\"name\": \"upload_folders_created_by_id_fk\", \"columns\": [\"created_by_id\"]}, {\"name\": \"upload_folders_updated_by_id_fk\", \"columns\": [\"updated_by_id\"]}], \"foreignKeys\": [{\"name\": \"upload_folders_created_by_id_fk\", \"columns\": [\"created_by_id\"], \"onDelete\": \"SET NULL\", \"referencedTable\": \"admin_users\", \"referencedColumns\": [\"id\"]}, {\"name\": \"upload_folders_updated_by_id_fk\", \"columns\": [\"updated_by_id\"], \"onDelete\": \"SET NULL\", \"referencedTable\": \"admin_users\", \"referencedColumns\": [\"id\"]}]}, {\"name\": \"strapi_releases\", \"columns\": [{\"args\": [{\"primary\": true, \"primaryKey\": true}], \"name\": \"id\", \"type\": \"increments\", \"unsigned\": false, \"defaultTo\": null, \"notNullable\": true}, {\"args\": [], \"name\": \"name\", \"type\": \"string\", \"unsigned\": false, \"defaultTo\": null, \"notNullable\": false}, {\"args\": [{\"useTz\": false, \"precision\": 6}], \"name\": \"released_at\", \"type\": \"datetime\", \"unsigned\": false, \"defaultTo\": null, \"notNullable\": false}, {\"args\": [{\"useTz\": false, \"precision\": 6}], \"name\": \"scheduled_at\", \"type\": \"datetime\", \"unsigned\": false, \"defaultTo\": null, \"notNullable\": false}, {\"args\": [], \"name\": \"timezone\", \"type\": \"string\", \"unsigned\": false, \"defaultTo\": null, \"notNullable\": false}, {\"args\": [{\"useTz\": false, \"precision\": 6}], \"name\": \"created_at\", \"type\": \"datetime\", \"unsigned\": false, \"defaultTo\": null, \"notNullable\": false}, {\"args\": [{\"useTz\": false, \"precision\": 6}], \"name\": \"updated_at\", \"type\": \"datetime\", \"unsigned\": false, \"defaultTo\": null, \"notNullable\": false}, {\"args\": [], \"name\": \"created_by_id\", \"type\": \"integer\", \"unsigned\": true, \"defaultTo\": null, \"notNullable\": false}, {\"args\": [], \"name\": \"updated_by_id\", \"type\": \"integer\", \"unsigned\": true, \"defaultTo\": null, \"notNullable\": false}], \"indexes\": [{\"name\": \"strapi_releases_created_by_id_fk\", \"columns\": [\"created_by_id\"]}, {\"name\": \"strapi_releases_updated_by_id_fk\", \"columns\": [\"updated_by_id\"]}], \"foreignKeys\": [{\"name\": \"strapi_releases_created_by_id_fk\", \"columns\": [\"created_by_id\"], \"onDelete\": \"SET NULL\", \"referencedTable\": \"admin_users\", \"referencedColumns\": [\"id\"]}, {\"name\": \"strapi_releases_updated_by_id_fk\", \"columns\": [\"updated_by_id\"], \"onDelete\": \"SET NULL\", \"referencedTable\": \"admin_users\", \"referencedColumns\": [\"id\"]}]}, {\"name\": \"strapi_release_actions\", \"columns\": [{\"args\": [{\"primary\": true, \"primaryKey\": true}], \"name\": \"id\", \"type\": \"increments\", \"unsigned\": false, \"defaultTo\": null, \"notNullable\": true}, {\"args\": [], \"name\": \"type\", \"type\": \"string\", \"unsigned\": false, \"defaultTo\": null, \"notNullable\": false}, {\"args\": [], \"name\": \"target_id\", \"type\": \"integer\", \"unsigned\": true, \"defaultTo\": null, \"notNullable\": false}, {\"args\": [], \"name\": \"target_type\", \"type\": \"string\", \"unsigned\": false, \"defaultTo\": null, \"notNullable\": false}, {\"args\": [], \"name\": \"content_type\", \"type\": \"string\", \"unsigned\": false, \"defaultTo\": null, \"notNullable\": false}, {\"args\": [], \"name\": \"locale\", \"type\": \"string\", \"unsigned\": false, \"defaultTo\": null, \"notNullable\": false}, {\"args\": [{\"useTz\": false, \"precision\": 6}], \"name\": \"created_at\", \"type\": \"datetime\", \"unsigned\": false, \"defaultTo\": null, \"notNullable\": false}, {\"args\": [{\"useTz\": false, \"precision\": 6}], \"name\": \"updated_at\", \"type\": \"datetime\", \"unsigned\": false, \"defaultTo\": null, \"notNullable\": false}, {\"args\": [], \"name\": \"created_by_id\", \"type\": \"integer\", \"unsigned\": true, \"defaultTo\": null, \"notNullable\": false}, {\"args\": [], \"name\": \"updated_by_id\", \"type\": \"integer\", \"unsigned\": true, \"defaultTo\": null, \"notNullable\": false}], \"indexes\": [{\"name\": \"strapi_release_actions_created_by_id_fk\", \"columns\": [\"created_by_id\"]}, {\"name\": \"strapi_release_actions_updated_by_id_fk\", \"columns\": [\"updated_by_id\"]}], \"foreignKeys\": [{\"name\": \"strapi_release_actions_created_by_id_fk\", \"columns\": [\"created_by_id\"], \"onDelete\": \"SET NULL\", \"referencedTable\": \"admin_users\", \"referencedColumns\": [\"id\"]}, {\"name\": \"strapi_release_actions_updated_by_id_fk\", \"columns\": [\"updated_by_id\"], \"onDelete\": \"SET NULL\", \"referencedTable\": \"admin_users\", \"referencedColumns\": [\"id\"]}]}, {\"name\": \"i18n_locale\", \"columns\": [{\"args\": [{\"primary\": true, \"primaryKey\": true}], \"name\": \"id\", \"type\": \"increments\", \"unsigned\": false, \"defaultTo\": null, \"notNullable\": true}, {\"args\": [], \"name\": \"name\", \"type\": \"string\", \"unsigned\": false, \"defaultTo\": null, \"notNullable\": false}, {\"args\": [], \"name\": \"code\", \"type\": \"string\", \"unsigned\": false, \"defaultTo\": null, \"notNullable\": false}, {\"args\": [{\"useTz\": false, \"precision\": 6}], \"name\": \"created_at\", \"type\": \"datetime\", \"unsigned\": false, \"defaultTo\": null, \"notNullable\": false}, {\"args\": [{\"useTz\": false, \"precision\": 6}], \"name\": \"updated_at\", \"type\": \"datetime\", \"unsigned\": false, \"defaultTo\": null, \"notNullable\": false}, {\"args\": [], \"name\": \"created_by_id\", \"type\": \"integer\", \"unsigned\": true, \"defaultTo\": null, \"notNullable\": false}, {\"args\": [], \"name\": \"updated_by_id\", \"type\": \"integer\", \"unsigned\": true, \"defaultTo\": null, \"notNullable\": false}], \"indexes\": [{\"name\": \"i18n_locale_created_by_id_fk\", \"columns\": [\"created_by_id\"]}, {\"name\": \"i18n_locale_updated_by_id_fk\", \"columns\": [\"updated_by_id\"]}], \"foreignKeys\": [{\"name\": \"i18n_locale_created_by_id_fk\", \"columns\": [\"created_by_id\"], \"onDelete\": \"SET NULL\", \"referencedTable\": \"admin_users\", \"referencedColumns\": [\"id\"]}, {\"name\": \"i18n_locale_updated_by_id_fk\", \"columns\": [\"updated_by_id\"], \"onDelete\": \"SET NULL\", \"referencedTable\": \"admin_users\", \"referencedColumns\": [\"id\"]}]}, {\"name\": \"up_permissions\", \"columns\": [{\"args\": [{\"primary\": true, \"primaryKey\": true}], \"name\": \"id\", \"type\": \"increments\", \"unsigned\": false, \"defaultTo\": null, \"notNullable\": true}, {\"args\": [], \"name\": \"action\", \"type\": \"string\", \"unsigned\": false, \"defaultTo\": null, \"notNullable\": false}, {\"args\": [{\"useTz\": false, \"precision\": 6}], \"name\": \"created_at\", \"type\": \"datetime\", \"unsigned\": false, \"defaultTo\": null, \"notNullable\": false}, {\"args\": [{\"useTz\": false, \"precision\": 6}], \"name\": \"updated_at\", \"type\": \"datetime\", \"unsigned\": false, \"defaultTo\": null, \"notNullable\": false}, {\"args\": [], \"name\": \"created_by_id\", \"type\": \"integer\", \"unsigned\": true, \"defaultTo\": null, \"notNullable\": false}, {\"args\": [], \"name\": \"updated_by_id\", \"type\": \"integer\", \"unsigned\": true, \"defaultTo\": null, \"notNullable\": false}], \"indexes\": [{\"name\": \"up_permissions_created_by_id_fk\", \"columns\": [\"created_by_id\"]}, {\"name\": \"up_permissions_updated_by_id_fk\", \"columns\": [\"updated_by_id\"]}], \"foreignKeys\": [{\"name\": \"up_permissions_created_by_id_fk\", \"columns\": [\"created_by_id\"], \"onDelete\": \"SET NULL\", \"referencedTable\": \"admin_users\", \"referencedColumns\": [\"id\"]}, {\"name\": \"up_permissions_updated_by_id_fk\", \"columns\": [\"updated_by_id\"], \"onDelete\": \"SET NULL\", \"referencedTable\": \"admin_users\", \"referencedColumns\": [\"id\"]}]}, {\"name\": \"up_roles\", \"columns\": [{\"args\": [{\"primary\": true, \"primaryKey\": true}], \"name\": \"id\", \"type\": \"increments\", \"unsigned\": false, \"defaultTo\": null, \"notNullable\": true}, {\"args\": [], \"name\": \"name\", \"type\": \"string\", \"unsigned\": false, \"defaultTo\": null, \"notNullable\": false}, {\"args\": [], \"name\": \"description\", \"type\": \"string\", \"unsigned\": false, \"defaultTo\": null, \"notNullable\": false}, {\"args\": [], \"name\": \"type\", \"type\": \"string\", \"unsigned\": false, \"defaultTo\": null, \"notNullable\": false}, {\"args\": [{\"useTz\": false, \"precision\": 6}], \"name\": \"created_at\", \"type\": \"datetime\", \"unsigned\": false, \"defaultTo\": null, \"notNullable\": false}, {\"args\": [{\"useTz\": false, \"precision\": 6}], \"name\": \"updated_at\", \"type\": \"datetime\", \"unsigned\": false, \"defaultTo\": null, \"notNullable\": false}, {\"args\": [], \"name\": \"created_by_id\", \"type\": \"integer\", \"unsigned\": true, \"defaultTo\": null, \"notNullable\": false}, {\"args\": [], \"name\": \"updated_by_id\", \"type\": \"integer\", \"unsigned\": true, \"defaultTo\": null, \"notNullable\": false}], \"indexes\": [{\"name\": \"up_roles_created_by_id_fk\", \"columns\": [\"created_by_id\"]}, {\"name\": \"up_roles_updated_by_id_fk\", \"columns\": [\"updated_by_id\"]}], \"foreignKeys\": [{\"name\": \"up_roles_created_by_id_fk\", \"columns\": [\"created_by_id\"], \"onDelete\": \"SET NULL\", \"referencedTable\": \"admin_users\", \"referencedColumns\": [\"id\"]}, {\"name\": \"up_roles_updated_by_id_fk\", \"columns\": [\"updated_by_id\"], \"onDelete\": \"SET NULL\", \"referencedTable\": \"admin_users\", \"referencedColumns\": [\"id\"]}]}, {\"name\": \"up_users\", \"columns\": [{\"args\": [{\"primary\": true, \"primaryKey\": true}], \"name\": \"id\", \"type\": \"increments\", \"unsigned\": false, \"defaultTo\": null, \"notNullable\": true}, {\"args\": [], \"name\": \"username\", \"type\": \"string\", \"unsigned\": false, \"defaultTo\": null, \"notNullable\": false}, {\"args\": [], \"name\": \"email\", \"type\": \"string\", \"unsigned\": false, \"defaultTo\": null, \"notNullable\": false}, {\"args\": [], \"name\": \"provider\", \"type\": \"string\", \"unsigned\": false, \"defaultTo\": null, \"notNullable\": false}, {\"args\": [], \"name\": \"password\", \"type\": \"string\", \"unsigned\": false, \"defaultTo\": null, \"notNullable\": false}, {\"args\": [], \"name\": \"reset_password_token\", \"type\": \"string\", \"unsigned\": false, \"defaultTo\": null, \"notNullable\": false}, {\"args\": [], \"name\": \"confirmation_token\", \"type\": \"string\", \"unsigned\": false, \"defaultTo\": null, \"notNullable\": false}, {\"args\": [], \"name\": \"confirmed\", \"type\": \"boolean\", \"unsigned\": false, \"defaultTo\": null, \"notNullable\": false}, {\"args\": [], \"name\": \"blocked\", \"type\": \"boolean\", \"unsigned\": false, \"defaultTo\": null, \"notNullable\": false}, {\"args\": [{\"useTz\": false, \"precision\": 6}], \"name\": \"created_at\", \"type\": \"datetime\", \"unsigned\": false, \"defaultTo\": null, \"notNullable\": false}, {\"args\": [{\"useTz\": false, \"precision\": 6}], \"name\": \"updated_at\", \"type\": \"datetime\", \"unsigned\": false, \"defaultTo\": null, \"notNullable\": false}, {\"args\": [], \"name\": \"created_by_id\", \"type\": \"integer\", \"unsigned\": true, \"defaultTo\": null, \"notNullable\": false}, {\"args\": [], \"name\": \"updated_by_id\", \"type\": \"integer\", \"unsigned\": true, \"defaultTo\": null, \"notNullable\": false}], \"indexes\": [{\"name\": \"up_users_created_by_id_fk\", \"columns\": [\"created_by_id\"]}, {\"name\": \"up_users_updated_by_id_fk\", \"columns\": [\"updated_by_id\"]}], \"foreignKeys\": [{\"name\": \"up_users_created_by_id_fk\", \"columns\": [\"created_by_id\"], \"onDelete\": \"SET NULL\", \"referencedTable\": \"admin_users\", \"referencedColumns\": [\"id\"]}, {\"name\": \"up_users_updated_by_id_fk\", \"columns\": [\"updated_by_id\"], \"onDelete\": \"SET NULL\", \"referencedTable\": \"admin_users\", \"referencedColumns\": [\"id\"]}]}, {\"name\": \"complaints\", \"columns\": [{\"args\": [{\"primary\": true, \"primaryKey\": true}], \"name\": \"id\", \"type\": \"increments\", \"unsigned\": false, \"defaultTo\": null, \"notNullable\": true}, {\"args\": [], \"name\": \"name\", \"type\": \"string\", \"unsigned\": false, \"defaultTo\": null, \"notNullable\": false}, {\"args\": [], \"name\": \"complaints\", \"type\": \"string\", \"unsigned\": false, \"defaultTo\": null, \"notNullable\": false}, {\"args\": [], \"name\": \"email\", \"type\": \"string\", \"unsigned\": false, \"defaultTo\": null, \"notNullable\": false}, {\"args\": [\"longtext\"], \"name\": \"message\", \"type\": \"text\", \"unsigned\": false, \"defaultTo\": null, \"notNullable\": false}, {\"args\": [], \"name\": \"number\", \"type\": \"string\", \"unsigned\": false, \"defaultTo\": null, \"notNullable\": false}, {\"args\": [{\"useTz\": false, \"precision\": 6}], \"name\": \"created_at\", \"type\": \"datetime\", \"unsigned\": false, \"defaultTo\": null, \"notNullable\": false}, {\"args\": [{\"useTz\": false, \"precision\": 6}], \"name\": \"updated_at\", \"type\": \"datetime\", \"unsigned\": false, \"defaultTo\": null, \"notNullable\": false}, {\"args\": [{\"useTz\": false, \"precision\": 6}], \"name\": \"published_at\", \"type\": \"datetime\", \"unsigned\": false, \"defaultTo\": null, \"notNullable\": false}, {\"args\": [], \"name\": \"created_by_id\", \"type\": \"integer\", \"unsigned\": true, \"defaultTo\": null, \"notNullable\": false}, {\"args\": [], \"name\": \"updated_by_id\", \"type\": \"integer\", \"unsigned\": true, \"defaultTo\": null, \"notNullable\": false}], \"indexes\": [{\"name\": \"complaints_created_by_id_fk\", \"columns\": [\"created_by_id\"]}, {\"name\": \"complaints_updated_by_id_fk\", \"columns\": [\"updated_by_id\"]}], \"foreignKeys\": [{\"name\": \"complaints_created_by_id_fk\", \"columns\": [\"created_by_id\"], \"onDelete\": \"SET NULL\", \"referencedTable\": \"admin_users\", \"referencedColumns\": [\"id\"]}, {\"name\": \"complaints_updated_by_id_fk\", \"columns\": [\"updated_by_id\"], \"onDelete\": \"SET NULL\", \"referencedTable\": \"admin_users\", \"referencedColumns\": [\"id\"]}]}, {\"name\": \"events\", \"columns\": [{\"args\": [{\"primary\": true, \"primaryKey\": true}], \"name\": \"id\", \"type\": \"increments\", \"unsigned\": false, \"defaultTo\": null, \"notNullable\": true}, {\"args\": [], \"name\": \"event\", \"type\": \"string\", \"unsigned\": false, \"defaultTo\": null, \"notNullable\": false}, {\"args\": [], \"name\": \"event_a\", \"type\": \"string\", \"unsigned\": false, \"defaultTo\": null, \"notNullable\": false}, {\"args\": [\"longtext\"], \"name\": \"desc\", \"type\": \"text\", \"unsigned\": false, \"defaultTo\": null, \"notNullable\": false}, {\"args\": [\"longtext\"], \"name\": \"desc_a\", \"type\": \"text\", \"unsigned\": false, \"defaultTo\": null, \"notNullable\": false}, {\"args\": [{\"useTz\": false, \"precision\": 6}], \"name\": \"start_date_time\", \"type\": \"datetime\", \"unsigned\": false, \"defaultTo\": null, \"notNullable\": false}, {\"args\": [{\"useTz\": false, \"precision\": 6}], \"name\": \"start_date_time_a\", \"type\": \"datetime\", \"unsigned\": false, \"defaultTo\": null, \"notNullable\": false}, {\"args\": [{\"useTz\": false, \"precision\": 6}], \"name\": \"end_date_time\", \"type\": \"datetime\", \"unsigned\": false, \"defaultTo\": null, \"notNullable\": false}, {\"args\": [{\"useTz\": false, \"precision\": 6}], \"name\": \"end_date_time_a\", \"type\": \"datetime\", \"unsigned\": false, \"defaultTo\": null, \"notNullable\": false}, {\"args\": [], \"name\": \"venue\", \"type\": \"string\", \"unsigned\": false, \"defaultTo\": null, \"notNullable\": false}, {\"args\": [], \"name\": \"venue_a\", \"type\": \"string\", \"unsigned\": false, \"defaultTo\": null, \"notNullable\": false}, {\"args\": [], \"name\": \"map\", \"type\": \"string\", \"unsigned\": false, \"defaultTo\": null, \"notNullable\": false}, {\"args\": [{\"useTz\": false, \"precision\": 6}], \"name\": \"created_at\", \"type\": \"datetime\", \"unsigned\": false, \"defaultTo\": null, \"notNullable\": false}, {\"args\": [{\"useTz\": false, \"precision\": 6}], \"name\": \"updated_at\", \"type\": \"datetime\", \"unsigned\": false, \"defaultTo\": null, \"notNullable\": false}, {\"args\": [{\"useTz\": false, \"precision\": 6}], \"name\": \"published_at\", \"type\": \"datetime\", \"unsigned\": false, \"defaultTo\": null, \"notNullable\": false}, {\"args\": [], \"name\": \"created_by_id\", \"type\": \"integer\", \"unsigned\": true, \"defaultTo\": null, \"notNullable\": false}, {\"args\": [], \"name\": \"updated_by_id\", \"type\": \"integer\", \"unsigned\": true, \"defaultTo\": null, \"notNullable\": false}], \"indexes\": [{\"name\": \"events_created_by_id_fk\", \"columns\": [\"created_by_id\"]}, {\"name\": \"events_updated_by_id_fk\", \"columns\": [\"updated_by_id\"]}], \"foreignKeys\": [{\"name\": \"events_created_by_id_fk\", \"columns\": [\"created_by_id\"], \"onDelete\": \"SET NULL\", \"referencedTable\": \"admin_users\", \"referencedColumns\": [\"id\"]}, {\"name\": \"events_updated_by_id_fk\", \"columns\": [\"updated_by_id\"], \"onDelete\": \"SET NULL\", \"referencedTable\": \"admin_users\", \"referencedColumns\": [\"id\"]}]}, {\"name\": \"feedbacks\", \"columns\": [{\"args\": [{\"primary\": true, \"primaryKey\": true}], \"name\": \"id\", \"type\": \"increments\", \"unsigned\": false, \"defaultTo\": null, \"notNullable\": true}, {\"args\": [], \"name\": \"name\", \"type\": \"string\", \"unsigned\": false, \"defaultTo\": null, \"notNullable\": false}, {\"args\": [], \"name\": \"email\", \"type\": \"string\", \"unsigned\": false, \"defaultTo\": null, \"notNullable\": false}, {\"args\": [], \"name\": \"feedback\", \"type\": \"string\", \"unsigned\": false, \"defaultTo\": null, \"notNullable\": false}, {\"args\": [\"longtext\"], \"name\": \"message\", \"type\": \"text\", \"unsigned\": false, \"defaultTo\": null, \"notNullable\": false}, {\"args\": [], \"name\": \"number\", \"type\": \"string\", \"unsigned\": false, \"defaultTo\": null, \"notNullable\": false}, {\"args\": [{\"useTz\": false, \"precision\": 6}], \"name\": \"created_at\", \"type\": \"datetime\", \"unsigned\": false, \"defaultTo\": null, \"notNullable\": false}, {\"args\": [{\"useTz\": false, \"precision\": 6}], \"name\": \"updated_at\", \"type\": \"datetime\", \"unsigned\": false, \"defaultTo\": null, \"notNullable\": false}, {\"args\": [{\"useTz\": false, \"precision\": 6}], \"name\": \"published_at\", \"type\": \"datetime\", \"unsigned\": false, \"defaultTo\": null, \"notNullable\": false}, {\"args\": [], \"name\": \"created_by_id\", \"type\": \"integer\", \"unsigned\": true, \"defaultTo\": null, \"notNullable\": false}, {\"args\": [], \"name\": \"updated_by_id\", \"type\": \"integer\", \"unsigned\": true, \"defaultTo\": null, \"notNullable\": false}], \"indexes\": [{\"name\": \"feedbacks_created_by_id_fk\", \"columns\": [\"created_by_id\"]}, {\"name\": \"feedbacks_updated_by_id_fk\", \"columns\": [\"updated_by_id\"]}], \"foreignKeys\": [{\"name\": \"feedbacks_created_by_id_fk\", \"columns\": [\"created_by_id\"], \"onDelete\": \"SET NULL\", \"referencedTable\": \"admin_users\", \"referencedColumns\": [\"id\"]}, {\"name\": \"feedbacks_updated_by_id_fk\", \"columns\": [\"updated_by_id\"], \"onDelete\": \"SET NULL\", \"referencedTable\": \"admin_users\", \"referencedColumns\": [\"id\"]}]}, {\"name\": \"happy_meters\", \"columns\": [{\"args\": [{\"primary\": true, \"primaryKey\": true}], \"name\": \"id\", \"type\": \"increments\", \"unsigned\": false, \"defaultTo\": null, \"notNullable\": true}, {\"args\": [], \"name\": \"type\", \"type\": \"string\", \"unsigned\": false, \"defaultTo\": null, \"notNullable\": false}, {\"args\": [\"longtext\"], \"name\": \"message\", \"type\": \"text\", \"unsigned\": false, \"defaultTo\": null, \"notNullable\": false}, {\"args\": [{\"useTz\": false, \"precision\": 6}], \"name\": \"created_at\", \"type\": \"datetime\", \"unsigned\": false, \"defaultTo\": null, \"notNullable\": false}, {\"args\": [{\"useTz\": false, \"precision\": 6}], \"name\": \"updated_at\", \"type\": \"datetime\", \"unsigned\": false, \"defaultTo\": null, \"notNullable\": false}, {\"args\": [{\"useTz\": false, \"precision\": 6}], \"name\": \"published_at\", \"type\": \"datetime\", \"unsigned\": false, \"defaultTo\": null, \"notNullable\": false}, {\"args\": [], \"name\": \"created_by_id\", \"type\": \"integer\", \"unsigned\": true, \"defaultTo\": null, \"notNullable\": false}, {\"args\": [], \"name\": \"updated_by_id\", \"type\": \"integer\", \"unsigned\": true, \"defaultTo\": null, \"notNullable\": false}], \"indexes\": [{\"name\": \"happy_meters_created_by_id_fk\", \"columns\": [\"created_by_id\"]}, {\"name\": \"happy_meters_updated_by_id_fk\", \"columns\": [\"updated_by_id\"]}], \"foreignKeys\": [{\"name\": \"happy_meters_created_by_id_fk\", \"columns\": [\"created_by_id\"], \"onDelete\": \"SET NULL\", \"referencedTable\": \"admin_users\", \"referencedColumns\": [\"id\"]}, {\"name\": \"happy_meters_updated_by_id_fk\", \"columns\": [\"updated_by_id\"], \"onDelete\": \"SET NULL\", \"referencedTable\": \"admin_users\", \"referencedColumns\": [\"id\"]}]}, {\"name\": \"municipalities\", \"columns\": [{\"args\": [{\"primary\": true, \"primaryKey\": true}], \"name\": \"id\", \"type\": \"increments\", \"unsigned\": false, \"defaultTo\": null, \"notNullable\": true}, {\"args\": [], \"name\": \"demo\", \"type\": \"jsonb\", \"unsigned\": false, \"defaultTo\": null, \"notNullable\": false}, {\"args\": [{\"useTz\": false, \"precision\": 6}], \"name\": \"created_at\", \"type\": \"datetime\", \"unsigned\": false, \"defaultTo\": null, \"notNullable\": false}, {\"args\": [{\"useTz\": false, \"precision\": 6}], \"name\": \"updated_at\", \"type\": \"datetime\", \"unsigned\": false, \"defaultTo\": null, \"notNullable\": false}, {\"args\": [{\"useTz\": false, \"precision\": 6}], \"name\": \"published_at\", \"type\": \"datetime\", \"unsigned\": false, \"defaultTo\": null, \"notNullable\": false}, {\"args\": [], \"name\": \"created_by_id\", \"type\": \"integer\", \"unsigned\": true, \"defaultTo\": null, \"notNullable\": false}, {\"args\": [], \"name\": \"updated_by_id\", \"type\": \"integer\", \"unsigned\": true, \"defaultTo\": null, \"notNullable\": false}], \"indexes\": [{\"name\": \"municipalities_created_by_id_fk\", \"columns\": [\"created_by_id\"]}, {\"name\": \"municipalities_updated_by_id_fk\", \"columns\": [\"updated_by_id\"]}], \"foreignKeys\": [{\"name\": \"municipalities_created_by_id_fk\", \"columns\": [\"created_by_id\"], \"onDelete\": \"SET NULL\", \"referencedTable\": \"admin_users\", \"referencedColumns\": [\"id\"]}, {\"name\": \"municipalities_updated_by_id_fk\", \"columns\": [\"updated_by_id\"], \"onDelete\": \"SET NULL\", \"referencedTable\": \"admin_users\", \"referencedColumns\": [\"id\"]}]}, {\"name\": \"news\", \"columns\": [{\"args\": [{\"primary\": true, \"primaryKey\": true}], \"name\": \"id\", \"type\": \"increments\", \"unsigned\": false, \"defaultTo\": null, \"notNullable\": true}, {\"args\": [], \"name\": \"title\", \"type\": \"string\", \"unsigned\": false, \"defaultTo\": null, \"notNullable\": false}, {\"args\": [], \"name\": \"title_a\", \"type\": \"string\", \"unsigned\": false, \"defaultTo\": null, \"notNullable\": false}, {\"args\": [\"longtext\"], \"name\": \"content\", \"type\": \"text\", \"unsigned\": false, \"defaultTo\": null, \"notNullable\": false}, {\"args\": [\"longtext\"], \"name\": \"content_a\", \"type\": \"text\", \"unsigned\": false, \"defaultTo\": null, \"notNullable\": false}, {\"args\": [], \"name\": \"date\", \"type\": \"date\", \"unsigned\": false, \"defaultTo\": null, \"notNullable\": false}, {\"args\": [], \"name\": \"author\", \"type\": \"string\", \"unsigned\": false, \"defaultTo\": null, \"notNullable\": false}, {\"args\": [], \"name\": \"author_a\", \"type\": \"string\", \"unsigned\": false, \"defaultTo\": null, \"notNullable\": false}, {\"args\": [\"longtext\"], \"name\": \"desc\", \"type\": \"text\", \"unsigned\": false, \"defaultTo\": null, \"notNullable\": false}, {\"args\": [\"longtext\"], \"name\": \"desc_a\", \"type\": \"text\", \"unsigned\": false, \"defaultTo\": null, \"notNullable\": false}, {\"args\": [{\"useTz\": false, \"precision\": 6}], \"name\": \"created_at\", \"type\": \"datetime\", \"unsigned\": false, \"defaultTo\": null, \"notNullable\": false}, {\"args\": [{\"useTz\": false, \"precision\": 6}], \"name\": \"updated_at\", \"type\": \"datetime\", \"unsigned\": false, \"defaultTo\": null, \"notNullable\": false}, {\"args\": [{\"useTz\": false, \"precision\": 6}], \"name\": \"published_at\", \"type\": \"datetime\", \"unsigned\": false, \"defaultTo\": null, \"notNullable\": false}, {\"args\": [], \"name\": \"created_by_id\", \"type\": \"integer\", \"unsigned\": true, \"defaultTo\": null, \"notNullable\": false}, {\"args\": [], \"name\": \"updated_by_id\", \"type\": \"integer\", \"unsigned\": true, \"defaultTo\": null, \"notNullable\": false}], \"indexes\": [{\"name\": \"news_created_by_id_fk\", \"columns\": [\"created_by_id\"]}, {\"name\": \"news_updated_by_id_fk\", \"columns\": [\"updated_by_id\"]}], \"foreignKeys\": [{\"name\": \"news_created_by_id_fk\", \"columns\": [\"created_by_id\"], \"onDelete\": \"SET NULL\", \"referencedTable\": \"admin_users\", \"referencedColumns\": [\"id\"]}, {\"name\": \"news_updated_by_id_fk\", \"columns\": [\"updated_by_id\"], \"onDelete\": \"SET NULL\", \"referencedTable\": \"admin_users\", \"referencedColumns\": [\"id\"]}]}, {\"name\": \"queries\", \"columns\": [{\"args\": [{\"primary\": true, \"primaryKey\": true}], \"name\": \"id\", \"type\": \"increments\", \"unsigned\": false, \"defaultTo\": null, \"notNullable\": true}, {\"args\": [], \"name\": \"name\", \"type\": \"string\", \"unsigned\": false, \"defaultTo\": null, \"notNullable\": false}, {\"args\": [], \"name\": \"email\", \"type\": \"string\", \"unsigned\": false, \"defaultTo\": null, \"notNullable\": false}, {\"args\": [], \"name\": \"phone\", \"type\": \"string\", \"unsigned\": false, \"defaultTo\": null, \"notNullable\": false}, {\"args\": [], \"name\": \"subject\", \"type\": \"string\", \"unsigned\": false, \"defaultTo\": null, \"notNullable\": false}, {\"args\": [\"longtext\"], \"name\": \"message\", \"type\": \"text\", \"unsigned\": false, \"defaultTo\": null, \"notNullable\": false}, {\"args\": [{\"useTz\": false, \"precision\": 6}], \"name\": \"created_at\", \"type\": \"datetime\", \"unsigned\": false, \"defaultTo\": null, \"notNullable\": false}, {\"args\": [{\"useTz\": false, \"precision\": 6}], \"name\": \"updated_at\", \"type\": \"datetime\", \"unsigned\": false, \"defaultTo\": null, \"notNullable\": false}, {\"args\": [{\"useTz\": false, \"precision\": 6}], \"name\": \"published_at\", \"type\": \"datetime\", \"unsigned\": false, \"defaultTo\": null, \"notNullable\": false}, {\"args\": [], \"name\": \"created_by_id\", \"type\": \"integer\", \"unsigned\": true, \"defaultTo\": null, \"notNullable\": false}, {\"args\": [], \"name\": \"updated_by_id\", \"type\": \"integer\", \"unsigned\": true, \"defaultTo\": null, \"notNullable\": false}], \"indexes\": [{\"name\": \"queries_created_by_id_fk\", \"columns\": [\"created_by_id\"]}, {\"name\": \"queries_updated_by_id_fk\", \"columns\": [\"updated_by_id\"]}], \"foreignKeys\": [{\"name\": \"queries_created_by_id_fk\", \"columns\": [\"created_by_id\"], \"onDelete\": \"SET NULL\", \"referencedTable\": \"admin_users\", \"referencedColumns\": [\"id\"]}, {\"name\": \"queries_updated_by_id_fk\", \"columns\": [\"updated_by_id\"], \"onDelete\": \"SET NULL\", \"referencedTable\": \"admin_users\", \"referencedColumns\": [\"id\"]}]}, {\"name\": \"admin_permissions_role_links\", \"columns\": [{\"args\": [{\"primary\": true, \"primaryKey\": true}], \"name\": \"id\", \"type\": \"increments\", \"unsigned\": false, \"defaultTo\": null, \"notNullable\": true}, {\"args\": [], \"name\": \"permission_id\", \"type\": \"integer\", \"unsigned\": true, \"defaultTo\": null, \"notNullable\": false}, {\"args\": [], \"name\": \"role_id\", \"type\": \"integer\", \"unsigned\": true, \"defaultTo\": null, \"notNullable\": false}, {\"args\": [], \"name\": \"permission_order\", \"type\": \"double\", \"unsigned\": true, \"defaultTo\": null, \"notNullable\": false}], \"indexes\": [{\"name\": \"admin_permissions_role_links_fk\", \"columns\": [\"permission_id\"]}, {\"name\": \"admin_permissions_role_links_inv_fk\", \"columns\": [\"role_id\"]}, {\"name\": \"admin_permissions_role_links_unique\", \"type\": \"unique\", \"columns\": [\"permission_id\", \"role_id\"]}, {\"name\": \"admin_permissions_role_links_order_inv_fk\", \"columns\": [\"permission_order\"]}], \"foreignKeys\": [{\"name\": \"admin_permissions_role_links_fk\", \"columns\": [\"permission_id\"], \"onDelete\": \"CASCADE\", \"referencedTable\": \"admin_permissions\", \"referencedColumns\": [\"id\"]}, {\"name\": \"admin_permissions_role_links_inv_fk\", \"columns\": [\"role_id\"], \"onDelete\": \"CASCADE\", \"referencedTable\": \"admin_roles\", \"referencedColumns\": [\"id\"]}]}, {\"name\": \"admin_users_roles_links\", \"columns\": [{\"args\": [{\"primary\": true, \"primaryKey\": true}], \"name\": \"id\", \"type\": \"increments\", \"unsigned\": false, \"defaultTo\": null, \"notNullable\": true}, {\"args\": [], \"name\": \"user_id\", \"type\": \"integer\", \"unsigned\": true, \"defaultTo\": null, \"notNullable\": false}, {\"args\": [], \"name\": \"role_id\", \"type\": \"integer\", \"unsigned\": true, \"defaultTo\": null, \"notNullable\": false}, {\"args\": [], \"name\": \"role_order\", \"type\": \"double\", \"unsigned\": true, \"defaultTo\": null, \"notNullable\": false}, {\"args\": [], \"name\": \"user_order\", \"type\": \"double\", \"unsigned\": true, \"defaultTo\": null, \"notNullable\": false}], \"indexes\": [{\"name\": \"admin_users_roles_links_fk\", \"columns\": [\"user_id\"]}, {\"name\": \"admin_users_roles_links_inv_fk\", \"columns\": [\"role_id\"]}, {\"name\": \"admin_users_roles_links_unique\", \"type\": \"unique\", \"columns\": [\"user_id\", \"role_id\"]}, {\"name\": \"admin_users_roles_links_order_fk\", \"columns\": [\"role_order\"]}, {\"name\": \"admin_users_roles_links_order_inv_fk\", \"columns\": [\"user_order\"]}], \"foreignKeys\": [{\"name\": \"admin_users_roles_links_fk\", \"columns\": [\"user_id\"], \"onDelete\": \"CASCADE\", \"referencedTable\": \"admin_users\", \"referencedColumns\": [\"id\"]}, {\"name\": \"admin_users_roles_links_inv_fk\", \"columns\": [\"role_id\"], \"onDelete\": \"CASCADE\", \"referencedTable\": \"admin_roles\", \"referencedColumns\": [\"id\"]}]}, {\"name\": \"strapi_api_token_permissions_token_links\", \"columns\": [{\"args\": [{\"primary\": true, \"primaryKey\": true}], \"name\": \"id\", \"type\": \"increments\", \"unsigned\": false, \"defaultTo\": null, \"notNullable\": true}, {\"args\": [], \"name\": \"api_token_permission_id\", \"type\": \"integer\", \"unsigned\": true, \"defaultTo\": null, \"notNullable\": false}, {\"args\": [], \"name\": \"api_token_id\", \"type\": \"integer\", \"unsigned\": true, \"defaultTo\": null, \"notNullable\": false}, {\"args\": [], \"name\": \"api_token_permission_order\", \"type\": \"double\", \"unsigned\": true, \"defaultTo\": null, \"notNullable\": false}], \"indexes\": [{\"name\": \"strapi_api_token_permissions_token_links_fk\", \"columns\": [\"api_token_permission_id\"]}, {\"name\": \"strapi_api_token_permissions_token_links_inv_fk\", \"columns\": [\"api_token_id\"]}, {\"name\": \"strapi_api_token_permissions_token_links_unique\", \"type\": \"unique\", \"columns\": [\"api_token_permission_id\", \"api_token_id\"]}, {\"name\": \"strapi_api_token_permissions_token_links_order_inv_fk\", \"columns\": [\"api_token_permission_order\"]}], \"foreignKeys\": [{\"name\": \"strapi_api_token_permissions_token_links_fk\", \"columns\": [\"api_token_permission_id\"], \"onDelete\": \"CASCADE\", \"referencedTable\": \"strapi_api_token_permissions\", \"referencedColumns\": [\"id\"]}, {\"name\": \"strapi_api_token_permissions_token_links_inv_fk\", \"columns\": [\"api_token_id\"], \"onDelete\": \"CASCADE\", \"referencedTable\": \"strapi_api_tokens\", \"referencedColumns\": [\"id\"]}]}, {\"name\": \"strapi_transfer_token_permissions_token_links\", \"columns\": [{\"args\": [{\"primary\": true, \"primaryKey\": true}], \"name\": \"id\", \"type\": \"increments\", \"unsigned\": false, \"defaultTo\": null, \"notNullable\": true}, {\"args\": [], \"name\": \"transfer_token_permission_id\", \"type\": \"integer\", \"unsigned\": true, \"defaultTo\": null, \"notNullable\": false}, {\"args\": [], \"name\": \"transfer_token_id\", \"type\": \"integer\", \"unsigned\": true, \"defaultTo\": null, \"notNullable\": false}, {\"args\": [], \"name\": \"transfer_token_permission_order\", \"type\": \"double\", \"unsigned\": true, \"defaultTo\": null, \"notNullable\": false}], \"indexes\": [{\"name\": \"strapi_transfer_token_permissions_token_links_fk\", \"columns\": [\"transfer_token_permission_id\"]}, {\"name\": \"strapi_transfer_token_permissions_token_links_inv_fk\", \"columns\": [\"transfer_token_id\"]}, {\"name\": \"strapi_transfer_token_permissions_token_links_unique\", \"type\": \"unique\", \"columns\": [\"transfer_token_permission_id\", \"transfer_token_id\"]}, {\"name\": \"strapi_transfer_token_permissions_token_links_order_inv_fk\", \"columns\": [\"transfer_token_permission_order\"]}], \"foreignKeys\": [{\"name\": \"strapi_transfer_token_permissions_token_links_fk\", \"columns\": [\"transfer_token_permission_id\"], \"onDelete\": \"CASCADE\", \"referencedTable\": \"strapi_transfer_token_permissions\", \"referencedColumns\": [\"id\"]}, {\"name\": \"strapi_transfer_token_permissions_token_links_inv_fk\", \"columns\": [\"transfer_token_id\"], \"onDelete\": \"CASCADE\", \"referencedTable\": \"strapi_transfer_tokens\", \"referencedColumns\": [\"id\"]}]}, {\"name\": \"files_related_morphs\", \"columns\": [{\"args\": [{\"primary\": true, \"primaryKey\": true}], \"name\": \"id\", \"type\": \"increments\", \"unsigned\": false, \"defaultTo\": null, \"notNullable\": true}, {\"args\": [], \"name\": \"file_id\", \"type\": \"integer\", \"unsigned\": true, \"defaultTo\": null, \"notNullable\": false}, {\"args\": [], \"name\": \"related_id\", \"type\": \"integer\", \"unsigned\": true, \"defaultTo\": null, \"notNullable\": false}, {\"args\": [], \"name\": \"related_type\", \"type\": \"string\", \"unsigned\": false, \"defaultTo\": null, \"notNullable\": false}, {\"args\": [], \"name\": \"field\", \"type\": \"string\", \"unsigned\": false, \"defaultTo\": null, \"notNullable\": false}, {\"args\": [], \"name\": \"order\", \"type\": \"double\", \"unsigned\": true, \"defaultTo\": null, \"notNullable\": false}], \"indexes\": [{\"name\": \"files_related_morphs_fk\", \"columns\": [\"file_id\"]}, {\"name\": \"files_related_morphs_order_index\", \"columns\": [\"order\"]}, {\"name\": \"files_related_morphs_id_column_index\", \"columns\": [\"related_id\"]}], \"foreignKeys\": [{\"name\": \"files_related_morphs_fk\", \"columns\": [\"file_id\"], \"onDelete\": \"CASCADE\", \"referencedTable\": \"files\", \"referencedColumns\": [\"id\"]}]}, {\"name\": \"files_folder_links\", \"columns\": [{\"args\": [{\"primary\": true, \"primaryKey\": true}], \"name\": \"id\", \"type\": \"increments\", \"unsigned\": false, \"defaultTo\": null, \"notNullable\": true}, {\"args\": [], \"name\": \"file_id\", \"type\": \"integer\", \"unsigned\": true, \"defaultTo\": null, \"notNullable\": false}, {\"args\": [], \"name\": \"folder_id\", \"type\": \"integer\", \"unsigned\": true, \"defaultTo\": null, \"notNullable\": false}, {\"args\": [], \"name\": \"file_order\", \"type\": \"double\", \"unsigned\": true, \"defaultTo\": null, \"notNullable\": false}], \"indexes\": [{\"name\": \"files_folder_links_fk\", \"columns\": [\"file_id\"]}, {\"name\": \"files_folder_links_inv_fk\", \"columns\": [\"folder_id\"]}, {\"name\": \"files_folder_links_unique\", \"type\": \"unique\", \"columns\": [\"file_id\", \"folder_id\"]}, {\"name\": \"files_folder_links_order_inv_fk\", \"columns\": [\"file_order\"]}], \"foreignKeys\": [{\"name\": \"files_folder_links_fk\", \"columns\": [\"file_id\"], \"onDelete\": \"CASCADE\", \"referencedTable\": \"files\", \"referencedColumns\": [\"id\"]}, {\"name\": \"files_folder_links_inv_fk\", \"columns\": [\"folder_id\"], \"onDelete\": \"CASCADE\", \"referencedTable\": \"upload_folders\", \"referencedColumns\": [\"id\"]}]}, {\"name\": \"upload_folders_parent_links\", \"columns\": [{\"args\": [{\"primary\": true, \"primaryKey\": true}], \"name\": \"id\", \"type\": \"increments\", \"unsigned\": false, \"defaultTo\": null, \"notNullable\": true}, {\"args\": [], \"name\": \"folder_id\", \"type\": \"integer\", \"unsigned\": true, \"defaultTo\": null, \"notNullable\": false}, {\"args\": [], \"name\": \"inv_folder_id\", \"type\": \"integer\", \"unsigned\": true, \"defaultTo\": null, \"notNullable\": false}, {\"args\": [], \"name\": \"folder_order\", \"type\": \"double\", \"unsigned\": true, \"defaultTo\": null, \"notNullable\": false}], \"indexes\": [{\"name\": \"upload_folders_parent_links_fk\", \"columns\": [\"folder_id\"]}, {\"name\": \"upload_folders_parent_links_inv_fk\", \"columns\": [\"inv_folder_id\"]}, {\"name\": \"upload_folders_parent_links_unique\", \"type\": \"unique\", \"columns\": [\"folder_id\", \"inv_folder_id\"]}, {\"name\": \"upload_folders_parent_links_order_inv_fk\", \"columns\": [\"folder_order\"]}], \"foreignKeys\": [{\"name\": \"upload_folders_parent_links_fk\", \"columns\": [\"folder_id\"], \"onDelete\": \"CASCADE\", \"referencedTable\": \"upload_folders\", \"referencedColumns\": [\"id\"]}, {\"name\": \"upload_folders_parent_links_inv_fk\", \"columns\": [\"inv_folder_id\"], \"onDelete\": \"CASCADE\", \"referencedTable\": \"upload_folders\", \"referencedColumns\": [\"id\"]}]}, {\"name\": \"strapi_release_actions_release_links\", \"columns\": [{\"args\": [{\"primary\": true, \"primaryKey\": true}], \"name\": \"id\", \"type\": \"increments\", \"unsigned\": false, \"defaultTo\": null, \"notNullable\": true}, {\"args\": [], \"name\": \"release_action_id\", \"type\": \"integer\", \"unsigned\": true, \"defaultTo\": null, \"notNullable\": false}, {\"args\": [], \"name\": \"release_id\", \"type\": \"integer\", \"unsigned\": true, \"defaultTo\": null, \"notNullable\": false}, {\"args\": [], \"name\": \"release_action_order\", \"type\": \"double\", \"unsigned\": true, \"defaultTo\": null, \"notNullable\": false}], \"indexes\": [{\"name\": \"strapi_release_actions_release_links_fk\", \"columns\": [\"release_action_id\"]}, {\"name\": \"strapi_release_actions_release_links_inv_fk\", \"columns\": [\"release_id\"]}, {\"name\": \"strapi_release_actions_release_links_unique\", \"type\": \"unique\", \"columns\": [\"release_action_id\", \"release_id\"]}, {\"name\": \"strapi_release_actions_release_links_order_inv_fk\", \"columns\": [\"release_action_order\"]}], \"foreignKeys\": [{\"name\": \"strapi_release_actions_release_links_fk\", \"columns\": [\"release_action_id\"], \"onDelete\": \"CASCADE\", \"referencedTable\": \"strapi_release_actions\", \"referencedColumns\": [\"id\"]}, {\"name\": \"strapi_release_actions_release_links_inv_fk\", \"columns\": [\"release_id\"], \"onDelete\": \"CASCADE\", \"referencedTable\": \"strapi_releases\", \"referencedColumns\": [\"id\"]}]}, {\"name\": \"up_permissions_role_links\", \"columns\": [{\"args\": [{\"primary\": true, \"primaryKey\": true}], \"name\": \"id\", \"type\": \"increments\", \"unsigned\": false, \"defaultTo\": null, \"notNullable\": true}, {\"args\": [], \"name\": \"permission_id\", \"type\": \"integer\", \"unsigned\": true, \"defaultTo\": null, \"notNullable\": false}, {\"args\": [], \"name\": \"role_id\", \"type\": \"integer\", \"unsigned\": true, \"defaultTo\": null, \"notNullable\": false}, {\"args\": [], \"name\": \"permission_order\", \"type\": \"double\", \"unsigned\": true, \"defaultTo\": null, \"notNullable\": false}], \"indexes\": [{\"name\": \"up_permissions_role_links_fk\", \"columns\": [\"permission_id\"]}, {\"name\": \"up_permissions_role_links_inv_fk\", \"columns\": [\"role_id\"]}, {\"name\": \"up_permissions_role_links_unique\", \"type\": \"unique\", \"columns\": [\"permission_id\", \"role_id\"]}, {\"name\": \"up_permissions_role_links_order_inv_fk\", \"columns\": [\"permission_order\"]}], \"foreignKeys\": [{\"name\": \"up_permissions_role_links_fk\", \"columns\": [\"permission_id\"], \"onDelete\": \"CASCADE\", \"referencedTable\": \"up_permissions\", \"referencedColumns\": [\"id\"]}, {\"name\": \"up_permissions_role_links_inv_fk\", \"columns\": [\"role_id\"], \"onDelete\": \"CASCADE\", \"referencedTable\": \"up_roles\", \"referencedColumns\": [\"id\"]}]}, {\"name\": \"up_users_role_links\", \"columns\": [{\"args\": [{\"primary\": true, \"primaryKey\": true}], \"name\": \"id\", \"type\": \"increments\", \"unsigned\": false, \"defaultTo\": null, \"notNullable\": true}, {\"args\": [], \"name\": \"user_id\", \"type\": \"integer\", \"unsigned\": true, \"defaultTo\": null, \"notNullable\": false}, {\"args\": [], \"name\": \"role_id\", \"type\": \"integer\", \"unsigned\": true, \"defaultTo\": null, \"notNullable\": false}, {\"args\": [], \"name\": \"user_order\", \"type\": \"double\", \"unsigned\": true, \"defaultTo\": null, \"notNullable\": false}], \"indexes\": [{\"name\": \"up_users_role_links_fk\", \"columns\": [\"user_id\"]}, {\"name\": \"up_users_role_links_inv_fk\", \"columns\": [\"role_id\"]}, {\"name\": \"up_users_role_links_unique\", \"type\": \"unique\", \"columns\": [\"user_id\", \"role_id\"]}, {\"name\": \"up_users_role_links_order_inv_fk\", \"columns\": [\"user_order\"]}], \"foreignKeys\": [{\"name\": \"up_users_role_links_fk\", \"columns\": [\"user_id\"], \"onDelete\": \"CASCADE\", \"referencedTable\": \"up_users\", \"referencedColumns\": [\"id\"]}, {\"name\": \"up_users_role_links_inv_fk\", \"columns\": [\"role_id\"], \"onDelete\": \"CASCADE\", \"referencedTable\": \"up_roles\", \"referencedColumns\": [\"id\"]}]}]}','2024-03-20 16:25:02','a4acee68d33471b24d1ef26411d7da21');
/*!40000 ALTER TABLE `strapi_database_schema` ENABLE KEYS */;
UNLOCK TABLES;

--
-- Table structure for table `strapi_migrations`
--

DROP TABLE IF EXISTS `strapi_migrations`;
/*!40101 SET @saved_cs_client     = @@character_set_client */;
/*!50503 SET character_set_client = utf8mb4 */;
CREATE TABLE `strapi_migrations` (
  `id` int unsigned NOT NULL AUTO_INCREMENT,
  `name` varchar(255) DEFAULT NULL,
  `time` datetime DEFAULT NULL,
  PRIMARY KEY (`id`)
) ENGINE=InnoDB DEFAULT CHARSET=utf8mb4 COLLATE=utf8mb4_0900_ai_ci;
/*!40101 SET character_set_client = @saved_cs_client */;

--
-- Dumping data for table `strapi_migrations`
--

LOCK TABLES `strapi_migrations` WRITE;
/*!40000 ALTER TABLE `strapi_migrations` DISABLE KEYS */;
/*!40000 ALTER TABLE `strapi_migrations` ENABLE KEYS */;
UNLOCK TABLES;

--
-- Table structure for table `strapi_release_actions`
--

DROP TABLE IF EXISTS `strapi_release_actions`;
/*!40101 SET @saved_cs_client     = @@character_set_client */;
/*!50503 SET character_set_client = utf8mb4 */;
CREATE TABLE `strapi_release_actions` (
  `id` int unsigned NOT NULL AUTO_INCREMENT,
  `type` varchar(255) DEFAULT NULL,
  `target_id` int unsigned DEFAULT NULL,
  `target_type` varchar(255) DEFAULT NULL,
  `content_type` varchar(255) DEFAULT NULL,
  `locale` varchar(255) DEFAULT NULL,
  `created_at` datetime(6) DEFAULT NULL,
  `updated_at` datetime(6) DEFAULT NULL,
  `created_by_id` int unsigned DEFAULT NULL,
  `updated_by_id` int unsigned DEFAULT NULL,
  PRIMARY KEY (`id`),
  KEY `strapi_release_actions_created_by_id_fk` (`created_by_id`),
  KEY `strapi_release_actions_updated_by_id_fk` (`updated_by_id`),
  CONSTRAINT `strapi_release_actions_created_by_id_fk` FOREIGN KEY (`created_by_id`) REFERENCES `admin_users` (`id`) ON DELETE SET NULL,
  CONSTRAINT `strapi_release_actions_updated_by_id_fk` FOREIGN KEY (`updated_by_id`) REFERENCES `admin_users` (`id`) ON DELETE SET NULL
) ENGINE=InnoDB DEFAULT CHARSET=utf8mb4 COLLATE=utf8mb4_0900_ai_ci;
/*!40101 SET character_set_client = @saved_cs_client */;

--
-- Dumping data for table `strapi_release_actions`
--

LOCK TABLES `strapi_release_actions` WRITE;
/*!40000 ALTER TABLE `strapi_release_actions` DISABLE KEYS */;
/*!40000 ALTER TABLE `strapi_release_actions` ENABLE KEYS */;
UNLOCK TABLES;

--
-- Table structure for table `strapi_release_actions_release_links`
--

DROP TABLE IF EXISTS `strapi_release_actions_release_links`;
/*!40101 SET @saved_cs_client     = @@character_set_client */;
/*!50503 SET character_set_client = utf8mb4 */;
CREATE TABLE `strapi_release_actions_release_links` (
  `id` int unsigned NOT NULL AUTO_INCREMENT,
  `release_action_id` int unsigned DEFAULT NULL,
  `release_id` int unsigned DEFAULT NULL,
  `release_action_order` double unsigned DEFAULT NULL,
  PRIMARY KEY (`id`),
  UNIQUE KEY `strapi_release_actions_release_links_unique` (`release_action_id`,`release_id`),
  KEY `strapi_release_actions_release_links_fk` (`release_action_id`),
  KEY `strapi_release_actions_release_links_inv_fk` (`release_id`),
  KEY `strapi_release_actions_release_links_order_inv_fk` (`release_action_order`),
  CONSTRAINT `strapi_release_actions_release_links_fk` FOREIGN KEY (`release_action_id`) REFERENCES `strapi_release_actions` (`id`) ON DELETE CASCADE,
  CONSTRAINT `strapi_release_actions_release_links_inv_fk` FOREIGN KEY (`release_id`) REFERENCES `strapi_releases` (`id`) ON DELETE CASCADE
) ENGINE=InnoDB DEFAULT CHARSET=utf8mb4 COLLATE=utf8mb4_0900_ai_ci;
/*!40101 SET character_set_client = @saved_cs_client */;

--
-- Dumping data for table `strapi_release_actions_release_links`
--

LOCK TABLES `strapi_release_actions_release_links` WRITE;
/*!40000 ALTER TABLE `strapi_release_actions_release_links` DISABLE KEYS */;
/*!40000 ALTER TABLE `strapi_release_actions_release_links` ENABLE KEYS */;
UNLOCK TABLES;

--
-- Table structure for table `strapi_releases`
--

DROP TABLE IF EXISTS `strapi_releases`;
/*!40101 SET @saved_cs_client     = @@character_set_client */;
/*!50503 SET character_set_client = utf8mb4 */;
CREATE TABLE `strapi_releases` (
  `id` int unsigned NOT NULL AUTO_INCREMENT,
  `name` varchar(255) DEFAULT NULL,
  `released_at` datetime(6) DEFAULT NULL,
  `scheduled_at` datetime(6) DEFAULT NULL,
  `timezone` varchar(255) DEFAULT NULL,
  `created_at` datetime(6) DEFAULT NULL,
  `updated_at` datetime(6) DEFAULT NULL,
  `created_by_id` int unsigned DEFAULT NULL,
  `updated_by_id` int unsigned DEFAULT NULL,
  PRIMARY KEY (`id`),
  KEY `strapi_releases_created_by_id_fk` (`created_by_id`),
  KEY `strapi_releases_updated_by_id_fk` (`updated_by_id`),
  CONSTRAINT `strapi_releases_created_by_id_fk` FOREIGN KEY (`created_by_id`) REFERENCES `admin_users` (`id`) ON DELETE SET NULL,
  CONSTRAINT `strapi_releases_updated_by_id_fk` FOREIGN KEY (`updated_by_id`) REFERENCES `admin_users` (`id`) ON DELETE SET NULL
) ENGINE=InnoDB DEFAULT CHARSET=utf8mb4 COLLATE=utf8mb4_0900_ai_ci;
/*!40101 SET character_set_client = @saved_cs_client */;

--
-- Dumping data for table `strapi_releases`
--

LOCK TABLES `strapi_releases` WRITE;
/*!40000 ALTER TABLE `strapi_releases` DISABLE KEYS */;
/*!40000 ALTER TABLE `strapi_releases` ENABLE KEYS */;
UNLOCK TABLES;

--
-- Table structure for table `strapi_transfer_token_permissions`
--

DROP TABLE IF EXISTS `strapi_transfer_token_permissions`;
/*!40101 SET @saved_cs_client     = @@character_set_client */;
/*!50503 SET character_set_client = utf8mb4 */;
CREATE TABLE `strapi_transfer_token_permissions` (
  `id` int unsigned NOT NULL AUTO_INCREMENT,
  `action` varchar(255) DEFAULT NULL,
  `created_at` datetime(6) DEFAULT NULL,
  `updated_at` datetime(6) DEFAULT NULL,
  `created_by_id` int unsigned DEFAULT NULL,
  `updated_by_id` int unsigned DEFAULT NULL,
  PRIMARY KEY (`id`),
  KEY `strapi_transfer_token_permissions_created_by_id_fk` (`created_by_id`),
  KEY `strapi_transfer_token_permissions_updated_by_id_fk` (`updated_by_id`),
  CONSTRAINT `strapi_transfer_token_permissions_created_by_id_fk` FOREIGN KEY (`created_by_id`) REFERENCES `admin_users` (`id`) ON DELETE SET NULL,
  CONSTRAINT `strapi_transfer_token_permissions_updated_by_id_fk` FOREIGN KEY (`updated_by_id`) REFERENCES `admin_users` (`id`) ON DELETE SET NULL
) ENGINE=InnoDB DEFAULT CHARSET=utf8mb4 COLLATE=utf8mb4_0900_ai_ci;
/*!40101 SET character_set_client = @saved_cs_client */;

--
-- Dumping data for table `strapi_transfer_token_permissions`
--

LOCK TABLES `strapi_transfer_token_permissions` WRITE;
/*!40000 ALTER TABLE `strapi_transfer_token_permissions` DISABLE KEYS */;
/*!40000 ALTER TABLE `strapi_transfer_token_permissions` ENABLE KEYS */;
UNLOCK TABLES;

--
-- Table structure for table `strapi_transfer_token_permissions_token_links`
--

DROP TABLE IF EXISTS `strapi_transfer_token_permissions_token_links`;
/*!40101 SET @saved_cs_client     = @@character_set_client */;
/*!50503 SET character_set_client = utf8mb4 */;
CREATE TABLE `strapi_transfer_token_permissions_token_links` (
  `id` int unsigned NOT NULL AUTO_INCREMENT,
  `transfer_token_permission_id` int unsigned DEFAULT NULL,
  `transfer_token_id` int unsigned DEFAULT NULL,
  `transfer_token_permission_order` double unsigned DEFAULT NULL,
  PRIMARY KEY (`id`),
  UNIQUE KEY `strapi_transfer_token_permissions_token_links_unique` (`transfer_token_permission_id`,`transfer_token_id`),
  KEY `strapi_transfer_token_permissions_token_links_fk` (`transfer_token_permission_id`),
  KEY `strapi_transfer_token_permissions_token_links_inv_fk` (`transfer_token_id`),
  KEY `strapi_transfer_token_permissions_token_links_order_inv_fk` (`transfer_token_permission_order`),
  CONSTRAINT `strapi_transfer_token_permissions_token_links_fk` FOREIGN KEY (`transfer_token_permission_id`) REFERENCES `strapi_transfer_token_permissions` (`id`) ON DELETE CASCADE,
  CONSTRAINT `strapi_transfer_token_permissions_token_links_inv_fk` FOREIGN KEY (`transfer_token_id`) REFERENCES `strapi_transfer_tokens` (`id`) ON DELETE CASCADE
) ENGINE=InnoDB DEFAULT CHARSET=utf8mb4 COLLATE=utf8mb4_0900_ai_ci;
/*!40101 SET character_set_client = @saved_cs_client */;

--
-- Dumping data for table `strapi_transfer_token_permissions_token_links`
--

LOCK TABLES `strapi_transfer_token_permissions_token_links` WRITE;
/*!40000 ALTER TABLE `strapi_transfer_token_permissions_token_links` DISABLE KEYS */;
/*!40000 ALTER TABLE `strapi_transfer_token_permissions_token_links` ENABLE KEYS */;
UNLOCK TABLES;

--
-- Table structure for table `strapi_transfer_tokens`
--

DROP TABLE IF EXISTS `strapi_transfer_tokens`;
/*!40101 SET @saved_cs_client     = @@character_set_client */;
/*!50503 SET character_set_client = utf8mb4 */;
CREATE TABLE `strapi_transfer_tokens` (
  `id` int unsigned NOT NULL AUTO_INCREMENT,
  `name` varchar(255) DEFAULT NULL,
  `description` varchar(255) DEFAULT NULL,
  `access_key` varchar(255) DEFAULT NULL,
  `last_used_at` datetime(6) DEFAULT NULL,
  `expires_at` datetime(6) DEFAULT NULL,
  `lifespan` bigint DEFAULT NULL,
  `created_at` datetime(6) DEFAULT NULL,
  `updated_at` datetime(6) DEFAULT NULL,
  `created_by_id` int unsigned DEFAULT NULL,
  `updated_by_id` int unsigned DEFAULT NULL,
  PRIMARY KEY (`id`),
  KEY `strapi_transfer_tokens_created_by_id_fk` (`created_by_id`),
  KEY `strapi_transfer_tokens_updated_by_id_fk` (`updated_by_id`),
  CONSTRAINT `strapi_transfer_tokens_created_by_id_fk` FOREIGN KEY (`created_by_id`) REFERENCES `admin_users` (`id`) ON DELETE SET NULL,
  CONSTRAINT `strapi_transfer_tokens_updated_by_id_fk` FOREIGN KEY (`updated_by_id`) REFERENCES `admin_users` (`id`) ON DELETE SET NULL
) ENGINE=InnoDB DEFAULT CHARSET=utf8mb4 COLLATE=utf8mb4_0900_ai_ci;
/*!40101 SET character_set_client = @saved_cs_client */;

--
-- Dumping data for table `strapi_transfer_tokens`
--

LOCK TABLES `strapi_transfer_tokens` WRITE;
/*!40000 ALTER TABLE `strapi_transfer_tokens` DISABLE KEYS */;
/*!40000 ALTER TABLE `strapi_transfer_tokens` ENABLE KEYS */;
UNLOCK TABLES;

--
-- Table structure for table `strapi_webhooks`
--

DROP TABLE IF EXISTS `strapi_webhooks`;
/*!40101 SET @saved_cs_client     = @@character_set_client */;
/*!50503 SET character_set_client = utf8mb4 */;
CREATE TABLE `strapi_webhooks` (
  `id` int unsigned NOT NULL AUTO_INCREMENT,
  `name` varchar(255) DEFAULT NULL,
  `url` longtext,
  `headers` json DEFAULT NULL,
  `events` json DEFAULT NULL,
  `enabled` tinyint(1) DEFAULT NULL,
  PRIMARY KEY (`id`)
) ENGINE=InnoDB DEFAULT CHARSET=utf8mb4 COLLATE=utf8mb4_0900_ai_ci;
/*!40101 SET character_set_client = @saved_cs_client */;

--
-- Dumping data for table `strapi_webhooks`
--

LOCK TABLES `strapi_webhooks` WRITE;
/*!40000 ALTER TABLE `strapi_webhooks` DISABLE KEYS */;
/*!40000 ALTER TABLE `strapi_webhooks` ENABLE KEYS */;
UNLOCK TABLES;

--
-- Table structure for table `up_permissions`
--

DROP TABLE IF EXISTS `up_permissions`;
/*!40101 SET @saved_cs_client     = @@character_set_client */;
/*!50503 SET character_set_client = utf8mb4 */;
CREATE TABLE `up_permissions` (
  `id` int unsigned NOT NULL AUTO_INCREMENT,
  `action` varchar(255) DEFAULT NULL,
  `created_at` datetime(6) DEFAULT NULL,
  `updated_at` datetime(6) DEFAULT NULL,
  `created_by_id` int unsigned DEFAULT NULL,
  `updated_by_id` int unsigned DEFAULT NULL,
  PRIMARY KEY (`id`),
  KEY `up_permissions_created_by_id_fk` (`created_by_id`),
  KEY `up_permissions_updated_by_id_fk` (`updated_by_id`),
  CONSTRAINT `up_permissions_created_by_id_fk` FOREIGN KEY (`created_by_id`) REFERENCES `admin_users` (`id`) ON DELETE SET NULL,
  CONSTRAINT `up_permissions_updated_by_id_fk` FOREIGN KEY (`updated_by_id`) REFERENCES `admin_users` (`id`) ON DELETE SET NULL
) ENGINE=InnoDB AUTO_INCREMENT=16 DEFAULT CHARSET=utf8mb4 COLLATE=utf8mb4_0900_ai_ci;
/*!40101 SET character_set_client = @saved_cs_client */;

--
-- Dumping data for table `up_permissions`
--

LOCK TABLES `up_permissions` WRITE;
/*!40000 ALTER TABLE `up_permissions` DISABLE KEYS */;
INSERT INTO `up_permissions` VALUES (1,'plugin::users-permissions.user.me','2024-03-05 10:53:28.000000','2024-03-05 10:53:28.000000',NULL,NULL),(2,'plugin::users-permissions.auth.changePassword','2024-03-05 10:53:28.000000','2024-03-05 10:53:28.000000',NULL,NULL),(3,'plugin::users-permissions.auth.callback','2024-03-05 10:53:28.005000','2024-03-05 10:53:28.005000',NULL,NULL),(4,'plugin::users-permissions.auth.connect','2024-03-05 10:53:28.005000','2024-03-05 10:53:28.005000',NULL,NULL),(5,'plugin::users-permissions.auth.forgotPassword','2024-03-05 10:53:28.005000','2024-03-05 10:53:28.005000',NULL,NULL),(6,'plugin::users-permissions.auth.resetPassword','2024-03-05 10:53:28.005000','2024-03-05 10:53:28.005000',NULL,NULL),(7,'plugin::users-permissions.auth.register','2024-03-05 10:53:28.005000','2024-03-05 10:53:28.005000',NULL,NULL),(8,'plugin::users-permissions.auth.emailConfirmation','2024-03-05 10:53:28.005000','2024-03-05 10:53:28.005000',NULL,NULL),(9,'plugin::users-permissions.auth.sendEmailConfirmation','2024-03-05 10:53:28.005000','2024-03-05 10:53:28.005000',NULL,NULL),(10,'api::feedback.feedback.create','2024-03-05 12:06:05.297000','2024-03-05 12:06:05.297000',NULL,NULL),(11,'api::complaint.complaint.create','2024-03-07 21:01:29.459000','2024-03-07 21:01:29.459000',NULL,NULL),(12,'api::happy-meter.happy-meter.create','2024-03-09 10:54:15.476000','2024-03-09 10:54:15.476000',NULL,NULL),(13,'api::query.query.create','2024-03-09 12:31:02.600000','2024-03-09 12:31:02.600000',NULL,NULL),(14,'api::new.new.find','2024-03-09 14:55:59.112000','2024-03-09 14:55:59.112000',NULL,NULL),(15,'api::new.new.findOne','2024-03-09 14:55:59.112000','2024-03-09 14:55:59.112000',NULL,NULL);
/*!40000 ALTER TABLE `up_permissions` ENABLE KEYS */;
UNLOCK TABLES;

--
-- Table structure for table `up_permissions_role_links`
--

DROP TABLE IF EXISTS `up_permissions_role_links`;
/*!40101 SET @saved_cs_client     = @@character_set_client */;
/*!50503 SET character_set_client = utf8mb4 */;
CREATE TABLE `up_permissions_role_links` (
  `id` int unsigned NOT NULL AUTO_INCREMENT,
  `permission_id` int unsigned DEFAULT NULL,
  `role_id` int unsigned DEFAULT NULL,
  `permission_order` double unsigned DEFAULT NULL,
  PRIMARY KEY (`id`),
  UNIQUE KEY `up_permissions_role_links_unique` (`permission_id`,`role_id`),
  KEY `up_permissions_role_links_fk` (`permission_id`),
  KEY `up_permissions_role_links_inv_fk` (`role_id`),
  KEY `up_permissions_role_links_order_inv_fk` (`permission_order`),
  CONSTRAINT `up_permissions_role_links_fk` FOREIGN KEY (`permission_id`) REFERENCES `up_permissions` (`id`) ON DELETE CASCADE,
  CONSTRAINT `up_permissions_role_links_inv_fk` FOREIGN KEY (`role_id`) REFERENCES `up_roles` (`id`) ON DELETE CASCADE
) ENGINE=InnoDB AUTO_INCREMENT=16 DEFAULT CHARSET=utf8mb4 COLLATE=utf8mb4_0900_ai_ci;
/*!40101 SET character_set_client = @saved_cs_client */;

--
-- Dumping data for table `up_permissions_role_links`
--

LOCK TABLES `up_permissions_role_links` WRITE;
/*!40000 ALTER TABLE `up_permissions_role_links` DISABLE KEYS */;
INSERT INTO `up_permissions_role_links` VALUES (1,1,1,1),(2,2,1,1),(3,3,2,1),(4,4,2,1),(5,6,2,2),(6,7,2,2),(7,5,2,2),(8,9,2,2),(9,8,2,2),(10,10,2,3),(11,11,2,4),(12,12,2,5),(13,13,2,6),(14,14,2,7),(15,15,2,7);
/*!40000 ALTER TABLE `up_permissions_role_links` ENABLE KEYS */;
UNLOCK TABLES;

--
-- Table structure for table `up_roles`
--

DROP TABLE IF EXISTS `up_roles`;
/*!40101 SET @saved_cs_client     = @@character_set_client */;
/*!50503 SET character_set_client = utf8mb4 */;
CREATE TABLE `up_roles` (
  `id` int unsigned NOT NULL AUTO_INCREMENT,
  `name` varchar(255) DEFAULT NULL,
  `description` varchar(255) DEFAULT NULL,
  `type` varchar(255) DEFAULT NULL,
  `created_at` datetime(6) DEFAULT NULL,
  `updated_at` datetime(6) DEFAULT NULL,
  `created_by_id` int unsigned DEFAULT NULL,
  `updated_by_id` int unsigned DEFAULT NULL,
  PRIMARY KEY (`id`),
  KEY `up_roles_created_by_id_fk` (`created_by_id`),
  KEY `up_roles_updated_by_id_fk` (`updated_by_id`),
  CONSTRAINT `up_roles_created_by_id_fk` FOREIGN KEY (`created_by_id`) REFERENCES `admin_users` (`id`) ON DELETE SET NULL,
  CONSTRAINT `up_roles_updated_by_id_fk` FOREIGN KEY (`updated_by_id`) REFERENCES `admin_users` (`id`) ON DELETE SET NULL
) ENGINE=InnoDB AUTO_INCREMENT=3 DEFAULT CHARSET=utf8mb4 COLLATE=utf8mb4_0900_ai_ci;
/*!40101 SET character_set_client = @saved_cs_client */;

--
-- Dumping data for table `up_roles`
--

LOCK TABLES `up_roles` WRITE;
/*!40000 ALTER TABLE `up_roles` DISABLE KEYS */;
INSERT INTO `up_roles` VALUES (1,'Authenticated','Default role given to authenticated user.','authenticated','2024-03-05 10:53:27.994000','2024-03-05 10:53:27.994000',NULL,NULL),(2,'Public','Default role given to unauthenticated user.','public','2024-03-05 10:53:27.996000','2024-03-09 14:55:59.109000',NULL,NULL);
/*!40000 ALTER TABLE `up_roles` ENABLE KEYS */;
UNLOCK TABLES;

--
-- Table structure for table `up_users`
--

DROP TABLE IF EXISTS `up_users`;
/*!40101 SET @saved_cs_client     = @@character_set_client */;
/*!50503 SET character_set_client = utf8mb4 */;
CREATE TABLE `up_users` (
  `id` int unsigned NOT NULL AUTO_INCREMENT,
  `username` varchar(255) DEFAULT NULL,
  `email` varchar(255) DEFAULT NULL,
  `provider` varchar(255) DEFAULT NULL,
  `password` varchar(255) DEFAULT NULL,
  `reset_password_token` varchar(255) DEFAULT NULL,
  `confirmation_token` varchar(255) DEFAULT NULL,
  `confirmed` tinyint(1) DEFAULT NULL,
  `blocked` tinyint(1) DEFAULT NULL,
  `created_at` datetime(6) DEFAULT NULL,
  `updated_at` datetime(6) DEFAULT NULL,
  `created_by_id` int unsigned DEFAULT NULL,
  `updated_by_id` int unsigned DEFAULT NULL,
  PRIMARY KEY (`id`),
  KEY `up_users_created_by_id_fk` (`created_by_id`),
  KEY `up_users_updated_by_id_fk` (`updated_by_id`),
  CONSTRAINT `up_users_created_by_id_fk` FOREIGN KEY (`created_by_id`) REFERENCES `admin_users` (`id`) ON DELETE SET NULL,
  CONSTRAINT `up_users_updated_by_id_fk` FOREIGN KEY (`updated_by_id`) REFERENCES `admin_users` (`id`) ON DELETE SET NULL
) ENGINE=InnoDB DEFAULT CHARSET=utf8mb4 COLLATE=utf8mb4_0900_ai_ci;
/*!40101 SET character_set_client = @saved_cs_client */;

--
-- Dumping data for table `up_users`
--

LOCK TABLES `up_users` WRITE;
/*!40000 ALTER TABLE `up_users` DISABLE KEYS */;
/*!40000 ALTER TABLE `up_users` ENABLE KEYS */;
UNLOCK TABLES;

--
-- Table structure for table `up_users_role_links`
--

DROP TABLE IF EXISTS `up_users_role_links`;
/*!40101 SET @saved_cs_client     = @@character_set_client */;
/*!50503 SET character_set_client = utf8mb4 */;
CREATE TABLE `up_users_role_links` (
  `id` int unsigned NOT NULL AUTO_INCREMENT,
  `user_id` int unsigned DEFAULT NULL,
  `role_id` int unsigned DEFAULT NULL,
  `user_order` double unsigned DEFAULT NULL,
  PRIMARY KEY (`id`),
  UNIQUE KEY `up_users_role_links_unique` (`user_id`,`role_id`),
  KEY `up_users_role_links_fk` (`user_id`),
  KEY `up_users_role_links_inv_fk` (`role_id`),
  KEY `up_users_role_links_order_inv_fk` (`user_order`),
  CONSTRAINT `up_users_role_links_fk` FOREIGN KEY (`user_id`) REFERENCES `up_users` (`id`) ON DELETE CASCADE,
  CONSTRAINT `up_users_role_links_inv_fk` FOREIGN KEY (`role_id`) REFERENCES `up_roles` (`id`) ON DELETE CASCADE
) ENGINE=InnoDB DEFAULT CHARSET=utf8mb4 COLLATE=utf8mb4_0900_ai_ci;
/*!40101 SET character_set_client = @saved_cs_client */;

--
-- Dumping data for table `up_users_role_links`
--

LOCK TABLES `up_users_role_links` WRITE;
/*!40000 ALTER TABLE `up_users_role_links` DISABLE KEYS */;
/*!40000 ALTER TABLE `up_users_role_links` ENABLE KEYS */;
UNLOCK TABLES;

--
-- Table structure for table `upload_folders`
--

DROP TABLE IF EXISTS `upload_folders`;
/*!40101 SET @saved_cs_client     = @@character_set_client */;
/*!50503 SET character_set_client = utf8mb4 */;
CREATE TABLE `upload_folders` (
  `id` int unsigned NOT NULL AUTO_INCREMENT,
  `name` varchar(255) DEFAULT NULL,
  `path_id` int DEFAULT NULL,
  `path` varchar(255) DEFAULT NULL,
  `created_at` datetime(6) DEFAULT NULL,
  `updated_at` datetime(6) DEFAULT NULL,
  `created_by_id` int unsigned DEFAULT NULL,
  `updated_by_id` int unsigned DEFAULT NULL,
  PRIMARY KEY (`id`),
  UNIQUE KEY `upload_folders_path_id_index` (`path_id`),
  UNIQUE KEY `upload_folders_path_index` (`path`),
  KEY `upload_folders_created_by_id_fk` (`created_by_id`),
  KEY `upload_folders_updated_by_id_fk` (`updated_by_id`),
  CONSTRAINT `upload_folders_created_by_id_fk` FOREIGN KEY (`created_by_id`) REFERENCES `admin_users` (`id`) ON DELETE SET NULL,
  CONSTRAINT `upload_folders_updated_by_id_fk` FOREIGN KEY (`updated_by_id`) REFERENCES `admin_users` (`id`) ON DELETE SET NULL
) ENGINE=InnoDB AUTO_INCREMENT=2 DEFAULT CHARSET=utf8mb4 COLLATE=utf8mb4_0900_ai_ci;
/*!40101 SET character_set_client = @saved_cs_client */;

--
-- Dumping data for table `upload_folders`
--

LOCK TABLES `upload_folders` WRITE;
/*!40000 ALTER TABLE `upload_folders` DISABLE KEYS */;
INSERT INTO `upload_folders` VALUES (1,'News',1,'/1','2024-03-09 14:45:53.773000','2024-03-09 14:45:53.773000',1,1);
/*!40000 ALTER TABLE `upload_folders` ENABLE KEYS */;
UNLOCK TABLES;

--
-- Table structure for table `upload_folders_parent_links`
--

DROP TABLE IF EXISTS `upload_folders_parent_links`;
/*!40101 SET @saved_cs_client     = @@character_set_client */;
/*!50503 SET character_set_client = utf8mb4 */;
CREATE TABLE `upload_folders_parent_links` (
  `id` int unsigned NOT NULL AUTO_INCREMENT,
  `folder_id` int unsigned DEFAULT NULL,
  `inv_folder_id` int unsigned DEFAULT NULL,
  `folder_order` double unsigned DEFAULT NULL,
  PRIMARY KEY (`id`),
  UNIQUE KEY `upload_folders_parent_links_unique` (`folder_id`,`inv_folder_id`),
  KEY `upload_folders_parent_links_fk` (`folder_id`),
  KEY `upload_folders_parent_links_inv_fk` (`inv_folder_id`),
  KEY `upload_folders_parent_links_order_inv_fk` (`folder_order`),
  CONSTRAINT `upload_folders_parent_links_fk` FOREIGN KEY (`folder_id`) REFERENCES `upload_folders` (`id`) ON DELETE CASCADE,
  CONSTRAINT `upload_folders_parent_links_inv_fk` FOREIGN KEY (`inv_folder_id`) REFERENCES `upload_folders` (`id`) ON DELETE CASCADE
) ENGINE=InnoDB DEFAULT CHARSET=utf8mb4 COLLATE=utf8mb4_0900_ai_ci;
/*!40101 SET character_set_client = @saved_cs_client */;

--
-- Dumping data for table `upload_folders_parent_links`
--

LOCK TABLES `upload_folders_parent_links` WRITE;
/*!40000 ALTER TABLE `upload_folders_parent_links` DISABLE KEYS */;
/*!40000 ALTER TABLE `upload_folders_parent_links` ENABLE KEYS */;
UNLOCK TABLES;
/*!40103 SET TIME_ZONE=@OLD_TIME_ZONE */;

/*!40101 SET SQL_MODE=@OLD_SQL_MODE */;
/*!40014 SET FOREIGN_KEY_CHECKS=@OLD_FOREIGN_KEY_CHECKS */;
/*!40014 SET UNIQUE_CHECKS=@OLD_UNIQUE_CHECKS */;
/*!40101 SET CHARACTER_SET_CLIENT=@OLD_CHARACTER_SET_CLIENT */;
/*!40101 SET CHARACTER_SET_RESULTS=@OLD_CHARACTER_SET_RESULTS */;
/*!40101 SET COLLATION_CONNECTION=@OLD_COLLATION_CONNECTION */;
/*!40111 SET SQL_NOTES=@OLD_SQL_NOTES */;

-- Dump completed on 2024-03-20 18:23:44
