-- MySQL dump 10.13  Distrib 8.0.32, for Linux (x86_64)
--
-- Host: localhost    Database: strapi_db
-- ------------------------------------------------------
-- Server version	8.0.32

/*!40101 SET @OLD_CHARACTER_SET_CLIENT=@@CHARACTER_SET_CLIENT */;
/*!40101 SET @OLD_CHARACTER_SET_RESULTS=@@CHARACTER_SET_RESULTS */;
/*!40101 SET @OLD_COLLATION_CONNECTION=@@COLLATION_CONNECTION */;
/*!50503 SET NAMES utf8mb4 */;
/*!40103 SET @OLD_TIME_ZONE=@@TIME_ZONE */;
/*!40103 SET TIME_ZONE='+00:00' */;
/*!40014 SET @OLD_UNIQUE_CHECKS=@@UNIQUE_CHECKS, UNIQUE_CHECKS=0 */;
/*!40014 SET @OLD_FOREIGN_KEY_CHECKS=@@FOREIGN_KEY_CHECKS, FOREIGN_KEY_CHECKS=0 */;
/*!40101 SET @OLD_SQL_MODE=@@SQL_MODE, SQL_MODE='NO_AUTO_VALUE_ON_ZERO' */;
/*!40111 SET @OLD_SQL_NOTES=@@SQL_NOTES, SQL_NOTES=0 */;

--
-- Table structure for table `abouts`
--

DROP TABLE IF EXISTS `abouts`;
/*!40101 SET @saved_cs_client     = @@character_set_client */;
/*!50503 SET character_set_client = utf8mb4 */;
CREATE TABLE `abouts` (
  `id` int unsigned NOT NULL AUTO_INCREMENT,
  `created_at` datetime(6) DEFAULT NULL,
  `updated_at` datetime(6) DEFAULT NULL,
  `published_at` datetime(6) DEFAULT NULL,
  `created_by_id` int unsigned DEFAULT NULL,
  `updated_by_id` int unsigned DEFAULT NULL,
  PRIMARY KEY (`id`),
  KEY `abouts_created_by_id_fk` (`created_by_id`),
  KEY `abouts_updated_by_id_fk` (`updated_by_id`),
  CONSTRAINT `abouts_created_by_id_fk` FOREIGN KEY (`created_by_id`) REFERENCES `admin_users` (`id`) ON DELETE SET NULL,
  CONSTRAINT `abouts_updated_by_id_fk` FOREIGN KEY (`updated_by_id`) REFERENCES `admin_users` (`id`) ON DELETE SET NULL
) ENGINE=InnoDB AUTO_INCREMENT=2 DEFAULT CHARSET=utf8mb4 COLLATE=utf8mb4_0900_ai_ci;
/*!40101 SET character_set_client = @saved_cs_client */;

--
-- Dumping data for table `abouts`
--

LOCK TABLES `abouts` WRITE;
/*!40000 ALTER TABLE `abouts` DISABLE KEYS */;
INSERT INTO `abouts` VALUES (1,'2024-03-25 09:40:30.161000','2024-03-26 19:30:19.415000','2024-03-25 09:40:31.279000',1,1);
/*!40000 ALTER TABLE `abouts` ENABLE KEYS */;
UNLOCK TABLES;

--
-- Table structure for table `admin_permissions`
--

DROP TABLE IF EXISTS `admin_permissions`;
/*!40101 SET @saved_cs_client     = @@character_set_client */;
/*!50503 SET character_set_client = utf8mb4 */;
CREATE TABLE `admin_permissions` (
  `id` int unsigned NOT NULL AUTO_INCREMENT,
  `action` varchar(255) DEFAULT NULL,
  `action_parameters` json DEFAULT NULL,
  `subject` varchar(255) DEFAULT NULL,
  `properties` json DEFAULT NULL,
  `conditions` json DEFAULT NULL,
  `created_at` datetime(6) DEFAULT NULL,
  `updated_at` datetime(6) DEFAULT NULL,
  `created_by_id` int unsigned DEFAULT NULL,
  `updated_by_id` int unsigned DEFAULT NULL,
  PRIMARY KEY (`id`),
  KEY `admin_permissions_created_by_id_fk` (`created_by_id`),
  KEY `admin_permissions_updated_by_id_fk` (`updated_by_id`),
  CONSTRAINT `admin_permissions_created_by_id_fk` FOREIGN KEY (`created_by_id`) REFERENCES `admin_users` (`id`) ON DELETE SET NULL,
  CONSTRAINT `admin_permissions_updated_by_id_fk` FOREIGN KEY (`updated_by_id`) REFERENCES `admin_users` (`id`) ON DELETE SET NULL
) ENGINE=InnoDB AUTO_INCREMENT=284 DEFAULT CHARSET=utf8mb4 COLLATE=utf8mb4_0900_ai_ci;
/*!40101 SET character_set_client = @saved_cs_client */;

--
-- Dumping data for table `admin_permissions`
--

LOCK TABLES `admin_permissions` WRITE;
/*!40000 ALTER TABLE `admin_permissions` DISABLE KEYS */;
INSERT INTO `admin_permissions` VALUES (1,'plugin::upload.read','{}',NULL,'{}','[]','2024-03-05 10:53:28.038000','2024-03-05 10:53:28.038000',NULL,NULL),(2,'plugin::upload.configure-view','{}',NULL,'{}','[]','2024-03-05 10:53:28.042000','2024-03-05 10:53:28.042000',NULL,NULL),(3,'plugin::upload.assets.create','{}',NULL,'{}','[]','2024-03-05 10:53:28.045000','2024-03-05 10:53:28.045000',NULL,NULL),(4,'plugin::upload.assets.update','{}',NULL,'{}','[]','2024-03-05 10:53:28.048000','2024-03-05 10:53:28.048000',NULL,NULL),(5,'plugin::upload.assets.download','{}',NULL,'{}','[]','2024-03-05 10:53:28.050000','2024-03-05 10:53:28.050000',NULL,NULL),(6,'plugin::upload.assets.copy-link','{}',NULL,'{}','[]','2024-03-05 10:53:28.054000','2024-03-05 10:53:28.054000',NULL,NULL),(7,'plugin::upload.read','{}',NULL,'{}','[\"admin::is-creator\"]','2024-03-05 10:53:28.057000','2024-03-05 10:53:28.057000',NULL,NULL),(8,'plugin::upload.configure-view','{}',NULL,'{}','[]','2024-03-05 10:53:28.060000','2024-03-05 10:53:28.060000',NULL,NULL),(9,'plugin::upload.assets.create','{}',NULL,'{}','[]','2024-03-05 10:53:28.062000','2024-03-05 10:53:28.062000',NULL,NULL),(10,'plugin::upload.assets.update','{}',NULL,'{}','[\"admin::is-creator\"]','2024-03-05 10:53:28.065000','2024-03-05 10:53:28.065000',NULL,NULL),(11,'plugin::upload.assets.download','{}',NULL,'{}','[]','2024-03-05 10:53:28.068000','2024-03-05 10:53:28.068000',NULL,NULL),(12,'plugin::upload.assets.copy-link','{}',NULL,'{}','[]','2024-03-05 10:53:28.070000','2024-03-05 10:53:28.070000',NULL,NULL),(13,'plugin::content-manager.explorer.create','{}','plugin::users-permissions.user','{\"fields\": [\"username\", \"email\", \"provider\", \"password\", \"resetPasswordToken\", \"confirmationToken\", \"confirmed\", \"blocked\", \"role\"]}','[]','2024-03-05 10:53:28.083000','2024-03-05 10:53:28.083000',NULL,NULL),(14,'plugin::content-manager.explorer.read','{}','plugin::users-permissions.user','{\"fields\": [\"username\", \"email\", \"provider\", \"password\", \"resetPasswordToken\", \"confirmationToken\", \"confirmed\", \"blocked\", \"role\"]}','[]','2024-03-05 10:53:28.086000','2024-03-05 10:53:28.086000',NULL,NULL),(15,'plugin::content-manager.explorer.update','{}','plugin::users-permissions.user','{\"fields\": [\"username\", \"email\", \"provider\", \"password\", \"resetPasswordToken\", \"confirmationToken\", \"confirmed\", \"blocked\", \"role\"]}','[]','2024-03-05 10:53:28.089000','2024-03-05 10:53:28.089000',NULL,NULL),(16,'plugin::content-manager.explorer.delete','{}','plugin::users-permissions.user','{}','[]','2024-03-05 10:53:28.093000','2024-03-05 10:53:28.093000',NULL,NULL),(17,'plugin::content-manager.single-types.configure-view','{}',NULL,'{}','[]','2024-03-05 10:53:28.095000','2024-03-05 10:53:28.095000',NULL,NULL),(18,'plugin::content-manager.collection-types.configure-view','{}',NULL,'{}','[]','2024-03-05 10:53:28.098000','2024-03-05 10:53:28.098000',NULL,NULL),(19,'plugin::content-manager.components.configure-layout','{}',NULL,'{}','[]','2024-03-05 10:53:28.101000','2024-03-05 10:53:28.101000',NULL,NULL),(20,'plugin::content-type-builder.read','{}',NULL,'{}','[]','2024-03-05 10:53:28.104000','2024-03-05 10:53:28.104000',NULL,NULL),(21,'plugin::email.settings.read','{}',NULL,'{}','[]','2024-03-05 10:53:28.107000','2024-03-05 10:53:28.107000',NULL,NULL),(22,'plugin::upload.read','{}',NULL,'{}','[]','2024-03-05 10:53:28.110000','2024-03-05 10:53:28.110000',NULL,NULL),(23,'plugin::upload.assets.create','{}',NULL,'{}','[]','2024-03-05 10:53:28.113000','2024-03-05 10:53:28.113000',NULL,NULL),(24,'plugin::upload.assets.update','{}',NULL,'{}','[]','2024-03-05 10:53:28.116000','2024-03-05 10:53:28.116000',NULL,NULL),(25,'plugin::upload.assets.download','{}',NULL,'{}','[]','2024-03-05 10:53:28.119000','2024-03-05 10:53:28.119000',NULL,NULL),(26,'plugin::upload.assets.copy-link','{}',NULL,'{}','[]','2024-03-05 10:53:28.122000','2024-03-05 10:53:28.122000',NULL,NULL),(27,'plugin::upload.configure-view','{}',NULL,'{}','[]','2024-03-05 10:53:28.126000','2024-03-05 10:53:28.126000',NULL,NULL),(28,'plugin::upload.settings.read','{}',NULL,'{}','[]','2024-03-05 10:53:28.129000','2024-03-05 10:53:28.129000',NULL,NULL),(29,'plugin::i18n.locale.create','{}',NULL,'{}','[]','2024-03-05 10:53:28.132000','2024-03-05 10:53:28.132000',NULL,NULL),(30,'plugin::i18n.locale.read','{}',NULL,'{}','[]','2024-03-05 10:53:28.135000','2024-03-05 10:53:28.135000',NULL,NULL),(31,'plugin::i18n.locale.update','{}',NULL,'{}','[]','2024-03-05 10:53:28.137000','2024-03-05 10:53:28.137000',NULL,NULL),(32,'plugin::i18n.locale.delete','{}',NULL,'{}','[]','2024-03-05 10:53:28.140000','2024-03-05 10:53:28.140000',NULL,NULL),(33,'plugin::users-permissions.roles.create','{}',NULL,'{}','[]','2024-03-05 10:53:28.143000','2024-03-05 10:53:28.143000',NULL,NULL),(34,'plugin::users-permissions.roles.read','{}',NULL,'{}','[]','2024-03-05 10:53:28.146000','2024-03-05 10:53:28.146000',NULL,NULL),(35,'plugin::users-permissions.roles.update','{}',NULL,'{}','[]','2024-03-05 10:53:28.148000','2024-03-05 10:53:28.148000',NULL,NULL),(36,'plugin::users-permissions.roles.delete','{}',NULL,'{}','[]','2024-03-05 10:53:28.151000','2024-03-05 10:53:28.151000',NULL,NULL),(37,'plugin::users-permissions.providers.read','{}',NULL,'{}','[]','2024-03-05 10:53:28.153000','2024-03-05 10:53:28.153000',NULL,NULL),(38,'plugin::users-permissions.providers.update','{}',NULL,'{}','[]','2024-03-05 10:53:28.156000','2024-03-05 10:53:28.156000',NULL,NULL),(39,'plugin::users-permissions.email-templates.read','{}',NULL,'{}','[]','2024-03-05 10:53:28.160000','2024-03-05 10:53:28.160000',NULL,NULL),(40,'plugin::users-permissions.email-templates.update','{}',NULL,'{}','[]','2024-03-05 10:53:28.163000','2024-03-05 10:53:28.163000',NULL,NULL),(41,'plugin::users-permissions.advanced-settings.read','{}',NULL,'{}','[]','2024-03-05 10:53:28.166000','2024-03-05 10:53:28.166000',NULL,NULL),(42,'plugin::users-permissions.advanced-settings.update','{}',NULL,'{}','[]','2024-03-05 10:53:28.168000','2024-03-05 10:53:28.168000',NULL,NULL),(43,'admin::marketplace.read','{}',NULL,'{}','[]','2024-03-05 10:53:28.171000','2024-03-05 10:53:28.171000',NULL,NULL),(44,'admin::webhooks.create','{}',NULL,'{}','[]','2024-03-05 10:53:28.174000','2024-03-05 10:53:28.174000',NULL,NULL),(45,'admin::webhooks.read','{}',NULL,'{}','[]','2024-03-05 10:53:28.176000','2024-03-05 10:53:28.176000',NULL,NULL),(46,'admin::webhooks.update','{}',NULL,'{}','[]','2024-03-05 10:53:28.179000','2024-03-05 10:53:28.179000',NULL,NULL),(47,'admin::webhooks.delete','{}',NULL,'{}','[]','2024-03-05 10:53:28.181000','2024-03-05 10:53:28.181000',NULL,NULL),(48,'admin::users.create','{}',NULL,'{}','[]','2024-03-05 10:53:28.184000','2024-03-05 10:53:28.184000',NULL,NULL),(49,'admin::users.read','{}',NULL,'{}','[]','2024-03-05 10:53:28.186000','2024-03-05 10:53:28.186000',NULL,NULL),(50,'admin::users.update','{}',NULL,'{}','[]','2024-03-05 10:53:28.189000','2024-03-05 10:53:28.189000',NULL,NULL),(51,'admin::users.delete','{}',NULL,'{}','[]','2024-03-05 10:53:28.193000','2024-03-05 10:53:28.193000',NULL,NULL),(52,'admin::roles.create','{}',NULL,'{}','[]','2024-03-05 10:53:28.196000','2024-03-05 10:53:28.196000',NULL,NULL),(53,'admin::roles.read','{}',NULL,'{}','[]','2024-03-05 10:53:28.199000','2024-03-05 10:53:28.199000',NULL,NULL),(54,'admin::roles.update','{}',NULL,'{}','[]','2024-03-05 10:53:28.201000','2024-03-05 10:53:28.201000',NULL,NULL),(55,'admin::roles.delete','{}',NULL,'{}','[]','2024-03-05 10:53:28.204000','2024-03-05 10:53:28.204000',NULL,NULL),(56,'admin::api-tokens.access','{}',NULL,'{}','[]','2024-03-05 10:53:28.207000','2024-03-05 10:53:28.207000',NULL,NULL),(57,'admin::api-tokens.create','{}',NULL,'{}','[]','2024-03-05 10:53:28.209000','2024-03-05 10:53:28.209000',NULL,NULL),(58,'admin::api-tokens.read','{}',NULL,'{}','[]','2024-03-05 10:53:28.212000','2024-03-05 10:53:28.212000',NULL,NULL),(59,'admin::api-tokens.update','{}',NULL,'{}','[]','2024-03-05 10:53:28.215000','2024-03-05 10:53:28.215000',NULL,NULL),(60,'admin::api-tokens.regenerate','{}',NULL,'{}','[]','2024-03-05 10:53:28.218000','2024-03-05 10:53:28.218000',NULL,NULL),(61,'admin::api-tokens.delete','{}',NULL,'{}','[]','2024-03-05 10:53:28.221000','2024-03-05 10:53:28.221000',NULL,NULL),(62,'admin::project-settings.update','{}',NULL,'{}','[]','2024-03-05 10:53:28.223000','2024-03-05 10:53:28.223000',NULL,NULL),(63,'admin::project-settings.read','{}',NULL,'{}','[]','2024-03-05 10:53:28.226000','2024-03-05 10:53:28.226000',NULL,NULL),(64,'admin::transfer.tokens.access','{}',NULL,'{}','[]','2024-03-05 10:53:28.229000','2024-03-05 10:53:28.229000',NULL,NULL),(65,'admin::transfer.tokens.create','{}',NULL,'{}','[]','2024-03-05 10:53:28.232000','2024-03-05 10:53:28.232000',NULL,NULL),(66,'admin::transfer.tokens.read','{}',NULL,'{}','[]','2024-03-05 10:53:28.235000','2024-03-05 10:53:28.235000',NULL,NULL),(67,'admin::transfer.tokens.update','{}',NULL,'{}','[]','2024-03-05 10:53:28.238000','2024-03-05 10:53:28.238000',NULL,NULL),(68,'admin::transfer.tokens.regenerate','{}',NULL,'{}','[]','2024-03-05 10:53:28.241000','2024-03-05 10:53:28.241000',NULL,NULL),(69,'admin::transfer.tokens.delete','{}',NULL,'{}','[]','2024-03-05 10:53:28.244000','2024-03-05 10:53:28.244000',NULL,NULL),(73,'plugin::content-manager.explorer.delete','{}','api::new.new','{}','[]','2024-03-05 10:56:37.309000','2024-03-05 10:56:37.309000',NULL,NULL),(74,'plugin::content-manager.explorer.publish','{}','api::new.new','{}','[]','2024-03-05 10:56:37.312000','2024-03-05 10:56:37.312000',NULL,NULL),(81,'plugin::content-manager.explorer.delete','{}','api::feedback.feedback','{}','[]','2024-03-05 11:00:32.979000','2024-03-05 11:00:32.979000',NULL,NULL),(82,'plugin::content-manager.explorer.publish','{}','api::feedback.feedback','{}','[]','2024-03-05 11:00:32.983000','2024-03-05 11:00:32.983000',NULL,NULL),(94,'plugin::content-manager.explorer.delete','{}','api::complaint.complaint','{}','[]','2024-03-05 12:15:59.720000','2024-03-05 12:15:59.720000',NULL,NULL),(95,'plugin::content-manager.explorer.publish','{}','api::complaint.complaint','{}','[]','2024-03-05 12:15:59.723000','2024-03-05 12:15:59.723000',NULL,NULL),(102,'plugin::content-manager.explorer.create','{}','api::complaint.complaint','{\"fields\": [\"Name\", \"Complaints\", \"Email\", \"Message\", \"Number\"]}','[]','2024-03-05 12:17:59.325000','2024-03-05 12:17:59.325000',NULL,NULL),(103,'plugin::content-manager.explorer.read','{}','api::complaint.complaint','{\"fields\": [\"Name\", \"Complaints\", \"Email\", \"Message\", \"Number\"]}','[]','2024-03-05 12:17:59.329000','2024-03-05 12:17:59.329000',NULL,NULL),(104,'plugin::content-manager.explorer.update','{}','api::complaint.complaint','{\"fields\": [\"Name\", \"Complaints\", \"Email\", \"Message\", \"Number\"]}','[]','2024-03-05 12:17:59.333000','2024-03-05 12:17:59.333000',NULL,NULL),(108,'plugin::content-manager.explorer.delete','{}','api::event.event','{}','[]','2024-03-05 12:20:50.008000','2024-03-05 12:20:50.008000',NULL,NULL),(109,'plugin::content-manager.explorer.publish','{}','api::event.event','{}','[]','2024-03-05 12:20:50.012000','2024-03-05 12:20:50.012000',NULL,NULL),(116,'plugin::content-manager.explorer.create','{}','api::feedback.feedback','{\"fields\": [\"Name\", \"Email\", \"Feedback\", \"Message\", \"Number\"]}','[]','2024-03-07 20:39:26.246000','2024-03-07 20:39:26.246000',NULL,NULL),(117,'plugin::content-manager.explorer.read','{}','api::feedback.feedback','{\"fields\": [\"Name\", \"Email\", \"Feedback\", \"Message\", \"Number\"]}','[]','2024-03-07 20:39:26.254000','2024-03-07 20:39:26.254000',NULL,NULL),(118,'plugin::content-manager.explorer.update','{}','api::feedback.feedback','{\"fields\": [\"Name\", \"Email\", \"Feedback\", \"Message\", \"Number\"]}','[]','2024-03-07 20:39:26.257000','2024-03-07 20:39:26.257000',NULL,NULL),(119,'plugin::content-manager.explorer.create','{}','api::happy-meter.happy-meter','{\"fields\": [\"Type\", \"Message\"]}','[]','2024-03-09 10:54:03.262000','2024-03-09 10:54:03.262000',NULL,NULL),(120,'plugin::content-manager.explorer.read','{}','api::happy-meter.happy-meter','{\"fields\": [\"Type\", \"Message\"]}','[]','2024-03-09 10:54:03.270000','2024-03-09 10:54:03.270000',NULL,NULL),(121,'plugin::content-manager.explorer.update','{}','api::happy-meter.happy-meter','{\"fields\": [\"Type\", \"Message\"]}','[]','2024-03-09 10:54:03.274000','2024-03-09 10:54:03.274000',NULL,NULL),(122,'plugin::content-manager.explorer.delete','{}','api::happy-meter.happy-meter','{}','[]','2024-03-09 10:54:03.277000','2024-03-09 10:54:03.277000',NULL,NULL),(123,'plugin::content-manager.explorer.publish','{}','api::happy-meter.happy-meter','{}','[]','2024-03-09 10:54:03.279000','2024-03-09 10:54:03.279000',NULL,NULL),(124,'plugin::content-manager.explorer.create','{}','api::query.query','{\"fields\": [\"Name\", \"Email\", \"Phone\", \"Subject\", \"Message\"]}','[]','2024-03-09 12:24:36.399000','2024-03-09 12:24:36.399000',NULL,NULL),(125,'plugin::content-manager.explorer.read','{}','api::query.query','{\"fields\": [\"Name\", \"Email\", \"Phone\", \"Subject\", \"Message\"]}','[]','2024-03-09 12:24:36.405000','2024-03-09 12:24:36.405000',NULL,NULL),(126,'plugin::content-manager.explorer.update','{}','api::query.query','{\"fields\": [\"Name\", \"Email\", \"Phone\", \"Subject\", \"Message\"]}','[]','2024-03-09 12:24:36.408000','2024-03-09 12:24:36.408000',NULL,NULL),(127,'plugin::content-manager.explorer.delete','{}','api::query.query','{}','[]','2024-03-09 12:24:36.412000','2024-03-09 12:24:36.412000',NULL,NULL),(128,'plugin::content-manager.explorer.publish','{}','api::query.query','{}','[]','2024-03-09 12:24:36.415000','2024-03-09 12:24:36.415000',NULL,NULL),(137,'plugin::content-manager.explorer.create','{}','api::new.new','{\"fields\": [\"Title\", \"TitleA\", \"Content\", \"ContentA\", \"Date\", \"HeroImg\", \"Author\", \"AuthorA\", \"Desc\", \"DescA\", \"Desnew\"]}','[]','2024-03-20 17:23:03.131000','2024-03-20 17:23:03.131000',NULL,NULL),(138,'plugin::content-manager.explorer.read','{}','api::new.new','{\"fields\": [\"Title\", \"TitleA\", \"Content\", \"ContentA\", \"Date\", \"HeroImg\", \"Author\", \"AuthorA\", \"Desc\", \"DescA\", \"Desnew\"]}','[]','2024-03-20 17:23:03.183000','2024-03-20 17:23:03.183000',NULL,NULL),(139,'plugin::content-manager.explorer.update','{}','api::new.new','{\"fields\": [\"Title\", \"TitleA\", \"Content\", \"ContentA\", \"Date\", \"HeroImg\", \"Author\", \"AuthorA\", \"Desc\", \"DescA\", \"Desnew\"]}','[]','2024-03-20 17:23:03.218000','2024-03-20 17:23:03.218000',NULL,NULL),(143,'plugin::content-manager.explorer.delete','{}','api::municipality.municipality','{}','[]','2024-03-20 17:31:22.837000','2024-03-20 17:31:22.837000',NULL,NULL),(144,'plugin::content-manager.explorer.publish','{}','api::municipality.municipality','{}','[]','2024-03-20 17:31:22.862000','2024-03-20 17:31:22.862000',NULL,NULL),(151,'plugin::content-manager.explorer.delete','{}','api::council.council','{}','[]','2024-03-21 08:10:25.490000','2024-03-21 08:10:25.490000',NULL,NULL),(152,'plugin::content-manager.explorer.publish','{}','api::council.council','{}','[]','2024-03-21 08:10:25.507000','2024-03-21 08:10:25.507000',NULL,NULL),(171,'plugin::content-manager.explorer.delete','{}','api::council-member.council-member','{}','[]','2024-03-21 08:50:59.073000','2024-03-21 08:50:59.073000',NULL,NULL),(172,'plugin::content-manager.explorer.publish','{}','api::council-member.council-member','{}','[]','2024-03-21 08:50:59.085000','2024-03-21 08:50:59.085000',NULL,NULL),(182,'plugin::content-manager.explorer.create','{}','api::council-member.council-member','{\"fields\": [\"Photo\", \"council\", \"Name\", \"NameArabic\", \"Role\", \"RoleArabic\"]}','[]','2024-03-21 08:57:41.830000','2024-03-21 08:57:41.830000',NULL,NULL),(183,'plugin::content-manager.explorer.read','{}','api::council-member.council-member','{\"fields\": [\"Photo\", \"council\", \"Name\", \"NameArabic\", \"Role\", \"RoleArabic\"]}','[]','2024-03-21 08:57:41.855000','2024-03-21 08:57:41.855000',NULL,NULL),(184,'plugin::content-manager.explorer.update','{}','api::council-member.council-member','{\"fields\": [\"Photo\", \"council\", \"Name\", \"NameArabic\", \"Role\", \"RoleArabic\"]}','[]','2024-03-21 08:57:41.866000','2024-03-21 08:57:41.866000',NULL,NULL),(218,'plugin::content-manager.explorer.create','{}','api::home.home','{\"fields\": [\"HeroImgs\"]}','[]','2024-03-25 09:34:17.226000','2024-03-25 09:34:17.226000',NULL,NULL),(219,'plugin::content-manager.explorer.read','{}','api::home.home','{\"fields\": [\"HeroImgs\"]}','[]','2024-03-25 09:34:17.246000','2024-03-25 09:34:17.246000',NULL,NULL),(220,'plugin::content-manager.explorer.update','{}','api::home.home','{\"fields\": [\"HeroImgs\"]}','[]','2024-03-25 09:34:17.264000','2024-03-25 09:34:17.264000',NULL,NULL),(221,'plugin::content-manager.explorer.delete','{}','api::home.home','{}','[]','2024-03-25 09:34:17.285000','2024-03-25 09:34:17.285000',NULL,NULL),(222,'plugin::content-manager.explorer.publish','{}','api::home.home','{}','[]','2024-03-25 09:34:17.299000','2024-03-25 09:34:17.299000',NULL,NULL),(226,'plugin::content-manager.explorer.delete','{}','api::about.about','{}','[]','2024-03-25 09:37:06.194000','2024-03-25 09:37:06.194000',NULL,NULL),(227,'plugin::content-manager.explorer.publish','{}','api::about.about','{}','[]','2024-03-25 09:37:06.207000','2024-03-25 09:37:06.207000',NULL,NULL),(231,'plugin::content-manager.explorer.delete','{}','api::holiday.holiday','{}','[]','2024-03-25 09:55:48.901000','2024-03-25 09:55:48.901000',NULL,NULL),(232,'plugin::content-manager.explorer.publish','{}','api::holiday.holiday','{}','[]','2024-03-25 09:55:48.938000','2024-03-25 09:55:48.938000',NULL,NULL),(260,'plugin::content-manager.explorer.create','{}','api::about.about','{\"fields\": [\"HeroImgs\", \"KingImg\", \"ChairmanImg\", \"MemberImgs\"]}','[]','2024-03-26 19:27:36.356000','2024-03-26 19:27:36.356000',NULL,NULL),(261,'plugin::content-manager.explorer.read','{}','api::about.about','{\"fields\": [\"HeroImgs\", \"KingImg\", \"ChairmanImg\", \"MemberImgs\"]}','[]','2024-03-26 19:27:36.375000','2024-03-26 19:27:36.375000',NULL,NULL),(262,'plugin::content-manager.explorer.update','{}','api::about.about','{\"fields\": [\"HeroImgs\", \"KingImg\", \"ChairmanImg\", \"MemberImgs\"]}','[]','2024-03-26 19:27:36.389000','2024-03-26 19:27:36.389000',NULL,NULL),(263,'plugin::content-manager.explorer.create','{}','api::holiday.holiday','{\"fields\": [\"Date\", \"EventName\", \"EventNameArabic\", \"AboutEvent\", \"AboutEventArabic\", \"HeroImg\"]}','[]','2024-03-27 13:54:59.228000','2024-03-27 13:54:59.228000',NULL,NULL),(264,'plugin::content-manager.explorer.read','{}','api::holiday.holiday','{\"fields\": [\"Date\", \"EventName\", \"EventNameArabic\", \"AboutEvent\", \"AboutEventArabic\", \"HeroImg\"]}','[]','2024-03-27 13:54:59.245000','2024-03-27 13:54:59.245000',NULL,NULL),(265,'plugin::content-manager.explorer.update','{}','api::holiday.holiday','{\"fields\": [\"Date\", \"EventName\", \"EventNameArabic\", \"AboutEvent\", \"AboutEventArabic\", \"HeroImg\"]}','[]','2024-03-27 13:54:59.255000','2024-03-27 13:54:59.255000',NULL,NULL),(266,'plugin::content-manager.explorer.create','{}','api::event.event','{\"fields\": [\"Event\", \"EventA\", \"Desc\", \"DescA\", \"StartDateTime\", \"EndDateTime\", \"Venue\", \"VenueA\", \"VenueMap\", \"Category\", \"CategoryArabic\", \"HeroImg\"]}','[]','2024-03-27 13:55:30.763000','2024-03-27 13:55:30.763000',NULL,NULL),(267,'plugin::content-manager.explorer.read','{}','api::event.event','{\"fields\": [\"Event\", \"EventA\", \"Desc\", \"DescA\", \"StartDateTime\", \"EndDateTime\", \"Venue\", \"VenueA\", \"VenueMap\", \"Category\", \"CategoryArabic\", \"HeroImg\"]}','[]','2024-03-27 13:55:30.807000','2024-03-27 13:55:30.807000',NULL,NULL),(268,'plugin::content-manager.explorer.update','{}','api::event.event','{\"fields\": [\"Event\", \"EventA\", \"Desc\", \"DescA\", \"StartDateTime\", \"EndDateTime\", \"Venue\", \"VenueA\", \"VenueMap\", \"Category\", \"CategoryArabic\", \"HeroImg\"]}','[]','2024-03-27 13:55:30.826000','2024-03-27 13:55:30.826000',NULL,NULL),(272,'plugin::content-manager.explorer.create','{}','api::municipality.municipality','{\"fields\": [\"AddContent\", \"Title\", \"TitleArabic\", \"Sname\", \"Website\", \"Number\", \"Map\", \"Facebook\", \"Instagram\", \"Twitter\", \"YouTube\", \"CardImage\", \"AddContentArabic\", \"AboutMunicipality\", \"AboutMunicipalityArabic\", \"check\", \"Logo\"]}','[]','2024-03-28 17:49:12.516000','2024-03-28 17:49:12.516000',NULL,NULL),(273,'plugin::content-manager.explorer.read','{}','api::municipality.municipality','{\"fields\": [\"AddContent\", \"Title\", \"TitleArabic\", \"Sname\", \"Website\", \"Number\", \"Map\", \"Facebook\", \"Instagram\", \"Twitter\", \"YouTube\", \"CardImage\", \"AddContentArabic\", \"AboutMunicipality\", \"AboutMunicipalityArabic\", \"check\", \"Logo\"]}','[]','2024-03-28 17:49:12.582000','2024-03-28 17:49:12.582000',NULL,NULL),(274,'plugin::content-manager.explorer.update','{}','api::municipality.municipality','{\"fields\": [\"AddContent\", \"Title\", \"TitleArabic\", \"Sname\", \"Website\", \"Number\", \"Map\", \"Facebook\", \"Instagram\", \"Twitter\", \"YouTube\", \"CardImage\", \"AddContentArabic\", \"AboutMunicipality\", \"AboutMunicipalityArabic\", \"check\", \"Logo\"]}','[]','2024-03-28 17:49:12.615000','2024-03-28 17:49:12.615000',NULL,NULL),(281,'plugin::content-manager.explorer.create','{}','api::council.council','{\"fields\": [\"Title\", \"TitleArabic\", \"council_members\", \"CardImage\", \"Logo\", \"CouncilTitle\", \"CouncilTitleArabic\"]}','[]','2024-03-28 18:18:57.648000','2024-03-28 18:18:57.648000',NULL,NULL),(282,'plugin::content-manager.explorer.read','{}','api::council.council','{\"fields\": [\"Title\", \"TitleArabic\", \"council_members\", \"CardImage\", \"Logo\", \"CouncilTitle\", \"CouncilTitleArabic\"]}','[]','2024-03-28 18:18:57.660000','2024-03-28 18:18:57.660000',NULL,NULL),(283,'plugin::content-manager.explorer.update','{}','api::council.council','{\"fields\": [\"Title\", \"TitleArabic\", \"council_members\", \"CardImage\", \"Logo\", \"CouncilTitle\", \"CouncilTitleArabic\"]}','[]','2024-03-28 18:18:57.669000','2024-03-28 18:18:57.669000',NULL,NULL);
/*!40000 ALTER TABLE `admin_permissions` ENABLE KEYS */;
UNLOCK TABLES;

--
-- Table structure for table `admin_permissions_role_links`
--

DROP TABLE IF EXISTS `admin_permissions_role_links`;
/*!40101 SET @saved_cs_client     = @@character_set_client */;
/*!50503 SET character_set_client = utf8mb4 */;
CREATE TABLE `admin_permissions_role_links` (
  `id` int unsigned NOT NULL AUTO_INCREMENT,
  `permission_id` int unsigned DEFAULT NULL,
  `role_id` int unsigned DEFAULT NULL,
  `permission_order` double unsigned DEFAULT NULL,
  PRIMARY KEY (`id`),
  UNIQUE KEY `admin_permissions_role_links_unique` (`permission_id`,`role_id`),
  KEY `admin_permissions_role_links_fk` (`permission_id`),
  KEY `admin_permissions_role_links_inv_fk` (`role_id`),
  KEY `admin_permissions_role_links_order_inv_fk` (`permission_order`),
  CONSTRAINT `admin_permissions_role_links_fk` FOREIGN KEY (`permission_id`) REFERENCES `admin_permissions` (`id`) ON DELETE CASCADE,
  CONSTRAINT `admin_permissions_role_links_inv_fk` FOREIGN KEY (`role_id`) REFERENCES `admin_roles` (`id`) ON DELETE CASCADE
) ENGINE=InnoDB AUTO_INCREMENT=284 DEFAULT CHARSET=utf8mb4 COLLATE=utf8mb4_0900_ai_ci;
/*!40101 SET character_set_client = @saved_cs_client */;

--
-- Dumping data for table `admin_permissions_role_links`
--

LOCK TABLES `admin_permissions_role_links` WRITE;
/*!40000 ALTER TABLE `admin_permissions_role_links` DISABLE KEYS */;
INSERT INTO `admin_permissions_role_links` VALUES (1,1,2,1),(2,2,2,2),(3,3,2,3),(4,4,2,4),(5,5,2,5),(6,6,2,6),(7,7,3,1),(8,8,3,2),(9,9,3,3),(10,10,3,4),(11,11,3,5),(12,12,3,6),(13,13,1,1),(14,14,1,2),(15,15,1,3),(16,16,1,4),(17,17,1,5),(18,18,1,6),(19,19,1,7),(20,20,1,8),(21,21,1,9),(22,22,1,10),(23,23,1,11),(24,24,1,12),(25,25,1,13),(26,26,1,14),(27,27,1,15),(28,28,1,16),(29,29,1,17),(30,30,1,18),(31,31,1,19),(32,32,1,20),(33,33,1,21),(34,34,1,22),(35,35,1,23),(36,36,1,24),(37,37,1,25),(38,38,1,26),(39,39,1,27),(40,40,1,28),(41,41,1,29),(42,42,1,30),(43,43,1,31),(44,44,1,32),(45,45,1,33),(46,46,1,34),(47,47,1,35),(48,48,1,36),(49,49,1,37),(50,50,1,38),(51,51,1,39),(52,52,1,40),(53,53,1,41),(54,54,1,42),(55,55,1,43),(56,56,1,44),(57,57,1,45),(58,58,1,46),(59,59,1,47),(60,60,1,48),(61,61,1,49),(62,62,1,50),(63,63,1,51),(64,64,1,52),(65,65,1,53),(66,66,1,54),(67,67,1,55),(68,68,1,56),(69,69,1,57),(73,73,1,61),(74,74,1,62),(81,81,1,69),(82,82,1,70),(94,94,1,82),(95,95,1,83),(102,102,1,84),(103,103,1,85),(104,104,1,86),(108,108,1,90),(109,109,1,91),(116,116,1,95),(117,117,1,96),(118,118,1,97),(119,119,1,98),(120,120,1,99),(121,121,1,100),(122,122,1,101),(123,123,1,102),(124,124,1,103),(125,125,1,104),(126,126,1,105),(127,127,1,106),(128,128,1,107),(137,137,1,108),(138,138,1,109),(139,139,1,110),(143,143,1,114),(144,144,1,115),(151,151,1,122),(152,152,1,123),(171,171,1,130),(172,172,1,131),(182,182,1,141),(183,183,1,142),(184,184,1,143),(218,218,1,147),(219,219,1,148),(220,220,1,149),(221,221,1,150),(222,222,1,151),(226,226,1,155),(227,227,1,156),(231,231,1,160),(232,232,1,161),(260,260,1,168),(261,261,1,169),(262,262,1,170),(263,263,1,171),(264,264,1,172),(265,265,1,173),(266,266,1,174),(267,267,1,175),(268,268,1,176),(272,272,1,180),(273,273,1,181),(274,274,1,182),(281,281,1,183),(282,282,1,184),(283,283,1,185);
/*!40000 ALTER TABLE `admin_permissions_role_links` ENABLE KEYS */;
UNLOCK TABLES;

--
-- Table structure for table `admin_roles`
--

DROP TABLE IF EXISTS `admin_roles`;
/*!40101 SET @saved_cs_client     = @@character_set_client */;
/*!50503 SET character_set_client = utf8mb4 */;
CREATE TABLE `admin_roles` (
  `id` int unsigned NOT NULL AUTO_INCREMENT,
  `name` varchar(255) DEFAULT NULL,
  `code` varchar(255) DEFAULT NULL,
  `description` varchar(255) DEFAULT NULL,
  `created_at` datetime(6) DEFAULT NULL,
  `updated_at` datetime(6) DEFAULT NULL,
  `created_by_id` int unsigned DEFAULT NULL,
  `updated_by_id` int unsigned DEFAULT NULL,
  PRIMARY KEY (`id`),
  KEY `admin_roles_created_by_id_fk` (`created_by_id`),
  KEY `admin_roles_updated_by_id_fk` (`updated_by_id`),
  CONSTRAINT `admin_roles_created_by_id_fk` FOREIGN KEY (`created_by_id`) REFERENCES `admin_users` (`id`) ON DELETE SET NULL,
  CONSTRAINT `admin_roles_updated_by_id_fk` FOREIGN KEY (`updated_by_id`) REFERENCES `admin_users` (`id`) ON DELETE SET NULL
) ENGINE=InnoDB AUTO_INCREMENT=4 DEFAULT CHARSET=utf8mb4 COLLATE=utf8mb4_0900_ai_ci;
/*!40101 SET character_set_client = @saved_cs_client */;

--
-- Dumping data for table `admin_roles`
--

LOCK TABLES `admin_roles` WRITE;
/*!40000 ALTER TABLE `admin_roles` DISABLE KEYS */;
INSERT INTO `admin_roles` VALUES (1,'Super Admin','strapi-super-admin','Super Admins can access and manage all features and settings.','2024-03-05 10:53:28.028000','2024-03-05 10:53:28.028000',NULL,NULL),(2,'Editor','strapi-editor','Editors can manage and publish contents including those of other users.','2024-03-05 10:53:28.033000','2024-03-05 10:53:28.033000',NULL,NULL),(3,'Author','strapi-author','Authors can manage the content they have created.','2024-03-05 10:53:28.036000','2024-03-05 10:53:28.036000',NULL,NULL);
/*!40000 ALTER TABLE `admin_roles` ENABLE KEYS */;
UNLOCK TABLES;

--
-- Table structure for table `admin_users`
--

DROP TABLE IF EXISTS `admin_users`;
/*!40101 SET @saved_cs_client     = @@character_set_client */;
/*!50503 SET character_set_client = utf8mb4 */;
CREATE TABLE `admin_users` (
  `id` int unsigned NOT NULL AUTO_INCREMENT,
  `firstname` varchar(255) DEFAULT NULL,
  `lastname` varchar(255) DEFAULT NULL,
  `username` varchar(255) DEFAULT NULL,
  `email` varchar(255) DEFAULT NULL,
  `password` varchar(255) DEFAULT NULL,
  `reset_password_token` varchar(255) DEFAULT NULL,
  `registration_token` varchar(255) DEFAULT NULL,
  `is_active` tinyint(1) DEFAULT NULL,
  `blocked` tinyint(1) DEFAULT NULL,
  `prefered_language` varchar(255) DEFAULT NULL,
  `created_at` datetime(6) DEFAULT NULL,
  `updated_at` datetime(6) DEFAULT NULL,
  `created_by_id` int unsigned DEFAULT NULL,
  `updated_by_id` int unsigned DEFAULT NULL,
  PRIMARY KEY (`id`),
  KEY `admin_users_created_by_id_fk` (`created_by_id`),
  KEY `admin_users_updated_by_id_fk` (`updated_by_id`),
  CONSTRAINT `admin_users_created_by_id_fk` FOREIGN KEY (`created_by_id`) REFERENCES `admin_users` (`id`) ON DELETE SET NULL,
  CONSTRAINT `admin_users_updated_by_id_fk` FOREIGN KEY (`updated_by_id`) REFERENCES `admin_users` (`id`) ON DELETE SET NULL
) ENGINE=InnoDB AUTO_INCREMENT=4 DEFAULT CHARSET=utf8mb4 COLLATE=utf8mb4_0900_ai_ci;
/*!40101 SET character_set_client = @saved_cs_client */;

--
-- Dumping data for table `admin_users`
--

LOCK TABLES `admin_users` WRITE;
/*!40000 ALTER TABLE `admin_users` DISABLE KEYS */;
INSERT INTO `admin_users` VALUES (1,'Vignesh','Pamu',NULL,'vigneshpamu2002@gmail.com','$2a$10$bqoJUfHBO2AM/noXbUZJeuL3U1Fnao8d3xI1d4ThPOqcIYDg6Lvem',NULL,NULL,1,0,NULL,'2024-03-05 10:53:45.341000','2024-03-05 10:53:45.341000',NULL,NULL),(3,'Meera','Alsuwaidi',NULL,'meera.alsuwaidi@dma.shj.ae',NULL,NULL,'3f496933737b9c6ba19c82bc73ee89902725d7ff',0,0,NULL,'2024-03-27 13:14:46.580000','2024-03-27 13:14:46.580000',NULL,NULL);
/*!40000 ALTER TABLE `admin_users` ENABLE KEYS */;
UNLOCK TABLES;

--
-- Table structure for table `admin_users_roles_links`
--

DROP TABLE IF EXISTS `admin_users_roles_links`;
/*!40101 SET @saved_cs_client     = @@character_set_client */;
/*!50503 SET character_set_client = utf8mb4 */;
CREATE TABLE `admin_users_roles_links` (
  `id` int unsigned NOT NULL AUTO_INCREMENT,
  `user_id` int unsigned DEFAULT NULL,
  `role_id` int unsigned DEFAULT NULL,
  `role_order` double unsigned DEFAULT NULL,
  `user_order` double unsigned DEFAULT NULL,
  PRIMARY KEY (`id`),
  UNIQUE KEY `admin_users_roles_links_unique` (`user_id`,`role_id`),
  KEY `admin_users_roles_links_fk` (`user_id`),
  KEY `admin_users_roles_links_inv_fk` (`role_id`),
  KEY `admin_users_roles_links_order_fk` (`role_order`),
  KEY `admin_users_roles_links_order_inv_fk` (`user_order`),
  CONSTRAINT `admin_users_roles_links_fk` FOREIGN KEY (`user_id`) REFERENCES `admin_users` (`id`) ON DELETE CASCADE,
  CONSTRAINT `admin_users_roles_links_inv_fk` FOREIGN KEY (`role_id`) REFERENCES `admin_roles` (`id`) ON DELETE CASCADE
) ENGINE=InnoDB AUTO_INCREMENT=4 DEFAULT CHARSET=utf8mb4 COLLATE=utf8mb4_0900_ai_ci;
/*!40101 SET character_set_client = @saved_cs_client */;

--
-- Dumping data for table `admin_users_roles_links`
--

LOCK TABLES `admin_users_roles_links` WRITE;
/*!40000 ALTER TABLE `admin_users_roles_links` DISABLE KEYS */;
INSERT INTO `admin_users_roles_links` VALUES (1,1,1,1,1),(3,3,2,1,1);
/*!40000 ALTER TABLE `admin_users_roles_links` ENABLE KEYS */;
UNLOCK TABLES;

--
-- Table structure for table `complaints`
--

DROP TABLE IF EXISTS `complaints`;
/*!40101 SET @saved_cs_client     = @@character_set_client */;
/*!50503 SET character_set_client = utf8mb4 */;
CREATE TABLE `complaints` (
  `id` int unsigned NOT NULL AUTO_INCREMENT,
  `name` varchar(255) DEFAULT NULL,
  `message` longtext,
  `created_at` datetime(6) DEFAULT NULL,
  `updated_at` datetime(6) DEFAULT NULL,
  `published_at` datetime(6) DEFAULT NULL,
  `created_by_id` int unsigned DEFAULT NULL,
  `updated_by_id` int unsigned DEFAULT NULL,
  `complaints` varchar(255) DEFAULT NULL,
  `email` varchar(255) DEFAULT NULL,
  `number` varchar(255) DEFAULT NULL,
  PRIMARY KEY (`id`),
  KEY `complaints_created_by_id_fk` (`created_by_id`),
  KEY `complaints_updated_by_id_fk` (`updated_by_id`),
  CONSTRAINT `complaints_created_by_id_fk` FOREIGN KEY (`created_by_id`) REFERENCES `admin_users` (`id`) ON DELETE SET NULL,
  CONSTRAINT `complaints_updated_by_id_fk` FOREIGN KEY (`updated_by_id`) REFERENCES `admin_users` (`id`) ON DELETE SET NULL
) ENGINE=InnoDB AUTO_INCREMENT=2 DEFAULT CHARSET=utf8mb4 COLLATE=utf8mb4_0900_ai_ci;
/*!40101 SET character_set_client = @saved_cs_client */;

--
-- Dumping data for table `complaints`
--

LOCK TABLES `complaints` WRITE;
/*!40000 ALTER TABLE `complaints` DISABLE KEYS */;
INSERT INTO `complaints` VALUES (1,'gsdf','dfg','2024-03-07 21:02:04.437000','2024-03-07 21:02:04.437000','2024-03-07 21:02:04.435000',NULL,NULL,'dsfg','sdfg@gmail.com','dfg');
/*!40000 ALTER TABLE `complaints` ENABLE KEYS */;
UNLOCK TABLES;

--
-- Table structure for table `components_dsfadf_sdffs`
--

DROP TABLE IF EXISTS `components_dsfadf_sdffs`;
/*!40101 SET @saved_cs_client     = @@character_set_client */;
/*!50503 SET character_set_client = utf8mb4 */;
CREATE TABLE `components_dsfadf_sdffs` (
  `id` int unsigned NOT NULL AUTO_INCREMENT,
  `name` varchar(255) DEFAULT NULL,
  `sdaf` date DEFAULT NULL,
  PRIMARY KEY (`id`)
) ENGINE=InnoDB DEFAULT CHARSET=utf8mb4 COLLATE=utf8mb4_0900_ai_ci;
/*!40101 SET character_set_client = @saved_cs_client */;

--
-- Dumping data for table `components_dsfadf_sdffs`
--

LOCK TABLES `components_dsfadf_sdffs` WRITE;
/*!40000 ALTER TABLE `components_dsfadf_sdffs` DISABLE KEYS */;
/*!40000 ALTER TABLE `components_dsfadf_sdffs` ENABLE KEYS */;
UNLOCK TABLES;

--
-- Table structure for table `council_members`
--

DROP TABLE IF EXISTS `council_members`;
/*!40101 SET @saved_cs_client     = @@character_set_client */;
/*!50503 SET character_set_client = utf8mb4 */;
CREATE TABLE `council_members` (
  `id` int unsigned NOT NULL AUTO_INCREMENT,
  `created_at` datetime(6) DEFAULT NULL,
  `updated_at` datetime(6) DEFAULT NULL,
  `published_at` datetime(6) DEFAULT NULL,
  `created_by_id` int unsigned DEFAULT NULL,
  `updated_by_id` int unsigned DEFAULT NULL,
  `name` varchar(255) DEFAULT NULL,
  `name_arabic` varchar(255) DEFAULT NULL,
  `role` varchar(255) DEFAULT NULL,
  `role_arabic` varchar(255) DEFAULT NULL,
  PRIMARY KEY (`id`),
  KEY `council_members_created_by_id_fk` (`created_by_id`),
  KEY `council_members_updated_by_id_fk` (`updated_by_id`),
  CONSTRAINT `council_members_created_by_id_fk` FOREIGN KEY (`created_by_id`) REFERENCES `admin_users` (`id`) ON DELETE SET NULL,
  CONSTRAINT `council_members_updated_by_id_fk` FOREIGN KEY (`updated_by_id`) REFERENCES `admin_users` (`id`) ON DELETE SET NULL
) ENGINE=InnoDB AUTO_INCREMENT=82 DEFAULT CHARSET=utf8mb4 COLLATE=utf8mb4_0900_ai_ci;
/*!40101 SET character_set_client = @saved_cs_client */;

--
-- Dumping data for table `council_members`
--

LOCK TABLES `council_members` WRITE;
/*!40000 ALTER TABLE `council_members` DISABLE KEYS */;
INSERT INTO `council_members` VALUES (1,'2024-03-21 09:06:18.341000','2024-03-21 09:09:06.118000','2024-03-21 09:09:06.114000',1,1,'His Excellency Humaid Saif bin Samha Al Shamsi','سعادة حميد سيف بن سمحة الشامسي','Chairman of the Municipal Council of Al Hamriyah City','رئيس المجلس البلدي لمنطقة الحمرية'),(2,'2024-03-21 09:10:47.072000','2024-03-21 09:10:48.431000','2024-03-21 09:10:48.427000',1,1,'His Excellency Humaid Fayez Abdul Rahman Al Shamsi','سعادة حميد فايز عبدالرحمن الشامسي','Vice Chairman of Municipal Council of Al Hamriyah City','نائب رئيس المجلس البلدي لمنطقة الحمرية'),(3,'2024-03-21 09:17:14.491000','2024-03-21 09:17:17.209000','2024-03-21 09:17:17.205000',1,1,'His Excellency Hussein Salem bin Harb Al Shamsi','سعادة حسين سالم بن حرب الشامسي','Member','عضو'),(4,'2024-03-21 09:18:41.332000','2024-03-21 09:18:42.685000','2024-03-21 09:18:42.681000',1,1,'His Excellency Ahmed Saeed Al Muhairi','سعادة أحمد سعيد المهيري','Member','عضو'),(5,'2024-03-21 09:19:46.964000','2024-03-21 09:19:48.243000','2024-03-21 09:19:48.239000',1,1,'His Excellency Talib Rashid Al-Musaferi','سعادة طالب راشد المسافري','Member','عضو'),(6,'2024-03-21 09:20:24.955000','2024-03-21 09:20:26.759000','2024-03-21 09:20:26.754000',1,1,'His Excellency Majid Ali Bouvier Al Shamsi','سعادة ماجد علي بوفيير الشامسي','Member','عضو'),(7,'2024-03-21 09:38:31.959000','2024-03-21 09:38:33.722000','2024-03-21 09:38:33.718000',1,1,'His Excellency Salem bin Ali Al Muhairi','سعادة سالم بن علي المهيري','Chairman of the Municipal Council of Sharjah','رئيس المجلس البلدي لمدينة الشارقه'),(8,'2024-03-21 09:41:14.675000','2024-03-21 09:41:22.548000','2024-03-21 09:41:22.543000',1,1,'His Excellency Abdullah Salem Ahmed Mohammed Bousmanouh','سعادة عبدالله سالم أحمد محمد بوسمنوه','Member','عضو'),(9,'2024-03-21 09:44:35.781000','2024-03-21 09:44:36.752000','2024-03-21 09:44:36.749000',1,1,'Her Excellency Aisha Saif Mohammed Al Khaja','سعادة عائشة سيف محمد الخاجه','Member','عضو'),(10,'2024-03-21 09:45:23.275000','2024-03-21 09:45:25.449000','2024-03-21 09:45:25.445000',1,1,'His Excellency Butti Eid Butti Eid Al-Shuwaihi','سعادة بطي عيد بطي عيد الشويهي','Member','عضو'),(11,'2024-03-21 09:46:08.409000','2024-03-21 09:46:10.238000','2024-03-21 09:46:10.231000',1,1,'Her Excellency Aisha Ahmed Salem Al Mutawa','سعادة عائشة أحمد سالم المطوع','Member','عضو'),(12,'2024-03-21 09:46:55.547000','2024-03-21 09:46:56.840000','2024-03-21 09:46:56.836000',1,1,'His Excellency Dr. Ali Muhammad Abdulaziz bin Darwish Al Ali','سعادة د. علي محمد عبدالعزيز بن درويش آل علي','Member','عضو'),(13,'2024-03-21 09:47:38.343000','2024-03-21 09:47:39.601000','2024-03-21 09:47:39.597000',1,1,'His Excellency Hamad Abdullah Abdul Rahman Al-Helou','سعادة حمد عبدالله عبدالرحمن الحلو','Member','عضو'),(14,'2024-03-21 09:49:52.043000','2024-03-21 09:49:52.966000','2024-03-21 09:49:52.960000',1,1,'His Excellency Issa Obaid Khalifa bin Ghanem Al-Humairi','سعادة عيسى عبيد خليفة بن غانم الحميري','Member','عضو'),(15,'2024-03-21 09:50:29.369000','2024-03-21 09:50:30.625000','2024-03-21 09:50:30.620000',1,1,'His Excellency Jihad Rashed Saif Juma Al Zaabi','سعادة جهاد راشد سيف جمعة الزعابي','Member','عضو'),(16,'2024-03-21 14:55:34.778000','2024-03-21 14:55:35.968000','2024-03-21 14:55:35.962000',1,1,'His Excellency Khaled Abdul Latif Amin Muhammad Al-Nimr','سعادة خالد عبداللطيف أمين محمد النمر','Member','عضو'),(17,'2024-03-21 14:56:06.096000','2024-03-21 14:56:07.364000','2024-03-21 14:56:07.360000',1,1,'His Excellency Khalfan Mohammed Khalfan Al Ruwaimah Al Muhairi','سعادة خلفان محمد خلفان الرويمه المهيري','Member','عضو'),(18,'2024-03-21 14:56:40.419000','2024-03-21 14:56:41.800000','2024-03-21 14:56:41.796000',1,1,'His Excellency Khalid Rashid Khalifa Al Muhairi','سعادة خالد راشد خليفة المهيري','Member','عضو'),(19,'2024-03-21 14:57:07.751000','2024-03-21 14:57:08.592000','2024-03-21 14:57:08.588000',1,1,'His Excellency Khamis Saif Rashid bin Suef Al Ali','سعادة خميس سيف راشد بن سويف آل علي','Member','عضو'),(20,'2024-03-21 14:57:37.417000','2024-03-21 14:57:38.356000','2024-03-21 14:57:38.352000',1,1,'His Excellency Muhammad Humaid Nasser Salem Al Owais','سعادة محمد حميد ناصر سالم العويس','Member','عضو'),(21,'2024-03-21 14:58:44.200000','2024-03-21 14:58:46.015000','2024-03-21 14:58:46.010000',1,1,'His Excellency Nasser Hamdan Nasser Aboudi','سعادة  ناصر حمدان ناصر عبودي','Member','عضو'),(22,'2024-03-21 14:59:14.552000','2024-03-21 14:59:15.839000','2024-03-21 14:59:15.835000',1,1,'His Excellency Obaid Sultan Ali Al Nabooda Al Shamsi','سعادة عبيد سلطان علي النابودة الشامسي','Member','عضو'),(23,'2024-03-21 14:59:46.912000','2024-03-21 14:59:47.972000','2024-03-21 14:59:47.968000',1,1,'His Excellency Rashid Khamis Hamad Rashid Al Suwaidi','سعادة راشد خميس حمد راشد السويدي','Member','عضو'),(24,'2024-03-21 15:00:20.267000','2024-03-21 15:00:21.947000','2024-03-21 15:00:21.944000',1,1,'His Excellency Saif Salem Saeed Salem Al Suwaidi','سعادة سيف سالم سعيد سالم السويدي','Member','عضو'),(25,'2024-03-21 15:02:34.229000','2024-03-21 15:02:35.768000','2024-03-21 15:02:35.764000',1,1,'His Excellency Salem Mohammed Salem Saeed Al Mazrouei','سعادة سالم محمد سالم سعيد المزروعي','Member','عضو'),(26,'2024-03-21 15:03:03.017000','2024-03-21 15:03:04.262000','2024-03-21 15:03:04.258000',1,1,'His Excellency Walid Rashid Khalifa Demas','سعادة وليد راشد خليفة ديماس','Member','عضو'),(27,'2024-03-21 15:16:50.249000','2024-03-21 15:16:51.863000','2024-03-21 15:16:51.859000',1,1,'His Excellency Dr. Rashid Khamis','سعادة د. راشد خميس','Chairman of the Municipal Council of Khor Fakkan','رئيس المجلس البلدي لمدينة خورفكان'),(28,'2024-03-21 15:18:21.718000','2024-03-28 19:30:36.264000','2024-03-21 15:18:23.391000',1,1,'His Excellency Dr. Suhail Al Naqbi','سعادة د. سهيل النقبي','Vice Chairman of the Municipal Council of Khor Fakkan','نائب رئيس المجلس البلدي لخورفكان'),(29,'2024-03-21 15:19:01.524000','2024-03-21 15:19:03.322000','2024-03-21 15:19:03.319000',1,1,'His Excellency Mohammed Al-Gohary','سعادة محمد الجوهري','Member','عضو'),(30,'2024-03-21 15:20:24.803000','2024-03-21 15:20:25.869000','2024-03-21 15:20:25.866000',1,1,'His Excellency Saeed Abdullah','سعادة سعيد عبدالله','Member','عضو'),(31,'2024-03-21 15:21:03.850000','2024-03-21 15:21:04.675000','2024-03-21 15:21:04.672000',1,1,'His Excellency Rashid Khamis','سعادة راشد خميس','Member','عضو'),(32,'2024-03-21 15:21:30.897000','2024-03-21 15:21:31.681000','2024-03-21 15:21:31.678000',1,1,'His Excellency Youssef Shaheen','سعادة يوسف شاهين','Member','عضو'),(33,'2024-03-21 15:21:58.048000','2024-03-21 15:21:59.356000','2024-03-21 15:21:59.353000',1,1,'His Excellency Mohammed Khalfan','سعادة محمد خلفان','Member','عضو'),(34,'2024-03-21 15:22:30.856000','2024-03-21 15:22:32.173000','2024-03-21 15:22:32.170000',1,1,'His Excellency Mohammed Zaid','سعادة محمد زيد','Member','عضو'),(35,'2024-03-21 15:38:46.233000','2024-03-21 15:38:47.070000','2024-03-21 15:38:47.068000',1,1,'His Excellency Sultan Muhammad Maadhad bin Huwaiden','سعادة سلطان محمد معضد بن هويدن','Chairman of the Municipal Council of the Madam region','رئيس المجلس البلدي لمنطقة المدام'),(36,'2024-03-21 15:39:46.420000','2024-03-28 19:30:55.942000','2024-03-21 15:39:47.674000',1,1,'His Excellency Saeed Mohammed Saeed Al Rashidi','سعادة سعيد محمد سعيد الراشدي','Vice Chairman of the Council of the Madam region','نائب رئيس مجلس منطقة السيدة'),(37,'2024-03-21 15:41:43.703000','2024-03-21 15:41:44.510000','2024-03-21 15:41:44.507000',1,1,'His Excellency Ali Awad Ali Omair Al Ketbi','سعادة علي عوض علي عمير الكتبي','Member','عضو'),(38,'2024-03-21 15:42:22.065000','2024-03-21 15:42:23.325000','2024-03-21 15:42:23.321000',1,1,'His Excellency Abdullah Saber Saeed Saber Al Ketbi','سعادة عبدالله صابر سعيد صابر الكتبي','Member','عضو'),(39,'2024-03-21 15:42:47.029000','2024-03-21 15:42:47.865000','2024-03-21 15:42:47.861000',1,1,'His Excellency Sheriji Mohammed Mohammed Eid Al Ketbi','سعادة شريجي محمد محمد عيد الكتبي','Member','عضو'),(40,'2024-03-21 15:43:19.305000','2024-03-21 15:43:20.325000','2024-03-21 15:43:20.321000',1,1,'His Excellency Salem Matar Hamad Saud Al Ketbi','سعادة سالم مطر حمد سعود الكتبي','Member','عضو'),(41,'2024-03-21 15:43:48.331000','2024-03-21 15:43:49.366000','2024-03-21 15:43:49.363000',1,1,'His Excellency Juma Muhammad Ali Sharara','سعادة جمعة محمد علي شرارة','Member','عضو'),(42,'2024-03-21 15:54:05.389000','2024-03-21 15:54:06.429000','2024-03-21 15:54:06.404000',1,1,'His Excellency Dr. Obaid Saif Hamad Al Zaabi','سعادة د. عبيد سيف حمد الزعابي','Chairman of the Kalba City Council','معالي رئيس مجلس مدينة كلباء'),(43,'2024-03-21 15:54:51.930000','2024-03-28 19:31:06.023000','2024-03-21 15:54:52.844000',1,1,'His Excellency Salem Abdullah Al Kindi','سعادة سالم عبدالله الكندي','Vice Chairman of the Kalba City Council','نائب رئيس مجلس مدينة كلباء'),(44,'2024-03-21 15:55:47.225000','2024-03-21 15:55:48.053000','2024-03-21 15:55:48.050000',1,1,'His Excellency Hussein Mohammed bin Issa','سعادة حسين محمد بن عيسى','Member','عضو'),(45,'2024-03-21 15:56:17.111000','2024-03-21 15:56:18.321000','2024-03-21 15:56:18.295000',1,1,'His Excellency Dr. Obaid Saqr Al-Marashda','سعادة د. عبيد صقر المراشدة','Member','عضو'),(46,'2024-03-21 15:56:45.233000','2024-03-21 15:56:46.192000','2024-03-21 15:56:46.187000',1,1,'His Excellency Hamad Salem Al Zaabi','سعادة حمد سالم الزعابي','Member','عضو'),(47,'2024-03-21 15:58:43.093000','2024-03-21 15:58:45.525000','2024-03-21 15:58:45.522000',1,1,'His Excellency Zayed Al Kalbani','سعادة زايد الكلباني','Member','عضو'),(48,'2024-03-21 15:59:22.397000','2024-03-21 15:59:23.361000','2024-03-21 15:59:23.358000',1,1,'His Excellency Saif Khamis Al Mazrouei','سعادة سيف خميس المزروعي','Member','عضو'),(49,'2024-03-21 15:59:53.499000','2024-03-21 15:59:54.477000','2024-03-21 15:59:54.474000',1,1,'His Excellency Saleh Al-Ghamri','سعادة صالح الغمري','Member','عضو'),(50,'2024-03-21 16:00:21.280000','2024-03-21 16:00:22.684000','2024-03-21 16:00:22.680000',1,1,'His Excellency Hashem Al-Bairaq','سعادة هاشم البيرق','Member','عضو'),(51,'2024-03-21 16:05:56.908000','2024-03-21 16:05:57.748000','2024-03-21 16:05:57.745000',1,1,'His Excellency Sultan Ali Saif Al Ketbi','سعادة سلطان علي سيف الكتبي','Chairman of the Municipal Council of Meliha City','رئيس المجلس البلدي لمنطقة مليحة'),(52,'2024-03-21 16:08:00.030000','2024-03-21 16:08:01.155000','2024-03-21 16:08:01.152000',1,1,'His Excellency Musabah Butti Abdullah Al-Qaidi','سعادة مصبح بطي عبدالله القايدي','Vice Chairman of Municipal Council of Meliha City','نائب رئيس المجلس البلدي لمدينة مليحة'),(53,'2024-03-21 16:08:28.642000','2024-03-21 16:08:29.490000','2024-03-21 16:08:29.487000',1,1,'His Excellency Musabah Hamad Saud Al Ketbi','معالي مصبح حمد سعود الكتبي','Member','عضو'),(54,'2024-03-21 16:56:20.171000','2024-03-21 16:56:21.561000','2024-03-21 16:56:21.556000',1,1,'His Excellency Abdullah Salem Khalfan Al Ketbi','معالي عبدالله سالم خلفان الكتبي','Member','عضو'),(55,'2024-03-21 16:57:12.077000','2024-03-21 16:57:13.673000','2024-03-21 16:57:13.669000',1,1,'His Excellency Saeed Ali Muhammad Lahej','سعادة سعيد علي محمد لاحج','Member','عضو'),(56,'2024-03-21 16:57:42.970000','2024-03-21 16:57:44.110000','2024-03-21 16:57:44.106000',1,1,'His Excellency Zayed Mohammed Saeed Al Ketbi','سعادة زايد محمد سعيد الكتبي','Member','عضو'),(57,'2024-03-21 16:58:10.602000','2024-03-21 16:58:12.200000','2024-03-21 16:58:12.195000',1,1,'His Excelleny Duha Hareb Duha Al Mansouri','سعادة ضحى حارب ضحى المنصوري','Member','عضو'),(58,'2024-03-21 17:13:27.853000','2024-03-21 17:14:23.344000','2024-03-21 17:14:23.341000',1,1,'His Excellency Mohammed Abdullah bin Halis Al Ketbi','سعادة محمد عبدالله بن حليس الكتبي','Chairman of the Municipal Council of Al-Bataeh Region','رئيس مجلس البلدي لمنطقة البطائح'),(59,'2024-03-21 17:15:21.640000','2024-03-21 17:15:23.014000','2024-03-21 17:15:23.009000',1,1,'His Excellency Saif Mubarak bin Gwaith','سعادة سيف مبارك بن غويث','Member','عضو'),(60,'2024-03-21 17:15:59.014000','2024-03-21 17:16:00.376000','2024-03-21 17:16:00.373000',1,1,'His Excellency Abdullah Salem Al-Musaferi','سعادة عبدالله سالم المسافري','Member','عضو'),(61,'2024-03-21 17:16:38.765000','2024-03-21 17:16:39.597000','2024-03-21 17:16:39.591000',1,1,'His Excellency Salem Obaid bin Shannah','سعادة سالم عبيد بن شنه','Member','عضو'),(62,'2024-03-21 17:17:08.437000','2024-03-21 17:17:09.286000','2024-03-21 17:17:09.283000',1,1,'His Excellency Khalifa Obaid Bel Rasheed','سعادة خليفة عبيد بالرشيد','Member','عضو'),(63,'2024-03-21 17:17:39.368000','2024-03-21 17:17:41.293000','2024-03-21 17:17:41.289000',1,1,'His Excellency Sultan Suwaidan Al Rasheed','سعادة سلطان سويدان بالرشيد','Member','عضو'),(64,'2024-03-21 17:18:11.408000','2024-03-21 17:18:12.438000','2024-03-21 17:18:12.435000',1,1,'His Excellency Muhammad Matar Al-Musaferi','سعادة محمد مطر المسافري','Member','عضو'),(65,'2024-03-21 17:33:29.329000','2024-03-21 17:33:30.644000','2024-03-21 17:33:30.639000',1,1,'His Excellency Dr. Muhammad Abdullah bin Huwaiden','معالي الدكتور محمد عبدالله بن هويدن','Chairman of the Municipal Council of Al-Dhaid Region','رئيس المجلس البلدي لمنطقة الذيد'),(66,'2024-03-21 17:34:33.636000','2024-03-21 17:34:34.964000','2024-03-21 17:34:34.961000',1,1,'His Excellency Rashid Muhammad Al-Qadh Al-Taniji','معالي راشد محمد القاضي الطنيجي','Vice Chairman of the Municipal Council of Al-Dhaid Region','نائب رئيس المجلس البلدي لمنطقة الذيد'),(67,'2024-03-21 17:35:07.077000','2024-03-21 17:35:08.312000','2024-03-21 17:35:08.309000',1,1,'His Excellency Salem Abdullah bin Jarir Al Ketbi','معالي سالم عبدالله بن جرير الكتبي','Member','عضو'),(68,'2024-03-21 17:35:32.307000','2024-03-21 17:35:33.309000','2024-03-21 17:35:33.305000',1,1,'His Excellency Eid Matar bin Gharir Al Ketbi','معالي عيد مطر بن غرير الكتبي','Member','عضو'),(69,'2024-03-21 17:35:56.657000','2024-03-21 17:35:57.424000','2024-03-21 17:35:57.420000',1,1,'His Excellency Dr. Saeed Mohammed Al-Badawi','معالي الدكتور سعيد محمد البدوي','Member','عضو'),(70,'2024-03-21 17:36:27.572000','2024-03-21 17:36:29.748000','2024-03-21 17:36:29.745000',1,1,'His Excellency Khalifa Abdullah Al Khatri','سعادة خليفة عبدالله الخاطري','Member','عضو'),(71,'2024-03-21 17:37:35.543000','2024-03-21 17:37:36.569000','2024-03-21 17:37:36.564000',1,1,'His Excellency Rashid Muhair Bakhit Al Ketbi','معالي راشد مهير بخيت الكتبي','Member','عضو'),(72,'2024-03-21 17:38:04.267000','2024-03-21 17:38:05.219000','2024-03-21 17:38:05.215000',1,1,'His Excellency Abdullah Ali bin Shamsa Al Suwaidi','سعادة عبدالله علي بن شمسة السويدي','Member','عضو'),(73,'2024-03-21 17:38:31.547000','2024-03-21 17:38:32.380000','2024-03-21 17:38:32.377000',1,1,'His Excellency Obaid Hamid Al-Taniji','معالي عبيد حامد الطنيجي','Member','عضو'),(74,'2024-03-25 12:24:34.738000','2024-03-25 12:24:38.279000','2024-03-25 12:24:38.276000',1,1,'Ahmed Baghdad','احمد بغداد','Member','عضو'),(75,'2024-03-25 12:25:19.845000','2024-03-25 12:25:20.703000','2024-03-25 12:25:20.700000',1,1,'Ahmed Sultan','احمد سلطان','Member','عضو'),(76,'2024-03-25 12:26:25.143000','2024-03-25 12:26:25.929000','2024-03-25 12:26:25.925000',1,1,'Saeed Al-Nasay','سعيد النساي','Member','عضو'),(77,'2024-03-25 12:27:05.843000','2024-03-25 12:27:11.606000','2024-03-25 12:27:11.599000',1,1,'Suleiman Nasser','سليمان ناصر','Member','عضو'),(78,'2024-03-25 12:27:40.884000','2024-03-25 12:27:41.738000','2024-03-25 12:27:41.735000',1,1,'Abdullah Al-Bali','عبدالله البلي','Member','عضو'),(79,'2024-03-25 12:28:27.967000','2024-03-25 12:28:28.825000','2024-03-25 12:28:28.821000',1,1,'Ali Abdullah','علي عبدالله','Member','عضو'),(80,'2024-03-25 12:29:04.347000','2024-03-25 12:29:05.652000','2024-03-25 12:29:05.649000',1,1,'Muhammad Al-Amel','محمد العامل','Member','عضو'),(81,'2024-03-25 12:29:36.336000','2024-03-25 12:29:37.150000','2024-03-25 12:29:37.147000',1,1,'Yassin Sharara','ياسين شرارة','Member','عضو');
/*!40000 ALTER TABLE `council_members` ENABLE KEYS */;
UNLOCK TABLES;

--
-- Table structure for table `council_members_council_links`
--

DROP TABLE IF EXISTS `council_members_council_links`;
/*!40101 SET @saved_cs_client     = @@character_set_client */;
/*!50503 SET character_set_client = utf8mb4 */;
CREATE TABLE `council_members_council_links` (
  `id` int unsigned NOT NULL AUTO_INCREMENT,
  `council_member_id` int unsigned DEFAULT NULL,
  `council_id` int unsigned DEFAULT NULL,
  `council_member_order` double unsigned DEFAULT NULL,
  PRIMARY KEY (`id`),
  UNIQUE KEY `council_members_council_links_unique` (`council_member_id`,`council_id`),
  KEY `council_members_council_links_fk` (`council_member_id`),
  KEY `council_members_council_links_inv_fk` (`council_id`),
  KEY `council_members_council_links_order_inv_fk` (`council_member_order`),
  CONSTRAINT `council_members_council_links_fk` FOREIGN KEY (`council_member_id`) REFERENCES `council_members` (`id`) ON DELETE CASCADE,
  CONSTRAINT `council_members_council_links_inv_fk` FOREIGN KEY (`council_id`) REFERENCES `councils` (`id`) ON DELETE CASCADE
) ENGINE=InnoDB AUTO_INCREMENT=82 DEFAULT CHARSET=utf8mb4 COLLATE=utf8mb4_0900_ai_ci;
/*!40101 SET character_set_client = @saved_cs_client */;

--
-- Dumping data for table `council_members_council_links`
--

LOCK TABLES `council_members_council_links` WRITE;
/*!40000 ALTER TABLE `council_members_council_links` DISABLE KEYS */;
INSERT INTO `council_members_council_links` VALUES (1,1,2,1),(2,2,2,2),(3,3,2,3),(4,4,2,4),(5,5,2,5),(6,6,2,6),(7,7,3,1),(8,8,3,2),(9,9,3,3),(10,10,3,4),(11,11,3,5),(12,12,3,6),(13,13,3,7),(14,14,3,8),(15,15,3,9),(16,16,3,10),(17,17,3,11),(18,18,3,12),(19,19,3,13),(20,20,3,14),(21,21,3,15),(22,22,3,16),(23,23,3,17),(24,24,3,18),(25,25,3,19),(26,26,3,20),(27,27,4,1),(28,28,4,2),(29,29,4,3),(30,30,4,4),(31,31,4,5),(32,32,4,6),(33,33,4,7),(34,34,4,8),(35,35,5,1),(36,36,5,2),(37,37,5,3),(38,38,5,4),(39,39,5,5),(40,40,5,6),(41,41,5,7),(42,42,6,1),(43,43,6,2),(44,44,6,3),(45,45,6,4),(46,46,6,5),(47,47,6,6),(48,48,6,7),(49,49,6,8),(50,50,6,9),(51,51,7,1),(52,52,7,2),(53,53,7,3),(54,54,7,4),(55,55,7,5),(56,56,7,6),(57,57,7,7),(58,58,8,1),(59,59,8,2),(60,60,8,3),(61,61,8,4),(62,62,8,5),(63,63,8,6),(64,64,8,7),(65,65,10,1),(66,66,10,2),(67,67,10,3),(68,68,10,4),(69,69,10,5),(70,70,10,6),(71,71,10,7),(72,72,10,8),(73,73,10,9),(74,74,9,1),(75,75,9,2),(76,76,9,3),(77,77,9,4),(78,78,9,5),(79,79,9,6),(80,80,9,7),(81,81,9,8);
/*!40000 ALTER TABLE `council_members_council_links` ENABLE KEYS */;
UNLOCK TABLES;

--
-- Table structure for table `councils`
--

DROP TABLE IF EXISTS `councils`;
/*!40101 SET @saved_cs_client     = @@character_set_client */;
/*!50503 SET character_set_client = utf8mb4 */;
CREATE TABLE `councils` (
  `id` int unsigned NOT NULL AUTO_INCREMENT,
  `created_at` datetime(6) DEFAULT NULL,
  `updated_at` datetime(6) DEFAULT NULL,
  `published_at` datetime(6) DEFAULT NULL,
  `created_by_id` int unsigned DEFAULT NULL,
  `updated_by_id` int unsigned DEFAULT NULL,
  `council_title` varchar(255) DEFAULT NULL,
  `council_title_arabic` varchar(255) DEFAULT NULL,
  `title` varchar(255) DEFAULT NULL,
  `title_arabic` varchar(255) DEFAULT NULL,
  PRIMARY KEY (`id`),
  KEY `councils_created_by_id_fk` (`created_by_id`),
  KEY `councils_updated_by_id_fk` (`updated_by_id`),
  CONSTRAINT `councils_created_by_id_fk` FOREIGN KEY (`created_by_id`) REFERENCES `admin_users` (`id`) ON DELETE SET NULL,
  CONSTRAINT `councils_updated_by_id_fk` FOREIGN KEY (`updated_by_id`) REFERENCES `admin_users` (`id`) ON DELETE SET NULL
) ENGINE=InnoDB AUTO_INCREMENT=11 DEFAULT CHARSET=utf8mb4 COLLATE=utf8mb4_0900_ai_ci;
/*!40101 SET character_set_client = @saved_cs_client */;

--
-- Dumping data for table `councils`
--

LOCK TABLES `councils` WRITE;
/*!40000 ALTER TABLE `councils` DISABLE KEYS */;
INSERT INTO `councils` VALUES (2,'2024-03-21 09:04:02.399000','2024-03-28 18:21:29.900000','2024-03-21 09:05:59.535000',1,1,'Members of the Municipal Council of Al-Hamriyah City','أعضاء المجلس البلدي لمنطقة الحمرية','Municipal Council of Al-Hamriyah City','مجلس منطقة الحمرية'),(3,'2024-03-21 09:25:31.472000','2024-03-28 18:22:35.036000','2024-03-21 09:25:41.893000',1,1,'Members of the Municipal Council of Sharjah City','أعضاء المجلس البلدي لمدينة الشارقة','Municipal Council of Sharjah City','مجلس الشارقة'),(4,'2024-03-21 15:11:12.123000','2024-03-28 18:24:51.947000','2024-03-21 15:11:13.547000',1,1,'Members of the Municipal Council of Khorfakkan City','أعضاء المجلس البلدي لمدينة خورفكان','Municipal Council of Khor Fakkan City','أعضاء مجلس مدينة خورفكان'),(5,'2024-03-21 15:28:53.417000','2024-03-28 18:26:10.984000','2024-03-21 15:28:54.835000',1,1,'Members of the Municipal Council of Al-Madam City','أعضاء المجلس البلدي لمنطقة المدام','Municipal Council of Al-Madam City','مجلس منطقة المدام'),(6,'2024-03-21 15:48:21.944000','2024-03-28 18:27:41.911000','2024-03-21 15:48:22.914000',1,1,'Members of the Municipal Council of Kalba City','أعضاء المجلس البلدي لمدينة كلباء','Municipal Council of Kalba City','مجلس مدينة كلباء'),(7,'2024-03-21 16:02:39.980000','2024-03-28 18:28:34.048000','2024-03-21 16:02:40.714000',1,1,'Members of the Municipal Council of Mleiha City','أعضاء المجلس البلدي لمنطقة مليحة','Municipal Council of Mleiha City','مجلس منطقة مليحة'),(8,'2024-03-21 17:03:00.603000','2024-03-28 18:29:05.113000','2024-03-21 17:03:02.226000',1,1,'Members of the Municipal Council of Al-Bataeh City','أعضاء المجلس البلدي لمنطقة البطائح','Municipal Council of Al-Bataeh City','مجلس منطقة البطائح'),(9,'2024-03-21 17:23:38.220000','2024-03-28 18:29:40.222000','2024-03-21 17:23:43.938000',1,1,'Members of the Municipal Council of Dibba Al Hisn City','أعضاء المجلس البلدي لمدينة دبا الحصن','Municipal Council of Dibba Al Hisn City','أعضاء مجلس مدينة دبا الحصن'),(10,'2024-03-21 17:30:23.230000','2024-03-28 18:30:38.020000','2024-03-21 17:30:24.390000',1,1,'Members of the Municipal Council of Al Dhaid City','أعضاء المجلس البلدي لمدينة الذيد','Municipal Council of Al Dhaid City','مجلس مدينة الذيد');
/*!40000 ALTER TABLE `councils` ENABLE KEYS */;
UNLOCK TABLES;

--
-- Table structure for table `events`
--

DROP TABLE IF EXISTS `events`;
/*!40101 SET @saved_cs_client     = @@character_set_client */;
/*!50503 SET character_set_client = utf8mb4 */;
CREATE TABLE `events` (
  `id` int unsigned NOT NULL AUTO_INCREMENT,
  `event` varchar(255) DEFAULT NULL,
  `created_at` datetime(6) DEFAULT NULL,
  `updated_at` datetime(6) DEFAULT NULL,
  `published_at` datetime(6) DEFAULT NULL,
  `created_by_id` int unsigned DEFAULT NULL,
  `updated_by_id` int unsigned DEFAULT NULL,
  `event_a` varchar(255) DEFAULT NULL,
  `desc` longtext,
  `desc_a` longtext,
  `start_date_time` datetime(6) DEFAULT NULL,
  `end_date_time` datetime(6) DEFAULT NULL,
  `venue` varchar(255) DEFAULT NULL,
  `venue_a` varchar(255) DEFAULT NULL,
  `venue_map` longtext,
  `category` varchar(255) DEFAULT NULL,
  `category_arabic` varchar(255) DEFAULT NULL,
  PRIMARY KEY (`id`),
  KEY `events_created_by_id_fk` (`created_by_id`),
  KEY `events_updated_by_id_fk` (`updated_by_id`),
  CONSTRAINT `events_created_by_id_fk` FOREIGN KEY (`created_by_id`) REFERENCES `admin_users` (`id`) ON DELETE SET NULL,
  CONSTRAINT `events_updated_by_id_fk` FOREIGN KEY (`updated_by_id`) REFERENCES `admin_users` (`id`) ON DELETE SET NULL
) ENGINE=InnoDB AUTO_INCREMENT=6 DEFAULT CHARSET=utf8mb4 COLLATE=utf8mb4_0900_ai_ci;
/*!40101 SET character_set_client = @saved_cs_client */;

--
-- Dumping data for table `events`
--

LOCK TABLES `events` WRITE;
/*!40000 ALTER TABLE `events` DISABLE KEYS */;
INSERT INTO `events` VALUES (1,'Hag El Leila','2024-03-25 10:31:04.028000','2024-03-27 13:59:41.496000','2024-03-25 10:38:57.016000',1,1,'الحاج الليلة','Let’s celebrate Hag El Leila together to bring joy to all children! Make sure to dress your children in traditional Emirati clothes to take part in the competition for the best traditional outfit!','دعونا نحتفل بهذه الليلة الكبيرة معًا لنجلب الفرحة لجميع الأطفال! احرصوا على إلباس أطفالكم الزي الإماراتي التقليدي للمشاركة في مسابقة أفضل زي تقليدي','2024-02-22 03:30:00.000000','2024-02-22 18:30:00.000000','Sharjah Ladies Club','نادي سيدات الشارقة','https://www.google.com/maps/embed?pb=!1m14!1m8!1m3!1d14419.2352893489!2d55.39613400000001!3d25.377723!3m2!1i1024!2i768!4f13.1!3m3!1m2!1s0x3e5f5a1969bb283b%3A0xbdef58f400459628!2sSharjah%20Ladies%20Club!5e0!3m2!1sen!2sae!4v1707804598943!5m2!1sen!2sae','Family & Entertainment','الأسرة والترفيه'),(2,'Warriors of Arabia','2024-03-25 10:41:40.868000','2024-03-27 13:59:56.716000','2024-03-25 10:44:41.259000',1,1,'محاربو الجزيرة العربية','Gear up for the first ever ultimate adventure at the Khorfakkan Amphitheatre on Sat, February 24th! . Embark on an extraordinary challenge run! Adults can conquer either the 4km or 8km course with 15-20 challenges along the course, while young thrill-seekers aged 4-14 can take on the excitement with courses tailored just for them – 600m or 1200m of pure fun! Join us either for the race or you can be a part of the spin session which will take place in the Khorfakkan Amphitheatre.','استعد لأول مغامرة نهائية على الإطلاق في مدرج خورفكان يوم السبت، ٢٤ فبراير! . انطلق في تحدي ملحمي! يمكن للكبار الفوز بإكمال مساري 4 كيلومترات أو 8 كيلومترات مع ١٥-٢٠ تحديًا على طول المسار، بينما يمكن للباحثين عن الإثارة الشبان الذين تتراوح أعمارهم بين ٤ و ١٤ عامًا التمتع بالمسارات المصممة خصيصًا لهم - 600 متر أو 1200 متر من المرح النقي! انضم إلينا إما للسباق أو يمكنك أن تكون جزءًا من جلسة الدوران التي ستُقام في مدرج خورفكان','2024-02-24 06:30:00.000000','2024-02-24 12:30:00.000000','East Coast','الساحل الشرقي','https://www.google.com/maps/d/embed?mid=1nQIFrqjaZ1LM5gvFAhrAiVEEEto&hl=en&ehbc=2E312F','Sports','رياضات'),(3,'The International Photography Festival','2024-03-25 10:48:55.264000','2024-03-27 14:00:16.339000','2024-03-25 10:48:56.185000',1,1,'مهرجان التصوير الفوتوغرافي الدولي','Xposure is the leading photo festival in the MENA region and the official imagery and educational platform that combines a range of photography events for photography professionals and enthusiasts, including; Exhibitions, Workshops, Seminars, Screenings, Focus Groups, Competitions, and hosts a dedicated photographic and video production trade show. Hosted by the Sharjah Government Media Bureau (SGMB).','يعتبر معرض \"إكسبوجر\" أكبر مهرجان فوتوغرافي في منطقة الشرق الأوسط وشمال أفريقيا والمنصة الرسمية للصورة والتعليم التي تجمع مجموعة من الفعاليات الفوتوغرافية للمحترفين والهواة، بما في ذلك: المعارض، وورش العمل، والندوات، وعروض الأفلام، وجلسات التركيز، والمسابقات، وتستضيف معرض للتجارة في الصور الفوتوغرافية والفيديو. يستضيفه مكتب الإعلام في حكومة الشارقة','2024-02-28 08:30:00.000000','2024-03-05 20:30:00.000000','Expo Center Sharjah','مركز إكسبو الشارقة','https://www.google.com/maps/embed?pb=!1m14!1m8!1m3!1d14427.115780762688!2d55.370277!3d25.31163!3m2!1i1024!2i768!4f13.1!3m3!1m2!1s0x3e5f5b8f4226b7ab%3A0x95191a2455baee8e!2sExpo%20Centre%20Sharjah!5e0!3m2!1sen!2suk!4v1707803194997!5m2!1sen!2suk','Art','فن'),(4,'Henok Melkamzer: Telsem Symbols and Imagery','2024-03-25 10:50:31.544000','2024-03-27 14:00:33.754000','2024-03-25 10:50:32.433000',1,1,'هينوك ملكمزر: رموز التلسيم والصور','Drawing from astrology, religion and spirituality, the Ethiopian art form of telsem interweaves symbols, drawings and texts imbued with spiritual and philosophical significance.','مستمدة من الفلكلور والديانة والروحانية، تنسج الفن الإثيوبي التلسيم رموزًا ورسومًا ونصوصًا متراكبة ذات أهمية روحية وفلسفية.','2024-02-23 22:30:00.000000','2024-06-15 22:30:00.000000','Sharjah Art Museum','متحف الشارقة للفنون','https://www.google.com/maps/embed?pb=!1m23!1m12!1m3!1d115369.49503752777!2d55.30460507277395!3d25.36137016596307!2m3!1f0!2f0!3f0!3m2!1i1024!2i768!4f13.1!4m8!3e6!4m0!4m5!1s0x3e5f5a3b089ab213%3A0x259a69d8104cd1f2!2z2YXYqtit2YEg2KfZhNi02KfYsdmC2Kkg2YTZhNmB2YbZiNmGIC0gQWwgU2h1d2FpaGVlbiAtIFNoYXJqYWggLSBVbml0ZWQgQXJhYiBFbWlyYXRlcw!3m2!1d25.3614158!2d55.3869699!5e0!3m2!1sen!2sin!4v1707803458943!5m2!1sen!2sin','Art','فن'),(5,'Sharjah Theatre Days 33','2024-03-25 10:52:17.996000','2024-03-27 14:01:28.719000','2024-03-25 10:52:19.630000',1,1,'أيام مسرح الشارقة ٣٣','Lanuched in 1984, this annual event brings local and Arabic theatre groups to compete for the  Sharjah Award for Arab Theatrical Creativity. The groups will be observed by the Jury – consisting of theatre personalities, critics, and writers from the UAE and other countries – who are tasked with examining and judging the participating theatrical performances. The Sharjah Theatre Days welcomes as well theatre experts from various Arab and international countries to attend the performances and participate in practical and intellectual seminars, conferences, and open discussions.','تأسست في عام ١٩٨٤، تقدم هذه الفعالية السنوية مسابقة بين مجموعات المسرح المحلية والعربية للفوز بجائزة الشارقة للإبداع المسرحي العربي. ستتم مشاهدة المجموعات من قبل لجنة التحكيم - التي تتألف من شخصيات المسرح والنقاد والكتاب من الإمارات العربية المتحدة وغيرها من البلدان - الذين يتولون مهمة فحص وتقييم العروض المسرحية المشاركة. ترحب أيام مسرح الشارقة أيضًا بخبراء المسرح من مختلف البلدان العربية والدولية لحضور العروض والمشاركة في الندوات والمؤتمرات العملية والفكرية والمناقشات المفتوحة','2024-03-02 08:30:00.000000','2024-03-09 19:30:00.000000','Cultural Palace','القصر الثقافي','https://www.google.com/maps/embed?pb=!1m18!1m12!1m3!1d1802.7228693395573!2d55.429877049999995!3d25.356373549999997!2m3!1f0!2f0!3f0!3m2!1i1024!2i768!4f13.1!3m3!1m2!1s0x3e5f590c13dea59d%3A0xd951661f0cda6663!2zQ3VsdHVyYWwgUGFsYWNlIC0g2KfZhdiq2K_Yp9ivINi02KfYsdi5INin2YTYsNmK2K8g2Iwg2YXZitiv2KfZhiDYp9mE2KvZgtin2YHYqSAtIEFsIEZhbGFqIC0gQWwgUmlxYSBTdWJ1cmIgLSBTaGFyamFoIC0gVW5pdGVkIEFyYWIgRW1pcmF0ZXM!5e0!3m2!1sen!2sin!4v1707804417726!5m2!1sen!2sin','Culture','ثقافة');
/*!40000 ALTER TABLE `events` ENABLE KEYS */;
UNLOCK TABLES;

--
-- Table structure for table `feedbacks`
--

DROP TABLE IF EXISTS `feedbacks`;
/*!40101 SET @saved_cs_client     = @@character_set_client */;
/*!50503 SET character_set_client = utf8mb4 */;
CREATE TABLE `feedbacks` (
  `id` int unsigned NOT NULL AUTO_INCREMENT,
  `name` varchar(255) DEFAULT NULL,
  `email` varchar(255) DEFAULT NULL,
  `number` varchar(255) DEFAULT NULL,
  `created_at` datetime(6) DEFAULT NULL,
  `updated_at` datetime(6) DEFAULT NULL,
  `published_at` datetime(6) DEFAULT NULL,
  `created_by_id` int unsigned DEFAULT NULL,
  `updated_by_id` int unsigned DEFAULT NULL,
  `feedback` varchar(255) DEFAULT NULL,
  `message` longtext,
  PRIMARY KEY (`id`),
  KEY `feedbacks_created_by_id_fk` (`created_by_id`),
  KEY `feedbacks_updated_by_id_fk` (`updated_by_id`),
  CONSTRAINT `feedbacks_created_by_id_fk` FOREIGN KEY (`created_by_id`) REFERENCES `admin_users` (`id`) ON DELETE SET NULL,
  CONSTRAINT `feedbacks_updated_by_id_fk` FOREIGN KEY (`updated_by_id`) REFERENCES `admin_users` (`id`) ON DELETE SET NULL
) ENGINE=InnoDB AUTO_INCREMENT=16 DEFAULT CHARSET=utf8mb4 COLLATE=utf8mb4_0900_ai_ci;
/*!40101 SET character_set_client = @saved_cs_client */;

--
-- Dumping data for table `feedbacks`
--

LOCK TABLES `feedbacks` WRITE;
/*!40000 ALTER TABLE `feedbacks` DISABLE KEYS */;
INSERT INTO `feedbacks` VALUES (14,'dsfgsd','v@gmail.com','34535','2024-03-09 10:52:51.835000','2024-03-09 10:52:51.835000','2024-03-09 10:52:51.832000',NULL,NULL,'fdsg','dsgsd'),(15,'Vignesh','vigneshpamu2002@gmail.com','979878989','2024-03-09 12:17:17.130000','2024-03-09 12:17:17.130000','2024-03-09 12:17:17.128000',NULL,NULL,'Hi','Message');
/*!40000 ALTER TABLE `feedbacks` ENABLE KEYS */;
UNLOCK TABLES;

--
-- Table structure for table `files`
--

DROP TABLE IF EXISTS `files`;
/*!40101 SET @saved_cs_client     = @@character_set_client */;
/*!50503 SET character_set_client = utf8mb4 */;
CREATE TABLE `files` (
  `id` int unsigned NOT NULL AUTO_INCREMENT,
  `name` varchar(255) DEFAULT NULL,
  `alternative_text` varchar(255) DEFAULT NULL,
  `caption` varchar(255) DEFAULT NULL,
  `width` int DEFAULT NULL,
  `height` int DEFAULT NULL,
  `formats` json DEFAULT NULL,
  `hash` varchar(255) DEFAULT NULL,
  `ext` varchar(255) DEFAULT NULL,
  `mime` varchar(255) DEFAULT NULL,
  `size` decimal(10,2) DEFAULT NULL,
  `url` varchar(255) DEFAULT NULL,
  `preview_url` varchar(255) DEFAULT NULL,
  `provider` varchar(255) DEFAULT NULL,
  `provider_metadata` json DEFAULT NULL,
  `folder_path` varchar(255) DEFAULT NULL,
  `created_at` datetime(6) DEFAULT NULL,
  `updated_at` datetime(6) DEFAULT NULL,
  `created_by_id` int unsigned DEFAULT NULL,
  `updated_by_id` int unsigned DEFAULT NULL,
  PRIMARY KEY (`id`),
  KEY `upload_files_folder_path_index` (`folder_path`),
  KEY `upload_files_created_at_index` (`created_at`),
  KEY `upload_files_updated_at_index` (`updated_at`),
  KEY `upload_files_name_index` (`name`),
  KEY `upload_files_size_index` (`size`),
  KEY `upload_files_ext_index` (`ext`),
  KEY `files_created_by_id_fk` (`created_by_id`),
  KEY `files_updated_by_id_fk` (`updated_by_id`),
  CONSTRAINT `files_created_by_id_fk` FOREIGN KEY (`created_by_id`) REFERENCES `admin_users` (`id`) ON DELETE SET NULL,
  CONSTRAINT `files_updated_by_id_fk` FOREIGN KEY (`updated_by_id`) REFERENCES `admin_users` (`id`) ON DELETE SET NULL
) ENGINE=InnoDB AUTO_INCREMENT=158 DEFAULT CHARSET=utf8mb4 COLLATE=utf8mb4_0900_ai_ci;
/*!40101 SET character_set_client = @saved_cs_client */;

--
-- Dumping data for table `files`
--

LOCK TABLES `files` WRITE;
/*!40000 ALTER TABLE `files` DISABLE KEYS */;
INSERT INTO `files` VALUES (1,'3.jpg',NULL,NULL,1300,730,'{\"large\": {\"ext\": \".jpg\", \"url\": \"/uploads/large_3_9d933ac3e6.jpg\", \"hash\": \"large_3_9d933ac3e6\", \"mime\": \"image/jpeg\", \"name\": \"large_3.jpg\", \"path\": null, \"size\": 109.84, \"width\": 1000, \"height\": 562}, \"small\": {\"ext\": \".jpg\", \"url\": \"/uploads/small_3_9d933ac3e6.jpg\", \"hash\": \"small_3_9d933ac3e6\", \"mime\": \"image/jpeg\", \"name\": \"small_3.jpg\", \"path\": null, \"size\": 36.25, \"width\": 500, \"height\": 281}, \"medium\": {\"ext\": \".jpg\", \"url\": \"/uploads/medium_3_9d933ac3e6.jpg\", \"hash\": \"medium_3_9d933ac3e6\", \"mime\": \"image/jpeg\", \"name\": \"medium_3.jpg\", \"path\": null, \"size\": 69.34, \"width\": 750, \"height\": 421}, \"thumbnail\": {\"ext\": \".jpg\", \"url\": \"/uploads/thumbnail_3_9d933ac3e6.jpg\", \"hash\": \"thumbnail_3_9d933ac3e6\", \"mime\": \"image/jpeg\", \"name\": \"thumbnail_3.jpg\", \"path\": null, \"size\": 10.64, \"width\": 245, \"height\": 137}}','3_9d933ac3e6','.jpg','image/jpeg',170.46,'/uploads/3_9d933ac3e6.jpg',NULL,'local',NULL,'/1','2024-03-09 14:46:17.118000','2024-03-09 14:46:17.118000',1,1),(2,'1.jpg',NULL,NULL,1280,720,'{\"large\": {\"ext\": \".jpg\", \"url\": \"/uploads/large_1_427cd798c2.jpg\", \"hash\": \"large_1_427cd798c2\", \"mime\": \"image/jpeg\", \"name\": \"large_1.jpg\", \"path\": null, \"size\": 54.44, \"width\": 1000, \"height\": 563}, \"small\": {\"ext\": \".jpg\", \"url\": \"/uploads/small_1_427cd798c2.jpg\", \"hash\": \"small_1_427cd798c2\", \"mime\": \"image/jpeg\", \"name\": \"small_1.jpg\", \"path\": null, \"size\": 18.86, \"width\": 500, \"height\": 281}, \"medium\": {\"ext\": \".jpg\", \"url\": \"/uploads/medium_1_427cd798c2.jpg\", \"hash\": \"medium_1_427cd798c2\", \"mime\": \"image/jpeg\", \"name\": \"medium_1.jpg\", \"path\": null, \"size\": 34.56, \"width\": 750, \"height\": 422}, \"thumbnail\": {\"ext\": \".jpg\", \"url\": \"/uploads/thumbnail_1_427cd798c2.jpg\", \"hash\": \"thumbnail_1_427cd798c2\", \"mime\": \"image/jpeg\", \"name\": \"thumbnail_1.jpg\", \"path\": null, \"size\": 6.64, \"width\": 245, \"height\": 138}}','1_427cd798c2','.jpg','image/jpeg',75.66,'/uploads/1_427cd798c2.jpg',NULL,'local',NULL,'/1','2024-03-09 14:51:42.294000','2024-03-20 20:43:44.562000',1,1),(3,'2.jpg',NULL,NULL,1280,719,'{\"large\": {\"ext\": \".jpg\", \"url\": \"/uploads/large_2_593e76daf4.jpg\", \"hash\": \"large_2_593e76daf4\", \"mime\": \"image/jpeg\", \"name\": \"large_2.jpg\", \"path\": null, \"size\": 89.92, \"width\": 1000, \"height\": 562}, \"small\": {\"ext\": \".jpg\", \"url\": \"/uploads/small_2_593e76daf4.jpg\", \"hash\": \"small_2_593e76daf4\", \"mime\": \"image/jpeg\", \"name\": \"small_2.jpg\", \"path\": null, \"size\": 29.73, \"width\": 500, \"height\": 281}, \"medium\": {\"ext\": \".jpg\", \"url\": \"/uploads/medium_2_593e76daf4.jpg\", \"hash\": \"medium_2_593e76daf4\", \"mime\": \"image/jpeg\", \"name\": \"medium_2.jpg\", \"path\": null, \"size\": 56.98, \"width\": 750, \"height\": 421}, \"thumbnail\": {\"ext\": \".jpg\", \"url\": \"/uploads/thumbnail_2_593e76daf4.jpg\", \"hash\": \"thumbnail_2_593e76daf4\", \"mime\": \"image/jpeg\", \"name\": \"thumbnail_2.jpg\", \"path\": null, \"size\": 9.11, \"width\": 245, \"height\": 137}}','2_593e76daf4','.jpg','image/jpeg',128.65,'/uploads/2_593e76daf4.jpg',NULL,'local',NULL,'/1','2024-03-09 14:54:59.463000','2024-03-09 14:54:59.463000',1,1),(6,'img1.jpg',NULL,NULL,646,400,'{\"small\": {\"ext\": \".jpg\", \"url\": \"/uploads/small_img1_5457025d8d.jpg\", \"hash\": \"small_img1_5457025d8d\", \"mime\": \"image/jpeg\", \"name\": \"small_img1.jpg\", \"path\": null, \"size\": 48.83, \"width\": 500, \"height\": 310}, \"thumbnail\": {\"ext\": \".jpg\", \"url\": \"/uploads/thumbnail_img1_5457025d8d.jpg\", \"hash\": \"thumbnail_img1_5457025d8d\", \"mime\": \"image/jpeg\", \"name\": \"thumbnail_img1.jpg\", \"path\": null, \"size\": 13.88, \"width\": 245, \"height\": 152}}','img1_5457025d8d','.jpg','image/jpeg',77.38,'/uploads/img1_5457025d8d.jpg',NULL,'local',NULL,'/24/33','2024-03-21 09:04:54.145000','2024-03-21 09:04:54.145000',1,1),(7,'logo1.jpg',NULL,NULL,400,400,'{\"thumbnail\": {\"ext\": \".jpg\", \"url\": \"/uploads/thumbnail_logo1_d70394cbb4.jpg\", \"hash\": \"thumbnail_logo1_d70394cbb4\", \"mime\": \"image/jpeg\", \"name\": \"thumbnail_logo1.jpg\", \"path\": null, \"size\": 7.66, \"width\": 156, \"height\": 156}}','logo1_d70394cbb4','.jpg','image/jpeg',25.87,'/uploads/logo1_d70394cbb4.jpg',NULL,'local',NULL,'/24/33','2024-03-21 09:05:35.957000','2024-03-21 09:05:35.957000',1,1),(8,'6.png',NULL,NULL,447,559,'{\"small\": {\"ext\": \".png\", \"url\": \"/uploads/small_6_6843a06d3a.png\", \"hash\": \"small_6_6843a06d3a\", \"mime\": \"image/png\", \"name\": \"small_6.png\", \"path\": null, \"size\": 272.9, \"width\": 400, \"height\": 500}, \"thumbnail\": {\"ext\": \".png\", \"url\": \"/uploads/thumbnail_6_6843a06d3a.png\", \"hash\": \"thumbnail_6_6843a06d3a\", \"mime\": \"image/png\", \"name\": \"thumbnail_6.png\", \"path\": null, \"size\": 35.7, \"width\": 125, \"height\": 156}}','6_6843a06d3a','.png','image/png',83.14,'/uploads/6_6843a06d3a.png',NULL,'local',NULL,'/3/5/7','2024-03-21 09:07:50.113000','2024-03-21 09:07:50.113000',1,1),(9,'1.png',NULL,NULL,447,559,'{\"small\": {\"ext\": \".png\", \"url\": \"/uploads/small_1_e3e471f97c.png\", \"hash\": \"small_1_e3e471f97c\", \"mime\": \"image/png\", \"name\": \"small_1.png\", \"path\": null, \"size\": 201, \"width\": 400, \"height\": 500}, \"thumbnail\": {\"ext\": \".png\", \"url\": \"/uploads/thumbnail_1_e3e471f97c.png\", \"hash\": \"thumbnail_1_e3e471f97c\", \"mime\": \"image/png\", \"name\": \"thumbnail_1.png\", \"path\": null, \"size\": 28.84, \"width\": 125, \"height\": 156}}','1_e3e471f97c','.png','image/png',58.99,'/uploads/1_e3e471f97c.png',NULL,'local',NULL,'/3/5/7','2024-03-21 09:07:50.259000','2024-03-21 09:07:50.259000',1,1),(10,'2.png',NULL,NULL,447,559,'{\"small\": {\"ext\": \".png\", \"url\": \"/uploads/small_2_c3462c2d28.png\", \"hash\": \"small_2_c3462c2d28\", \"mime\": \"image/png\", \"name\": \"small_2.png\", \"path\": null, \"size\": 183.6, \"width\": 400, \"height\": 500}, \"thumbnail\": {\"ext\": \".png\", \"url\": \"/uploads/thumbnail_2_c3462c2d28.png\", \"hash\": \"thumbnail_2_c3462c2d28\", \"mime\": \"image/png\", \"name\": \"thumbnail_2.png\", \"path\": null, \"size\": 25.28, \"width\": 125, \"height\": 156}}','2_c3462c2d28','.png','image/png',59.36,'/uploads/2_c3462c2d28.png',NULL,'local',NULL,'/3/5/7','2024-03-21 09:07:50.276000','2024-03-21 09:07:50.276000',1,1),(11,'3.png',NULL,NULL,447,559,'{\"small\": {\"ext\": \".png\", \"url\": \"/uploads/small_3_2ef5bbcdb9.png\", \"hash\": \"small_3_2ef5bbcdb9\", \"mime\": \"image/png\", \"name\": \"small_3.png\", \"path\": null, \"size\": 156.4, \"width\": 400, \"height\": 500}, \"thumbnail\": {\"ext\": \".png\", \"url\": \"/uploads/thumbnail_3_2ef5bbcdb9.png\", \"hash\": \"thumbnail_3_2ef5bbcdb9\", \"mime\": \"image/png\", \"name\": \"thumbnail_3.png\", \"path\": null, \"size\": 23.14, \"width\": 125, \"height\": 156}}','3_2ef5bbcdb9','.png','image/png',48.47,'/uploads/3_2ef5bbcdb9.png',NULL,'local',NULL,'/3/5/7','2024-03-21 09:07:50.327000','2024-03-21 09:09:50.077000',1,1),(12,'4.png',NULL,NULL,447,559,'{\"small\": {\"ext\": \".png\", \"url\": \"/uploads/small_4_b474670ae7.png\", \"hash\": \"small_4_b474670ae7\", \"mime\": \"image/png\", \"name\": \"small_4.png\", \"path\": null, \"size\": 209.35, \"width\": 400, \"height\": 500}, \"thumbnail\": {\"ext\": \".png\", \"url\": \"/uploads/thumbnail_4_b474670ae7.png\", \"hash\": \"thumbnail_4_b474670ae7\", \"mime\": \"image/png\", \"name\": \"thumbnail_4.png\", \"path\": null, \"size\": 27.1, \"width\": 125, \"height\": 156}}','4_b474670ae7','.png','image/png',75.72,'/uploads/4_b474670ae7.png',NULL,'local',NULL,'/3/5/7','2024-03-21 09:07:50.357000','2024-03-21 09:07:50.357000',1,1),(13,'5.png',NULL,NULL,447,559,'{\"small\": {\"ext\": \".png\", \"url\": \"/uploads/small_5_03aed1134a.png\", \"hash\": \"small_5_03aed1134a\", \"mime\": \"image/png\", \"name\": \"small_5.png\", \"path\": null, \"size\": 186.75, \"width\": 400, \"height\": 500}, \"thumbnail\": {\"ext\": \".png\", \"url\": \"/uploads/thumbnail_5_03aed1134a.png\", \"hash\": \"thumbnail_5_03aed1134a\", \"mime\": \"image/png\", \"name\": \"thumbnail_5.png\", \"path\": null, \"size\": 25.86, \"width\": 125, \"height\": 156}}','5_03aed1134a','.png','image/png',64.18,'/uploads/5_03aed1134a.png',NULL,'local',NULL,'/3/5/7','2024-03-21 09:07:50.410000','2024-03-21 09:07:50.410000',1,1),(14,'logo1.jpg',NULL,NULL,400,400,'{\"thumbnail\": {\"ext\": \".jpg\", \"url\": \"/uploads/thumbnail_logo1_647186688f.jpg\", \"hash\": \"thumbnail_logo1_647186688f\", \"mime\": \"image/jpeg\", \"name\": \"thumbnail_logo1.jpg\", \"path\": null, \"size\": 7.66, \"width\": 156, \"height\": 156}}','logo1_647186688f','.jpg','image/jpeg',25.87,'/uploads/logo1_647186688f.jpg',NULL,'local',NULL,'/24/32','2024-03-21 09:24:56.765000','2024-03-21 09:24:56.765000',1,1),(15,'img0.jpg',NULL,NULL,1400,740,'{\"large\": {\"ext\": \".jpg\", \"url\": \"/uploads/large_img0_6f1faefd59.jpg\", \"hash\": \"large_img0_6f1faefd59\", \"mime\": \"image/jpeg\", \"name\": \"large_img0.jpg\", \"path\": null, \"size\": 98.91, \"width\": 1000, \"height\": 529}, \"small\": {\"ext\": \".jpg\", \"url\": \"/uploads/small_img0_6f1faefd59.jpg\", \"hash\": \"small_img0_6f1faefd59\", \"mime\": \"image/jpeg\", \"name\": \"small_img0.jpg\", \"path\": null, \"size\": 28.85, \"width\": 500, \"height\": 264}, \"medium\": {\"ext\": \".jpg\", \"url\": \"/uploads/medium_img0_6f1faefd59.jpg\", \"hash\": \"medium_img0_6f1faefd59\", \"mime\": \"image/jpeg\", \"name\": \"medium_img0.jpg\", \"path\": null, \"size\": 58.37, \"width\": 750, \"height\": 396}, \"thumbnail\": {\"ext\": \".jpg\", \"url\": \"/uploads/thumbnail_img0_6f1faefd59.jpg\", \"hash\": \"thumbnail_img0_6f1faefd59\", \"mime\": \"image/jpeg\", \"name\": \"thumbnail_img0.jpg\", \"path\": null, \"size\": 8.66, \"width\": 245, \"height\": 130}}','img0_6f1faefd59','.jpg','image/jpeg',188.99,'/uploads/img0_6f1faefd59.jpg',NULL,'local',NULL,'/24/32','2024-03-21 09:24:57.384000','2024-03-21 09:24:57.384000',1,1),(34,'Her Excellency Aisha Ahmed Salem Al Mutawa.jpg',NULL,NULL,2606,3242,'{\"large\": {\"ext\": \".jpg\", \"url\": \"/uploads/large_Her_Excellency_Aisha_Ahmed_Salem_Al_Mutawa_0c8ea6f71c.jpg\", \"hash\": \"large_Her_Excellency_Aisha_Ahmed_Salem_Al_Mutawa_0c8ea6f71c\", \"mime\": \"image/jpeg\", \"name\": \"large_Her Excellency Aisha Ahmed Salem Al Mutawa.jpg\", \"path\": null, \"size\": 28.87, \"width\": 804, \"height\": 1000}, \"small\": {\"ext\": \".jpg\", \"url\": \"/uploads/small_Her_Excellency_Aisha_Ahmed_Salem_Al_Mutawa_0c8ea6f71c.jpg\", \"hash\": \"small_Her_Excellency_Aisha_Ahmed_Salem_Al_Mutawa_0c8ea6f71c\", \"mime\": \"image/jpeg\", \"name\": \"small_Her Excellency Aisha Ahmed Salem Al Mutawa.jpg\", \"path\": null, \"size\": 11.03, \"width\": 402, \"height\": 500}, \"medium\": {\"ext\": \".jpg\", \"url\": \"/uploads/medium_Her_Excellency_Aisha_Ahmed_Salem_Al_Mutawa_0c8ea6f71c.jpg\", \"hash\": \"medium_Her_Excellency_Aisha_Ahmed_Salem_Al_Mutawa_0c8ea6f71c\", \"mime\": \"image/jpeg\", \"name\": \"medium_Her Excellency Aisha Ahmed Salem Al Mutawa.jpg\", \"path\": null, \"size\": 18.84, \"width\": 603, \"height\": 750}, \"thumbnail\": {\"ext\": \".jpg\", \"url\": \"/uploads/thumbnail_Her_Excellency_Aisha_Ahmed_Salem_Al_Mutawa_0c8ea6f71c.jpg\", \"hash\": \"thumbnail_Her_Excellency_Aisha_Ahmed_Salem_Al_Mutawa_0c8ea6f71c\", \"mime\": \"image/jpeg\", \"name\": \"thumbnail_Her Excellency Aisha Ahmed Salem Al Mutawa.jpg\", \"path\": null, \"size\": 2.41, \"width\": 125, \"height\": 156}}','Her_Excellency_Aisha_Ahmed_Salem_Al_Mutawa_0c8ea6f71c','.jpg','image/jpeg',154.33,'/uploads/Her_Excellency_Aisha_Ahmed_Salem_Al_Mutawa_0c8ea6f71c.jpg',NULL,'local',NULL,'/3/5/9','2024-03-21 09:29:15.437000','2024-03-21 09:29:15.437000',1,1),(35,'Her Excellency Aisha Saif Mohammed Al Khaja.jpg',NULL,NULL,2606,3242,'{\"large\": {\"ext\": \".jpg\", \"url\": \"/uploads/large_Her_Excellency_Aisha_Saif_Mohammed_Al_Khaja_a1e94bfb0e.jpg\", \"hash\": \"large_Her_Excellency_Aisha_Saif_Mohammed_Al_Khaja_a1e94bfb0e\", \"mime\": \"image/jpeg\", \"name\": \"large_Her Excellency Aisha Saif Mohammed Al Khaja.jpg\", \"path\": null, \"size\": 38.82, \"width\": 804, \"height\": 1000}, \"small\": {\"ext\": \".jpg\", \"url\": \"/uploads/small_Her_Excellency_Aisha_Saif_Mohammed_Al_Khaja_a1e94bfb0e.jpg\", \"hash\": \"small_Her_Excellency_Aisha_Saif_Mohammed_Al_Khaja_a1e94bfb0e\", \"mime\": \"image/jpeg\", \"name\": \"small_Her Excellency Aisha Saif Mohammed Al Khaja.jpg\", \"path\": null, \"size\": 13.79, \"width\": 402, \"height\": 500}, \"medium\": {\"ext\": \".jpg\", \"url\": \"/uploads/medium_Her_Excellency_Aisha_Saif_Mohammed_Al_Khaja_a1e94bfb0e.jpg\", \"hash\": \"medium_Her_Excellency_Aisha_Saif_Mohammed_Al_Khaja_a1e94bfb0e\", \"mime\": \"image/jpeg\", \"name\": \"medium_Her Excellency Aisha Saif Mohammed Al Khaja.jpg\", \"path\": null, \"size\": 25.15, \"width\": 603, \"height\": 750}, \"thumbnail\": {\"ext\": \".jpg\", \"url\": \"/uploads/thumbnail_Her_Excellency_Aisha_Saif_Mohammed_Al_Khaja_a1e94bfb0e.jpg\", \"hash\": \"thumbnail_Her_Excellency_Aisha_Saif_Mohammed_Al_Khaja_a1e94bfb0e\", \"mime\": \"image/jpeg\", \"name\": \"thumbnail_Her Excellency Aisha Saif Mohammed Al Khaja.jpg\", \"path\": null, \"size\": 2.57, \"width\": 125, \"height\": 156}}','Her_Excellency_Aisha_Saif_Mohammed_Al_Khaja_a1e94bfb0e','.jpg','image/jpeg',218.34,'/uploads/Her_Excellency_Aisha_Saif_Mohammed_Al_Khaja_a1e94bfb0e.jpg',NULL,'local',NULL,'/3/5/9','2024-03-21 09:29:16.140000','2024-03-21 09:29:16.140000',1,1),(36,'His Excellency Dr. Ali Muhammad Abdulaziz bin Darwish Al Ali.jpg',NULL,NULL,1548,2047,'{\"large\": {\"ext\": \".jpg\", \"url\": \"/uploads/large_His_Excellency_Dr_Ali_Muhammad_Abdulaziz_bin_Darwish_Al_Ali_ab8008d002.jpg\", \"hash\": \"large_His_Excellency_Dr_Ali_Muhammad_Abdulaziz_bin_Darwish_Al_Ali_ab8008d002\", \"mime\": \"image/jpeg\", \"name\": \"large_His Excellency Dr. Ali Muhammad Abdulaziz bin Darwish Al Ali.jpg\", \"path\": null, \"size\": 41.23, \"width\": 756, \"height\": 1000}, \"small\": {\"ext\": \".jpg\", \"url\": \"/uploads/small_His_Excellency_Dr_Ali_Muhammad_Abdulaziz_bin_Darwish_Al_Ali_ab8008d002.jpg\", \"hash\": \"small_His_Excellency_Dr_Ali_Muhammad_Abdulaziz_bin_Darwish_Al_Ali_ab8008d002\", \"mime\": \"image/jpeg\", \"name\": \"small_His Excellency Dr. Ali Muhammad Abdulaziz bin Darwish Al Ali.jpg\", \"path\": null, \"size\": 16.2, \"width\": 378, \"height\": 500}, \"medium\": {\"ext\": \".jpg\", \"url\": \"/uploads/medium_His_Excellency_Dr_Ali_Muhammad_Abdulaziz_bin_Darwish_Al_Ali_ab8008d002.jpg\", \"hash\": \"medium_His_Excellency_Dr_Ali_Muhammad_Abdulaziz_bin_Darwish_Al_Ali_ab8008d002\", \"mime\": \"image/jpeg\", \"name\": \"medium_His Excellency Dr. Ali Muhammad Abdulaziz bin Darwish Al Ali.jpg\", \"path\": null, \"size\": 27.74, \"width\": 567, \"height\": 750}, \"thumbnail\": {\"ext\": \".jpg\", \"url\": \"/uploads/thumbnail_His_Excellency_Dr_Ali_Muhammad_Abdulaziz_bin_Darwish_Al_Ali_ab8008d002.jpg\", \"hash\": \"thumbnail_His_Excellency_Dr_Ali_Muhammad_Abdulaziz_bin_Darwish_Al_Ali_ab8008d002\", \"mime\": \"image/jpeg\", \"name\": \"thumbnail_His Excellency Dr. Ali Muhammad Abdulaziz bin Darwish Al Ali.jpg\", \"path\": null, \"size\": 3.39, \"width\": 118, \"height\": 156}}','His_Excellency_Dr_Ali_Muhammad_Abdulaziz_bin_Darwish_Al_Ali_ab8008d002','.jpg','image/jpeg',90.08,'/uploads/His_Excellency_Dr_Ali_Muhammad_Abdulaziz_bin_Darwish_Al_Ali_ab8008d002.jpg',NULL,'local',NULL,'/3/5/9','2024-03-21 09:29:17.123000','2024-03-21 09:29:17.123000',1,1),(37,'His Excellency Abdullah Salem Ahmed Mohammed Bousmanouh.jpg',NULL,NULL,2606,3242,'{\"large\": {\"ext\": \".jpg\", \"url\": \"/uploads/large_His_Excellency_Abdullah_Salem_Ahmed_Mohammed_Bousmanouh_f9746131de.jpg\", \"hash\": \"large_His_Excellency_Abdullah_Salem_Ahmed_Mohammed_Bousmanouh_f9746131de\", \"mime\": \"image/jpeg\", \"name\": \"large_His Excellency Abdullah Salem Ahmed Mohammed Bousmanouh.jpg\", \"path\": null, \"size\": 82.24, \"width\": 804, \"height\": 1000}, \"small\": {\"ext\": \".jpg\", \"url\": \"/uploads/small_His_Excellency_Abdullah_Salem_Ahmed_Mohammed_Bousmanouh_f9746131de.jpg\", \"hash\": \"small_His_Excellency_Abdullah_Salem_Ahmed_Mohammed_Bousmanouh_f9746131de\", \"mime\": \"image/jpeg\", \"name\": \"small_His Excellency Abdullah Salem Ahmed Mohammed Bousmanouh.jpg\", \"path\": null, \"size\": 24.14, \"width\": 402, \"height\": 500}, \"medium\": {\"ext\": \".jpg\", \"url\": \"/uploads/medium_His_Excellency_Abdullah_Salem_Ahmed_Mohammed_Bousmanouh_f9746131de.jpg\", \"hash\": \"medium_His_Excellency_Abdullah_Salem_Ahmed_Mohammed_Bousmanouh_f9746131de\", \"mime\": \"image/jpeg\", \"name\": \"medium_His Excellency Abdullah Salem Ahmed Mohammed Bousmanouh.jpg\", \"path\": null, \"size\": 49.07, \"width\": 603, \"height\": 750}, \"thumbnail\": {\"ext\": \".jpg\", \"url\": \"/uploads/thumbnail_His_Excellency_Abdullah_Salem_Ahmed_Mohammed_Bousmanouh_f9746131de.jpg\", \"hash\": \"thumbnail_His_Excellency_Abdullah_Salem_Ahmed_Mohammed_Bousmanouh_f9746131de\", \"mime\": \"image/jpeg\", \"name\": \"thumbnail_His Excellency Abdullah Salem Ahmed Mohammed Bousmanouh.jpg\", \"path\": null, \"size\": 3.81, \"width\": 125, \"height\": 156}}','His_Excellency_Abdullah_Salem_Ahmed_Mohammed_Bousmanouh_f9746131de','.jpg','image/jpeg',648.81,'/uploads/His_Excellency_Abdullah_Salem_Ahmed_Mohammed_Bousmanouh_f9746131de.jpg',NULL,'local',NULL,'/3/5/9','2024-03-21 09:29:20.616000','2024-03-21 09:29:20.616000',1,1),(38,'His Excellency Khalid Rashid Khalifa Al Muhairi.jpg',NULL,NULL,1958,2778,'{\"large\": {\"ext\": \".jpg\", \"url\": \"/uploads/large_His_Excellency_Khalid_Rashid_Khalifa_Al_Muhairi_baabdf174d.jpg\", \"hash\": \"large_His_Excellency_Khalid_Rashid_Khalifa_Al_Muhairi_baabdf174d\", \"mime\": \"image/jpeg\", \"name\": \"large_His Excellency Khalid Rashid Khalifa Al Muhairi.jpg\", \"path\": null, \"size\": 51.75, \"width\": 705, \"height\": 1000}, \"small\": {\"ext\": \".jpg\", \"url\": \"/uploads/small_His_Excellency_Khalid_Rashid_Khalifa_Al_Muhairi_baabdf174d.jpg\", \"hash\": \"small_His_Excellency_Khalid_Rashid_Khalifa_Al_Muhairi_baabdf174d\", \"mime\": \"image/jpeg\", \"name\": \"small_His Excellency Khalid Rashid Khalifa Al Muhairi.jpg\", \"path\": null, \"size\": 19.87, \"width\": 352, \"height\": 500}, \"medium\": {\"ext\": \".jpg\", \"url\": \"/uploads/medium_His_Excellency_Khalid_Rashid_Khalifa_Al_Muhairi_baabdf174d.jpg\", \"hash\": \"medium_His_Excellency_Khalid_Rashid_Khalifa_Al_Muhairi_baabdf174d\", \"mime\": \"image/jpeg\", \"name\": \"medium_His Excellency Khalid Rashid Khalifa Al Muhairi.jpg\", \"path\": null, \"size\": 35.06, \"width\": 529, \"height\": 750}, \"thumbnail\": {\"ext\": \".jpg\", \"url\": \"/uploads/thumbnail_His_Excellency_Khalid_Rashid_Khalifa_Al_Muhairi_baabdf174d.jpg\", \"hash\": \"thumbnail_His_Excellency_Khalid_Rashid_Khalifa_Al_Muhairi_baabdf174d\", \"mime\": \"image/jpeg\", \"name\": \"thumbnail_His Excellency Khalid Rashid Khalifa Al Muhairi.jpg\", \"path\": null, \"size\": 3.77, \"width\": 110, \"height\": 156}}','His_Excellency_Khalid_Rashid_Khalifa_Al_Muhairi_baabdf174d','.jpg','image/jpeg',131.56,'/uploads/His_Excellency_Khalid_Rashid_Khalifa_Al_Muhairi_baabdf174d.jpg',NULL,'local',NULL,'/3/5/9','2024-03-21 09:29:21.360000','2024-03-21 09:29:21.360000',1,1),(39,'His Excellency Butti Eid Butti Eid Al-Shuwaihi.jpg',NULL,NULL,2606,3242,'{\"large\": {\"ext\": \".jpg\", \"url\": \"/uploads/large_His_Excellency_Butti_Eid_Butti_Eid_Al_Shuwaihi_9aae3bbd04.jpg\", \"hash\": \"large_His_Excellency_Butti_Eid_Butti_Eid_Al_Shuwaihi_9aae3bbd04\", \"mime\": \"image/jpeg\", \"name\": \"large_His Excellency Butti Eid Butti Eid Al-Shuwaihi.jpg\", \"path\": null, \"size\": 92.82, \"width\": 804, \"height\": 1000}, \"small\": {\"ext\": \".jpg\", \"url\": \"/uploads/small_His_Excellency_Butti_Eid_Butti_Eid_Al_Shuwaihi_9aae3bbd04.jpg\", \"hash\": \"small_His_Excellency_Butti_Eid_Butti_Eid_Al_Shuwaihi_9aae3bbd04\", \"mime\": \"image/jpeg\", \"name\": \"small_His Excellency Butti Eid Butti Eid Al-Shuwaihi.jpg\", \"path\": null, \"size\": 26.51, \"width\": 402, \"height\": 500}, \"medium\": {\"ext\": \".jpg\", \"url\": \"/uploads/medium_His_Excellency_Butti_Eid_Butti_Eid_Al_Shuwaihi_9aae3bbd04.jpg\", \"hash\": \"medium_His_Excellency_Butti_Eid_Butti_Eid_Al_Shuwaihi_9aae3bbd04\", \"mime\": \"image/jpeg\", \"name\": \"medium_His Excellency Butti Eid Butti Eid Al-Shuwaihi.jpg\", \"path\": null, \"size\": 55.25, \"width\": 603, \"height\": 750}, \"thumbnail\": {\"ext\": \".jpg\", \"url\": \"/uploads/thumbnail_His_Excellency_Butti_Eid_Butti_Eid_Al_Shuwaihi_9aae3bbd04.jpg\", \"hash\": \"thumbnail_His_Excellency_Butti_Eid_Butti_Eid_Al_Shuwaihi_9aae3bbd04\", \"mime\": \"image/jpeg\", \"name\": \"thumbnail_His Excellency Butti Eid Butti Eid Al-Shuwaihi.jpg\", \"path\": null, \"size\": 4.04, \"width\": 125, \"height\": 156}}','His_Excellency_Butti_Eid_Butti_Eid_Al_Shuwaihi_9aae3bbd04','.jpg','image/jpeg',656.21,'/uploads/His_Excellency_Butti_Eid_Butti_Eid_Al_Shuwaihi_9aae3bbd04.jpg',NULL,'local',NULL,'/3/5/9','2024-03-21 09:29:21.975000','2024-03-21 09:29:21.975000',1,1),(40,'His Excellency Obaid Sultan Ali Al Nabooda Al Shamsi.jpg',NULL,NULL,1529,2222,'{\"large\": {\"ext\": \".jpg\", \"url\": \"/uploads/large_His_Excellency_Obaid_Sultan_Ali_Al_Nabooda_Al_Shamsi_d572cedb4f.jpg\", \"hash\": \"large_His_Excellency_Obaid_Sultan_Ali_Al_Nabooda_Al_Shamsi_d572cedb4f\", \"mime\": \"image/jpeg\", \"name\": \"large_His Excellency Obaid Sultan Ali Al Nabooda Al Shamsi.jpg\", \"path\": null, \"size\": 46.3, \"width\": 688, \"height\": 1000}, \"small\": {\"ext\": \".jpg\", \"url\": \"/uploads/small_His_Excellency_Obaid_Sultan_Ali_Al_Nabooda_Al_Shamsi_d572cedb4f.jpg\", \"hash\": \"small_His_Excellency_Obaid_Sultan_Ali_Al_Nabooda_Al_Shamsi_d572cedb4f\", \"mime\": \"image/jpeg\", \"name\": \"small_His Excellency Obaid Sultan Ali Al Nabooda Al Shamsi.jpg\", \"path\": null, \"size\": 17.53, \"width\": 344, \"height\": 500}, \"medium\": {\"ext\": \".jpg\", \"url\": \"/uploads/medium_His_Excellency_Obaid_Sultan_Ali_Al_Nabooda_Al_Shamsi_d572cedb4f.jpg\", \"hash\": \"medium_His_Excellency_Obaid_Sultan_Ali_Al_Nabooda_Al_Shamsi_d572cedb4f\", \"mime\": \"image/jpeg\", \"name\": \"medium_His Excellency Obaid Sultan Ali Al Nabooda Al Shamsi.jpg\", \"path\": null, \"size\": 31.26, \"width\": 516, \"height\": 750}, \"thumbnail\": {\"ext\": \".jpg\", \"url\": \"/uploads/thumbnail_His_Excellency_Obaid_Sultan_Ali_Al_Nabooda_Al_Shamsi_d572cedb4f.jpg\", \"hash\": \"thumbnail_His_Excellency_Obaid_Sultan_Ali_Al_Nabooda_Al_Shamsi_d572cedb4f\", \"mime\": \"image/jpeg\", \"name\": \"thumbnail_His Excellency Obaid Sultan Ali Al Nabooda Al Shamsi.jpg\", \"path\": null, \"size\": 3.37, \"width\": 108, \"height\": 156}}','His_Excellency_Obaid_Sultan_Ali_Al_Nabooda_Al_Shamsi_d572cedb4f','.jpg','image/jpeg',100.53,'/uploads/His_Excellency_Obaid_Sultan_Ali_Al_Nabooda_Al_Shamsi_d572cedb4f.jpg',NULL,'local',NULL,'/3/5/9','2024-03-21 09:29:22.338000','2024-03-21 09:29:22.338000',1,1),(41,'His Excellency Rashid Khamis Hamad Rashid Al Suwaidi.jpg',NULL,NULL,2035,2621,'{\"large\": {\"ext\": \".jpg\", \"url\": \"/uploads/large_His_Excellency_Rashid_Khamis_Hamad_Rashid_Al_Suwaidi_2e0a0de1ae.jpg\", \"hash\": \"large_His_Excellency_Rashid_Khamis_Hamad_Rashid_Al_Suwaidi_2e0a0de1ae\", \"mime\": \"image/jpeg\", \"name\": \"large_His Excellency Rashid Khamis Hamad Rashid Al Suwaidi.jpg\", \"path\": null, \"size\": 54.35, \"width\": 776, \"height\": 1000}, \"small\": {\"ext\": \".jpg\", \"url\": \"/uploads/small_His_Excellency_Rashid_Khamis_Hamad_Rashid_Al_Suwaidi_2e0a0de1ae.jpg\", \"hash\": \"small_His_Excellency_Rashid_Khamis_Hamad_Rashid_Al_Suwaidi_2e0a0de1ae\", \"mime\": \"image/jpeg\", \"name\": \"small_His Excellency Rashid Khamis Hamad Rashid Al Suwaidi.jpg\", \"path\": null, \"size\": 20.31, \"width\": 388, \"height\": 500}, \"medium\": {\"ext\": \".jpg\", \"url\": \"/uploads/medium_His_Excellency_Rashid_Khamis_Hamad_Rashid_Al_Suwaidi_2e0a0de1ae.jpg\", \"hash\": \"medium_His_Excellency_Rashid_Khamis_Hamad_Rashid_Al_Suwaidi_2e0a0de1ae\", \"mime\": \"image/jpeg\", \"name\": \"medium_His Excellency Rashid Khamis Hamad Rashid Al Suwaidi.jpg\", \"path\": null, \"size\": 36.64, \"width\": 582, \"height\": 750}, \"thumbnail\": {\"ext\": \".jpg\", \"url\": \"/uploads/thumbnail_His_Excellency_Rashid_Khamis_Hamad_Rashid_Al_Suwaidi_2e0a0de1ae.jpg\", \"hash\": \"thumbnail_His_Excellency_Rashid_Khamis_Hamad_Rashid_Al_Suwaidi_2e0a0de1ae\", \"mime\": \"image/jpeg\", \"name\": \"thumbnail_His Excellency Rashid Khamis Hamad Rashid Al Suwaidi.jpg\", \"path\": null, \"size\": 3.71, \"width\": 121, \"height\": 156}}','His_Excellency_Rashid_Khamis_Hamad_Rashid_Al_Suwaidi_2e0a0de1ae','.jpg','image/jpeg',204.28,'/uploads/His_Excellency_Rashid_Khamis_Hamad_Rashid_Al_Suwaidi_2e0a0de1ae.jpg',NULL,'local',NULL,'/3/5/9','2024-03-21 09:29:22.697000','2024-03-21 09:29:22.697000',1,1),(42,'His Excellency Hamad Abdullah Abdul Rahman Al-Helou.jpg',NULL,NULL,2606,3242,'{\"large\": {\"ext\": \".jpg\", \"url\": \"/uploads/large_His_Excellency_Hamad_Abdullah_Abdul_Rahman_Al_Helou_e5bfa3c3e7.jpg\", \"hash\": \"large_His_Excellency_Hamad_Abdullah_Abdul_Rahman_Al_Helou_e5bfa3c3e7\", \"mime\": \"image/jpeg\", \"name\": \"large_His Excellency Hamad Abdullah Abdul Rahman Al-Helou.jpg\", \"path\": null, \"size\": 87.78, \"width\": 804, \"height\": 1000}, \"small\": {\"ext\": \".jpg\", \"url\": \"/uploads/small_His_Excellency_Hamad_Abdullah_Abdul_Rahman_Al_Helou_e5bfa3c3e7.jpg\", \"hash\": \"small_His_Excellency_Hamad_Abdullah_Abdul_Rahman_Al_Helou_e5bfa3c3e7\", \"mime\": \"image/jpeg\", \"name\": \"small_His Excellency Hamad Abdullah Abdul Rahman Al-Helou.jpg\", \"path\": null, \"size\": 25.15, \"width\": 402, \"height\": 500}, \"medium\": {\"ext\": \".jpg\", \"url\": \"/uploads/medium_His_Excellency_Hamad_Abdullah_Abdul_Rahman_Al_Helou_e5bfa3c3e7.jpg\", \"hash\": \"medium_His_Excellency_Hamad_Abdullah_Abdul_Rahman_Al_Helou_e5bfa3c3e7\", \"mime\": \"image/jpeg\", \"name\": \"medium_His Excellency Hamad Abdullah Abdul Rahman Al-Helou.jpg\", \"path\": null, \"size\": 52.03, \"width\": 603, \"height\": 750}, \"thumbnail\": {\"ext\": \".jpg\", \"url\": \"/uploads/thumbnail_His_Excellency_Hamad_Abdullah_Abdul_Rahman_Al_Helou_e5bfa3c3e7.jpg\", \"hash\": \"thumbnail_His_Excellency_Hamad_Abdullah_Abdul_Rahman_Al_Helou_e5bfa3c3e7\", \"mime\": \"image/jpeg\", \"name\": \"thumbnail_His Excellency Hamad Abdullah Abdul Rahman Al-Helou.jpg\", \"path\": null, \"size\": 3.92, \"width\": 125, \"height\": 156}}','His_Excellency_Hamad_Abdullah_Abdul_Rahman_Al_Helou_e5bfa3c3e7','.jpg','image/jpeg',688.87,'/uploads/His_Excellency_Hamad_Abdullah_Abdul_Rahman_Al_Helou_e5bfa3c3e7.jpg',NULL,'local',NULL,'/3/5/9','2024-03-21 09:29:22.723000','2024-03-21 09:29:22.723000',1,1),(43,'His Excellency Khalfan Mohammed Khalfan Al Ruwaimah Al Muhairi.jpg',NULL,NULL,2606,3242,'{\"large\": {\"ext\": \".jpg\", \"url\": \"/uploads/large_His_Excellency_Khalfan_Mohammed_Khalfan_Al_Ruwaimah_Al_Muhairi_237abe331d.jpg\", \"hash\": \"large_His_Excellency_Khalfan_Mohammed_Khalfan_Al_Ruwaimah_Al_Muhairi_237abe331d\", \"mime\": \"image/jpeg\", \"name\": \"large_His Excellency Khalfan Mohammed Khalfan Al Ruwaimah Al Muhairi.jpg\", \"path\": null, \"size\": 78.2, \"width\": 804, \"height\": 1000}, \"small\": {\"ext\": \".jpg\", \"url\": \"/uploads/small_His_Excellency_Khalfan_Mohammed_Khalfan_Al_Ruwaimah_Al_Muhairi_237abe331d.jpg\", \"hash\": \"small_His_Excellency_Khalfan_Mohammed_Khalfan_Al_Ruwaimah_Al_Muhairi_237abe331d\", \"mime\": \"image/jpeg\", \"name\": \"small_His Excellency Khalfan Mohammed Khalfan Al Ruwaimah Al Muhairi.jpg\", \"path\": null, \"size\": 23.48, \"width\": 402, \"height\": 500}, \"medium\": {\"ext\": \".jpg\", \"url\": \"/uploads/medium_His_Excellency_Khalfan_Mohammed_Khalfan_Al_Ruwaimah_Al_Muhairi_237abe331d.jpg\", \"hash\": \"medium_His_Excellency_Khalfan_Mohammed_Khalfan_Al_Ruwaimah_Al_Muhairi_237abe331d\", \"mime\": \"image/jpeg\", \"name\": \"medium_His Excellency Khalfan Mohammed Khalfan Al Ruwaimah Al Muhairi.jpg\", \"path\": null, \"size\": 47.48, \"width\": 603, \"height\": 750}, \"thumbnail\": {\"ext\": \".jpg\", \"url\": \"/uploads/thumbnail_His_Excellency_Khalfan_Mohammed_Khalfan_Al_Ruwaimah_Al_Muhairi_237abe331d.jpg\", \"hash\": \"thumbnail_His_Excellency_Khalfan_Mohammed_Khalfan_Al_Ruwaimah_Al_Muhairi_237abe331d\", \"mime\": \"image/jpeg\", \"name\": \"thumbnail_His Excellency Khalfan Mohammed Khalfan Al Ruwaimah Al Muhairi.jpg\", \"path\": null, \"size\": 3.69, \"width\": 125, \"height\": 156}}','His_Excellency_Khalfan_Mohammed_Khalfan_Al_Ruwaimah_Al_Muhairi_237abe331d','.jpg','image/jpeg',539.29,'/uploads/His_Excellency_Khalfan_Mohammed_Khalfan_Al_Ruwaimah_Al_Muhairi_237abe331d.jpg',NULL,'local',NULL,'/3/5/9','2024-03-21 09:29:23.071000','2024-03-21 09:29:23.071000',1,1),(44,'His Excellency Nasser Hamdan Nasser Aboudi.jpg',NULL,NULL,1877,2597,'{\"large\": {\"ext\": \".jpg\", \"url\": \"/uploads/large_His_Excellency_Nasser_Hamdan_Nasser_Aboudi_3e23298e04.jpg\", \"hash\": \"large_His_Excellency_Nasser_Hamdan_Nasser_Aboudi_3e23298e04\", \"mime\": \"image/jpeg\", \"name\": \"large_His Excellency Nasser Hamdan Nasser Aboudi.jpg\", \"path\": null, \"size\": 49.03, \"width\": 723, \"height\": 1000}, \"small\": {\"ext\": \".jpg\", \"url\": \"/uploads/small_His_Excellency_Nasser_Hamdan_Nasser_Aboudi_3e23298e04.jpg\", \"hash\": \"small_His_Excellency_Nasser_Hamdan_Nasser_Aboudi_3e23298e04\", \"mime\": \"image/jpeg\", \"name\": \"small_His Excellency Nasser Hamdan Nasser Aboudi.jpg\", \"path\": null, \"size\": 18.2, \"width\": 361, \"height\": 500}, \"medium\": {\"ext\": \".jpg\", \"url\": \"/uploads/medium_His_Excellency_Nasser_Hamdan_Nasser_Aboudi_3e23298e04.jpg\", \"hash\": \"medium_His_Excellency_Nasser_Hamdan_Nasser_Aboudi_3e23298e04\", \"mime\": \"image/jpeg\", \"name\": \"medium_His Excellency Nasser Hamdan Nasser Aboudi.jpg\", \"path\": null, \"size\": 32.57, \"width\": 542, \"height\": 750}, \"thumbnail\": {\"ext\": \".jpg\", \"url\": \"/uploads/thumbnail_His_Excellency_Nasser_Hamdan_Nasser_Aboudi_3e23298e04.jpg\", \"hash\": \"thumbnail_His_Excellency_Nasser_Hamdan_Nasser_Aboudi_3e23298e04\", \"mime\": \"image/jpeg\", \"name\": \"thumbnail_His Excellency Nasser Hamdan Nasser Aboudi.jpg\", \"path\": null, \"size\": 3.51, \"width\": 113, \"height\": 156}}','His_Excellency_Nasser_Hamdan_Nasser_Aboudi_3e23298e04','.jpg','image/jpeg',146.92,'/uploads/His_Excellency_Nasser_Hamdan_Nasser_Aboudi_3e23298e04.jpg',NULL,'local',NULL,'/3/5/9','2024-03-21 09:29:23.247000','2024-03-21 09:29:23.247000',1,1),(45,'His Excellency Khamis Saif Rashid bin Suef Al Ali.jpg',NULL,NULL,2606,3242,'{\"large\": {\"ext\": \".jpg\", \"url\": \"/uploads/large_His_Excellency_Khamis_Saif_Rashid_bin_Suef_Al_Ali_4b35271097.jpg\", \"hash\": \"large_His_Excellency_Khamis_Saif_Rashid_bin_Suef_Al_Ali_4b35271097\", \"mime\": \"image/jpeg\", \"name\": \"large_His Excellency Khamis Saif Rashid bin Suef Al Ali.jpg\", \"path\": null, \"size\": 95.07, \"width\": 804, \"height\": 1000}, \"small\": {\"ext\": \".jpg\", \"url\": \"/uploads/small_His_Excellency_Khamis_Saif_Rashid_bin_Suef_Al_Ali_4b35271097.jpg\", \"hash\": \"small_His_Excellency_Khamis_Saif_Rashid_bin_Suef_Al_Ali_4b35271097\", \"mime\": \"image/jpeg\", \"name\": \"small_His Excellency Khamis Saif Rashid bin Suef Al Ali.jpg\", \"path\": null, \"size\": 27.24, \"width\": 402, \"height\": 500}, \"medium\": {\"ext\": \".jpg\", \"url\": \"/uploads/medium_His_Excellency_Khamis_Saif_Rashid_bin_Suef_Al_Ali_4b35271097.jpg\", \"hash\": \"medium_His_Excellency_Khamis_Saif_Rashid_bin_Suef_Al_Ali_4b35271097\", \"mime\": \"image/jpeg\", \"name\": \"medium_His Excellency Khamis Saif Rashid bin Suef Al Ali.jpg\", \"path\": null, \"size\": 56.34, \"width\": 603, \"height\": 750}, \"thumbnail\": {\"ext\": \".jpg\", \"url\": \"/uploads/thumbnail_His_Excellency_Khamis_Saif_Rashid_bin_Suef_Al_Ali_4b35271097.jpg\", \"hash\": \"thumbnail_His_Excellency_Khamis_Saif_Rashid_bin_Suef_Al_Ali_4b35271097\", \"mime\": \"image/jpeg\", \"name\": \"thumbnail_His Excellency Khamis Saif Rashid bin Suef Al Ali.jpg\", \"path\": null, \"size\": 4.1, \"width\": 125, \"height\": 156}}','His_Excellency_Khamis_Saif_Rashid_bin_Suef_Al_Ali_4b35271097','.jpg','image/jpeg',772.67,'/uploads/His_Excellency_Khamis_Saif_Rashid_bin_Suef_Al_Ali_4b35271097.jpg',NULL,'local',NULL,'/3/5/9','2024-03-21 09:29:23.417000','2024-03-21 09:29:23.417000',1,1),(46,'His Excellency Muhammad Humaid Nasser Salem Al Owais.jpg',NULL,NULL,1440,2209,'{\"large\": {\"ext\": \".jpg\", \"url\": \"/uploads/large_His_Excellency_Muhammad_Humaid_Nasser_Salem_Al_Owais_09a533a734.jpg\", \"hash\": \"large_His_Excellency_Muhammad_Humaid_Nasser_Salem_Al_Owais_09a533a734\", \"mime\": \"image/jpeg\", \"name\": \"large_His Excellency Muhammad Humaid Nasser Salem Al Owais.jpg\", \"path\": null, \"size\": 45.28, \"width\": 652, \"height\": 1000}, \"small\": {\"ext\": \".jpg\", \"url\": \"/uploads/small_His_Excellency_Muhammad_Humaid_Nasser_Salem_Al_Owais_09a533a734.jpg\", \"hash\": \"small_His_Excellency_Muhammad_Humaid_Nasser_Salem_Al_Owais_09a533a734\", \"mime\": \"image/jpeg\", \"name\": \"small_His Excellency Muhammad Humaid Nasser Salem Al Owais.jpg\", \"path\": null, \"size\": 16.65, \"width\": 326, \"height\": 500}, \"medium\": {\"ext\": \".jpg\", \"url\": \"/uploads/medium_His_Excellency_Muhammad_Humaid_Nasser_Salem_Al_Owais_09a533a734.jpg\", \"hash\": \"medium_His_Excellency_Muhammad_Humaid_Nasser_Salem_Al_Owais_09a533a734\", \"mime\": \"image/jpeg\", \"name\": \"medium_His Excellency Muhammad Humaid Nasser Salem Al Owais.jpg\", \"path\": null, \"size\": 30.31, \"width\": 489, \"height\": 750}, \"thumbnail\": {\"ext\": \".jpg\", \"url\": \"/uploads/thumbnail_His_Excellency_Muhammad_Humaid_Nasser_Salem_Al_Owais_09a533a734.jpg\", \"hash\": \"thumbnail_His_Excellency_Muhammad_Humaid_Nasser_Salem_Al_Owais_09a533a734\", \"mime\": \"image/jpeg\", \"name\": \"thumbnail_His Excellency Muhammad Humaid Nasser Salem Al Owais.jpg\", \"path\": null, \"size\": 3.16, \"width\": 102, \"height\": 156}}','His_Excellency_Muhammad_Humaid_Nasser_Salem_Al_Owais_09a533a734','.jpg','image/jpeg',106.56,'/uploads/His_Excellency_Muhammad_Humaid_Nasser_Salem_Al_Owais_09a533a734.jpg',NULL,'local',NULL,'/3/5/9','2024-03-21 09:29:23.508000','2024-03-21 09:29:23.508000',1,1),(47,'His Excellency Issa Obaid Khalifa bin Ghanem Al-Humairi.jpg',NULL,NULL,2606,3242,'{\"large\": {\"ext\": \".jpg\", \"url\": \"/uploads/large_His_Excellency_Issa_Obaid_Khalifa_bin_Ghanem_Al_Humairi_452d296503.jpg\", \"hash\": \"large_His_Excellency_Issa_Obaid_Khalifa_bin_Ghanem_Al_Humairi_452d296503\", \"mime\": \"image/jpeg\", \"name\": \"large_His Excellency Issa Obaid Khalifa bin Ghanem Al-Humairi.jpg\", \"path\": null, \"size\": 80.59, \"width\": 804, \"height\": 1000}, \"small\": {\"ext\": \".jpg\", \"url\": \"/uploads/small_His_Excellency_Issa_Obaid_Khalifa_bin_Ghanem_Al_Humairi_452d296503.jpg\", \"hash\": \"small_His_Excellency_Issa_Obaid_Khalifa_bin_Ghanem_Al_Humairi_452d296503\", \"mime\": \"image/jpeg\", \"name\": \"small_His Excellency Issa Obaid Khalifa bin Ghanem Al-Humairi.jpg\", \"path\": null, \"size\": 23.42, \"width\": 402, \"height\": 500}, \"medium\": {\"ext\": \".jpg\", \"url\": \"/uploads/medium_His_Excellency_Issa_Obaid_Khalifa_bin_Ghanem_Al_Humairi_452d296503.jpg\", \"hash\": \"medium_His_Excellency_Issa_Obaid_Khalifa_bin_Ghanem_Al_Humairi_452d296503\", \"mime\": \"image/jpeg\", \"name\": \"medium_His Excellency Issa Obaid Khalifa bin Ghanem Al-Humairi.jpg\", \"path\": null, \"size\": 47.46, \"width\": 603, \"height\": 750}, \"thumbnail\": {\"ext\": \".jpg\", \"url\": \"/uploads/thumbnail_His_Excellency_Issa_Obaid_Khalifa_bin_Ghanem_Al_Humairi_452d296503.jpg\", \"hash\": \"thumbnail_His_Excellency_Issa_Obaid_Khalifa_bin_Ghanem_Al_Humairi_452d296503\", \"mime\": \"image/jpeg\", \"name\": \"thumbnail_His Excellency Issa Obaid Khalifa bin Ghanem Al-Humairi.jpg\", \"path\": null, \"size\": 3.86, \"width\": 125, \"height\": 156}}','His_Excellency_Issa_Obaid_Khalifa_bin_Ghanem_Al_Humairi_452d296503','.jpg','image/jpeg',664.76,'/uploads/His_Excellency_Issa_Obaid_Khalifa_bin_Ghanem_Al_Humairi_452d296503.jpg',NULL,'local',NULL,'/3/5/9','2024-03-21 09:31:45.819000','2024-03-21 09:31:45.819000',1,1),(48,'His Excellency Jihad Rashed Saif Juma Al Zaabi.jpg',NULL,NULL,2606,3242,'{\"large\": {\"ext\": \".jpg\", \"url\": \"/uploads/large_His_Excellency_Jihad_Rashed_Saif_Juma_Al_Zaabi_5c13957647.jpg\", \"hash\": \"large_His_Excellency_Jihad_Rashed_Saif_Juma_Al_Zaabi_5c13957647\", \"mime\": \"image/jpeg\", \"name\": \"large_His Excellency Jihad Rashed Saif Juma Al Zaabi.jpg\", \"path\": null, \"size\": 95.22, \"width\": 804, \"height\": 1000}, \"small\": {\"ext\": \".jpg\", \"url\": \"/uploads/small_His_Excellency_Jihad_Rashed_Saif_Juma_Al_Zaabi_5c13957647.jpg\", \"hash\": \"small_His_Excellency_Jihad_Rashed_Saif_Juma_Al_Zaabi_5c13957647\", \"mime\": \"image/jpeg\", \"name\": \"small_His Excellency Jihad Rashed Saif Juma Al Zaabi.jpg\", \"path\": null, \"size\": 27.13, \"width\": 402, \"height\": 500}, \"medium\": {\"ext\": \".jpg\", \"url\": \"/uploads/medium_His_Excellency_Jihad_Rashed_Saif_Juma_Al_Zaabi_5c13957647.jpg\", \"hash\": \"medium_His_Excellency_Jihad_Rashed_Saif_Juma_Al_Zaabi_5c13957647\", \"mime\": \"image/jpeg\", \"name\": \"medium_His Excellency Jihad Rashed Saif Juma Al Zaabi.jpg\", \"path\": null, \"size\": 56.39, \"width\": 603, \"height\": 750}, \"thumbnail\": {\"ext\": \".jpg\", \"url\": \"/uploads/thumbnail_His_Excellency_Jihad_Rashed_Saif_Juma_Al_Zaabi_5c13957647.jpg\", \"hash\": \"thumbnail_His_Excellency_Jihad_Rashed_Saif_Juma_Al_Zaabi_5c13957647\", \"mime\": \"image/jpeg\", \"name\": \"thumbnail_His Excellency Jihad Rashed Saif Juma Al Zaabi.jpg\", \"path\": null, \"size\": 4.26, \"width\": 125, \"height\": 156}}','His_Excellency_Jihad_Rashed_Saif_Juma_Al_Zaabi_5c13957647','.jpg','image/jpeg',696.16,'/uploads/His_Excellency_Jihad_Rashed_Saif_Juma_Al_Zaabi_5c13957647.jpg',NULL,'local',NULL,'/3/5/9','2024-03-21 09:31:46.570000','2024-03-21 09:31:46.570000',1,1),(49,'His Excellency Khaled Abdul Latif Amin Mohammed Al-Nimr.jpg',NULL,NULL,2606,3242,'{\"large\": {\"ext\": \".jpg\", \"url\": \"/uploads/large_His_Excellency_Khaled_Abdul_Latif_Amin_Mohammed_Al_Nimr_6af2a8867a.jpg\", \"hash\": \"large_His_Excellency_Khaled_Abdul_Latif_Amin_Mohammed_Al_Nimr_6af2a8867a\", \"mime\": \"image/jpeg\", \"name\": \"large_His Excellency Khaled Abdul Latif Amin Mohammed Al-Nimr.jpg\", \"path\": null, \"size\": 74.61, \"width\": 804, \"height\": 1000}, \"small\": {\"ext\": \".jpg\", \"url\": \"/uploads/small_His_Excellency_Khaled_Abdul_Latif_Amin_Mohammed_Al_Nimr_6af2a8867a.jpg\", \"hash\": \"small_His_Excellency_Khaled_Abdul_Latif_Amin_Mohammed_Al_Nimr_6af2a8867a\", \"mime\": \"image/jpeg\", \"name\": \"small_His Excellency Khaled Abdul Latif Amin Mohammed Al-Nimr.jpg\", \"path\": null, \"size\": 22.51, \"width\": 402, \"height\": 500}, \"medium\": {\"ext\": \".jpg\", \"url\": \"/uploads/medium_His_Excellency_Khaled_Abdul_Latif_Amin_Mohammed_Al_Nimr_6af2a8867a.jpg\", \"hash\": \"medium_His_Excellency_Khaled_Abdul_Latif_Amin_Mohammed_Al_Nimr_6af2a8867a\", \"mime\": \"image/jpeg\", \"name\": \"medium_His Excellency Khaled Abdul Latif Amin Mohammed Al-Nimr.jpg\", \"path\": null, \"size\": 45.02, \"width\": 603, \"height\": 750}, \"thumbnail\": {\"ext\": \".jpg\", \"url\": \"/uploads/thumbnail_His_Excellency_Khaled_Abdul_Latif_Amin_Mohammed_Al_Nimr_6af2a8867a.jpg\", \"hash\": \"thumbnail_His_Excellency_Khaled_Abdul_Latif_Amin_Mohammed_Al_Nimr_6af2a8867a\", \"mime\": \"image/jpeg\", \"name\": \"thumbnail_His Excellency Khaled Abdul Latif Amin Mohammed Al-Nimr.jpg\", \"path\": null, \"size\": 3.76, \"width\": 125, \"height\": 156}}','His_Excellency_Khaled_Abdul_Latif_Amin_Mohammed_Al_Nimr_6af2a8867a','.jpg','image/jpeg',560.89,'/uploads/His_Excellency_Khaled_Abdul_Latif_Amin_Mohammed_Al_Nimr_6af2a8867a.jpg',NULL,'local',NULL,'/3/5/9','2024-03-21 09:31:46.719000','2024-03-21 09:31:46.719000',1,1),(51,'His Excellency Salem bin Ali Al Muhairi, Chairman of the Sharjah Municipal Council.jpg',NULL,NULL,2606,3242,'{\"large\": {\"ext\": \".jpg\", \"url\": \"/uploads/large_His_Excellency_Salem_bin_Ali_Al_Muhairi_Chairman_of_the_Sharjah_Municipal_Council_04acf911d0.jpg\", \"hash\": \"large_His_Excellency_Salem_bin_Ali_Al_Muhairi_Chairman_of_the_Sharjah_Municipal_Council_04acf911d0\", \"mime\": \"image/jpeg\", \"name\": \"large_His Excellency Salem bin Ali Al Muhairi, Chairman of the Sharjah Municipal Council.jpg\", \"path\": null, \"size\": 85.11, \"width\": 804, \"height\": 1000}, \"small\": {\"ext\": \".jpg\", \"url\": \"/uploads/small_His_Excellency_Salem_bin_Ali_Al_Muhairi_Chairman_of_the_Sharjah_Municipal_Council_04acf911d0.jpg\", \"hash\": \"small_His_Excellency_Salem_bin_Ali_Al_Muhairi_Chairman_of_the_Sharjah_Municipal_Council_04acf911d0\", \"mime\": \"image/jpeg\", \"name\": \"small_His Excellency Salem bin Ali Al Muhairi, Chairman of the Sharjah Municipal Council.jpg\", \"path\": null, \"size\": 24.57, \"width\": 402, \"height\": 500}, \"medium\": {\"ext\": \".jpg\", \"url\": \"/uploads/medium_His_Excellency_Salem_bin_Ali_Al_Muhairi_Chairman_of_the_Sharjah_Municipal_Council_04acf911d0.jpg\", \"hash\": \"medium_His_Excellency_Salem_bin_Ali_Al_Muhairi_Chairman_of_the_Sharjah_Municipal_Council_04acf911d0\", \"mime\": \"image/jpeg\", \"name\": \"medium_His Excellency Salem bin Ali Al Muhairi, Chairman of the Sharjah Municipal Council.jpg\", \"path\": null, \"size\": 50.74, \"width\": 603, \"height\": 750}, \"thumbnail\": {\"ext\": \".jpg\", \"url\": \"/uploads/thumbnail_His_Excellency_Salem_bin_Ali_Al_Muhairi_Chairman_of_the_Sharjah_Municipal_Council_04acf911d0.jpg\", \"hash\": \"thumbnail_His_Excellency_Salem_bin_Ali_Al_Muhairi_Chairman_of_the_Sharjah_Municipal_Council_04acf911d0\", \"mime\": \"image/jpeg\", \"name\": \"thumbnail_His Excellency Salem bin Ali Al Muhairi, Chairman of the Sharjah Municipal Council.jpg\", \"path\": null, \"size\": 3.88, \"width\": 125, \"height\": 156}}','His_Excellency_Salem_bin_Ali_Al_Muhairi_Chairman_of_the_Sharjah_Municipal_Council_04acf911d0','.jpg','image/jpeg',667.90,'/uploads/His_Excellency_Salem_bin_Ali_Al_Muhairi_Chairman_of_the_Sharjah_Municipal_Council_04acf911d0.jpg',NULL,'local',NULL,'/3/5/9','2024-03-21 09:31:59.853000','2024-03-21 09:31:59.853000',1,1),(52,'His Excellency Saif Salem Saeed Salem Al Suwaidi.jpg',NULL,NULL,2606,3242,'{\"large\": {\"ext\": \".jpg\", \"url\": \"/uploads/large_His_Excellency_Saif_Salem_Saeed_Salem_Al_Suwaidi_cd14fe78e5.jpg\", \"hash\": \"large_His_Excellency_Saif_Salem_Saeed_Salem_Al_Suwaidi_cd14fe78e5\", \"mime\": \"image/jpeg\", \"name\": \"large_His Excellency Saif Salem Saeed Salem Al Suwaidi.jpg\", \"path\": null, \"size\": 103.3, \"width\": 804, \"height\": 1000}, \"small\": {\"ext\": \".jpg\", \"url\": \"/uploads/small_His_Excellency_Saif_Salem_Saeed_Salem_Al_Suwaidi_cd14fe78e5.jpg\", \"hash\": \"small_His_Excellency_Saif_Salem_Saeed_Salem_Al_Suwaidi_cd14fe78e5\", \"mime\": \"image/jpeg\", \"name\": \"small_His Excellency Saif Salem Saeed Salem Al Suwaidi.jpg\", \"path\": null, \"size\": 28.6, \"width\": 402, \"height\": 500}, \"medium\": {\"ext\": \".jpg\", \"url\": \"/uploads/medium_His_Excellency_Saif_Salem_Saeed_Salem_Al_Suwaidi_cd14fe78e5.jpg\", \"hash\": \"medium_His_Excellency_Saif_Salem_Saeed_Salem_Al_Suwaidi_cd14fe78e5\", \"mime\": \"image/jpeg\", \"name\": \"medium_His Excellency Saif Salem Saeed Salem Al Suwaidi.jpg\", \"path\": null, \"size\": 60.68, \"width\": 603, \"height\": 750}, \"thumbnail\": {\"ext\": \".jpg\", \"url\": \"/uploads/thumbnail_His_Excellency_Saif_Salem_Saeed_Salem_Al_Suwaidi_cd14fe78e5.jpg\", \"hash\": \"thumbnail_His_Excellency_Saif_Salem_Saeed_Salem_Al_Suwaidi_cd14fe78e5\", \"mime\": \"image/jpeg\", \"name\": \"thumbnail_His Excellency Saif Salem Saeed Salem Al Suwaidi.jpg\", \"path\": null, \"size\": 4.2, \"width\": 125, \"height\": 156}}','His_Excellency_Saif_Salem_Saeed_Salem_Al_Suwaidi_cd14fe78e5','.jpg','image/jpeg',794.54,'/uploads/His_Excellency_Saif_Salem_Saeed_Salem_Al_Suwaidi_cd14fe78e5.jpg',NULL,'local',NULL,'/3/5/9','2024-03-21 09:32:58.648000','2024-03-21 09:32:58.648000',1,1),(54,'His Excellency Salem Mohammed Salem Saeed Al Mazrouei.jpg',NULL,NULL,1592,2283,'{\"large\": {\"ext\": \".jpg\", \"url\": \"/uploads/large_His_Excellency_Salem_Mohammed_Salem_Saeed_Al_Mazrouei_e2508cea92.jpg\", \"hash\": \"large_His_Excellency_Salem_Mohammed_Salem_Saeed_Al_Mazrouei_e2508cea92\", \"mime\": \"image/jpeg\", \"name\": \"large_His Excellency Salem Mohammed Salem Saeed Al Mazrouei.jpg\", \"path\": null, \"size\": 50.73, \"width\": 697, \"height\": 1000}, \"small\": {\"ext\": \".jpg\", \"url\": \"/uploads/small_His_Excellency_Salem_Mohammed_Salem_Saeed_Al_Mazrouei_e2508cea92.jpg\", \"hash\": \"small_His_Excellency_Salem_Mohammed_Salem_Saeed_Al_Mazrouei_e2508cea92\", \"mime\": \"image/jpeg\", \"name\": \"small_His Excellency Salem Mohammed Salem Saeed Al Mazrouei.jpg\", \"path\": null, \"size\": 19.85, \"width\": 349, \"height\": 500}, \"medium\": {\"ext\": \".jpg\", \"url\": \"/uploads/medium_His_Excellency_Salem_Mohammed_Salem_Saeed_Al_Mazrouei_e2508cea92.jpg\", \"hash\": \"medium_His_Excellency_Salem_Mohammed_Salem_Saeed_Al_Mazrouei_e2508cea92\", \"mime\": \"image/jpeg\", \"name\": \"medium_His Excellency Salem Mohammed Salem Saeed Al Mazrouei.jpg\", \"path\": null, \"size\": 34.64, \"width\": 523, \"height\": 750}, \"thumbnail\": {\"ext\": \".jpg\", \"url\": \"/uploads/thumbnail_His_Excellency_Salem_Mohammed_Salem_Saeed_Al_Mazrouei_e2508cea92.jpg\", \"hash\": \"thumbnail_His_Excellency_Salem_Mohammed_Salem_Saeed_Al_Mazrouei_e2508cea92\", \"mime\": \"image/jpeg\", \"name\": \"thumbnail_His Excellency Salem Mohammed Salem Saeed Al Mazrouei.jpg\", \"path\": null, \"size\": 3.68, \"width\": 109, \"height\": 156}}','His_Excellency_Salem_Mohammed_Salem_Saeed_Al_Mazrouei_e2508cea92','.jpg','image/jpeg',127.38,'/uploads/His_Excellency_Salem_Mohammed_Salem_Saeed_Al_Mazrouei_e2508cea92.jpg',NULL,'local',NULL,'/3/5/9','2024-03-21 09:33:42.630000','2024-03-21 09:33:42.630000',1,1),(55,'His Excellency Walid Rashid Khalifa Demas.jpg',NULL,NULL,2606,3242,'{\"large\": {\"ext\": \".jpg\", \"url\": \"/uploads/large_His_Excellency_Walid_Rashid_Khalifa_Demas_042221d678.jpg\", \"hash\": \"large_His_Excellency_Walid_Rashid_Khalifa_Demas_042221d678\", \"mime\": \"image/jpeg\", \"name\": \"large_His Excellency Walid Rashid Khalifa Demas.jpg\", \"path\": null, \"size\": 89.37, \"width\": 804, \"height\": 1000}, \"small\": {\"ext\": \".jpg\", \"url\": \"/uploads/small_His_Excellency_Walid_Rashid_Khalifa_Demas_042221d678.jpg\", \"hash\": \"small_His_Excellency_Walid_Rashid_Khalifa_Demas_042221d678\", \"mime\": \"image/jpeg\", \"name\": \"small_His Excellency Walid Rashid Khalifa Demas.jpg\", \"path\": null, \"size\": 25.5, \"width\": 402, \"height\": 500}, \"medium\": {\"ext\": \".jpg\", \"url\": \"/uploads/medium_His_Excellency_Walid_Rashid_Khalifa_Demas_042221d678.jpg\", \"hash\": \"medium_His_Excellency_Walid_Rashid_Khalifa_Demas_042221d678\", \"mime\": \"image/jpeg\", \"name\": \"medium_His Excellency Walid Rashid Khalifa Demas.jpg\", \"path\": null, \"size\": 53.09, \"width\": 603, \"height\": 750}, \"thumbnail\": {\"ext\": \".jpg\", \"url\": \"/uploads/thumbnail_His_Excellency_Walid_Rashid_Khalifa_Demas_042221d678.jpg\", \"hash\": \"thumbnail_His_Excellency_Walid_Rashid_Khalifa_Demas_042221d678\", \"mime\": \"image/jpeg\", \"name\": \"thumbnail_His Excellency Walid Rashid Khalifa Demas.jpg\", \"path\": null, \"size\": 3.94, \"width\": 125, \"height\": 156}}','His_Excellency_Walid_Rashid_Khalifa_Demas_042221d678','.jpg','image/jpeg',675.37,'/uploads/His_Excellency_Walid_Rashid_Khalifa_Demas_042221d678.jpg',NULL,'local',NULL,'/3/5/9','2024-03-21 09:34:18.793000','2024-03-21 09:34:18.793000',1,1),(56,'img3.jpg',NULL,NULL,646,400,'{\"small\": {\"ext\": \".jpg\", \"url\": \"/uploads/small_img3_d245f8624c.jpg\", \"hash\": \"small_img3_d245f8624c\", \"mime\": \"image/jpeg\", \"name\": \"small_img3.jpg\", \"path\": null, \"size\": 47.97, \"width\": 500, \"height\": 310}, \"thumbnail\": {\"ext\": \".jpg\", \"url\": \"/uploads/thumbnail_img3_d245f8624c.jpg\", \"hash\": \"thumbnail_img3_d245f8624c\", \"mime\": \"image/jpeg\", \"name\": \"thumbnail_img3.jpg\", \"path\": null, \"size\": 12.97, \"width\": 245, \"height\": 152}}','img3_d245f8624c','.jpg','image/jpeg',75.29,'/uploads/img3_d245f8624c.jpg',NULL,'local',NULL,'/24/31','2024-03-21 15:09:41.306000','2024-03-21 15:09:41.306000',1,1),(57,'logo3.jpg',NULL,NULL,400,400,'{\"thumbnail\": {\"ext\": \".jpg\", \"url\": \"/uploads/thumbnail_logo3_e614fba734.jpg\", \"hash\": \"thumbnail_logo3_e614fba734\", \"mime\": \"image/jpeg\", \"name\": \"thumbnail_logo3.jpg\", \"path\": null, \"size\": 7.58, \"width\": 156, \"height\": 156}}','logo3_e614fba734','.jpg','image/jpeg',27.31,'/uploads/logo3_e614fba734.jpg',NULL,'local',NULL,'/24/31','2024-03-21 15:10:21.972000','2024-03-21 15:10:21.972000',1,1),(58,'img5.jpg',NULL,NULL,576,762,'{\"small\": {\"ext\": \".jpg\", \"url\": \"/uploads/small_img5_320f9a5527.jpg\", \"hash\": \"small_img5_320f9a5527\", \"mime\": \"image/jpeg\", \"name\": \"small_img5.jpg\", \"path\": null, \"size\": 17.2, \"width\": 378, \"height\": 500}, \"medium\": {\"ext\": \".jpg\", \"url\": \"/uploads/medium_img5_320f9a5527.jpg\", \"hash\": \"medium_img5_320f9a5527\", \"mime\": \"image/jpeg\", \"name\": \"medium_img5.jpg\", \"path\": null, \"size\": 29.82, \"width\": 567, \"height\": 750}, \"thumbnail\": {\"ext\": \".jpg\", \"url\": \"/uploads/thumbnail_img5_320f9a5527.jpg\", \"hash\": \"thumbnail_img5_320f9a5527\", \"mime\": \"image/jpeg\", \"name\": \"thumbnail_img5.jpg\", \"path\": null, \"size\": 3.49, \"width\": 118, \"height\": 156}}','img5_320f9a5527','.jpg','image/jpeg',27.64,'/uploads/img5_320f9a5527.jpg',NULL,'local',NULL,'/3/5/11','2024-03-21 15:15:11.919000','2024-03-21 15:15:11.919000',1,1),(59,'img4.jpg',NULL,NULL,819,1024,'{\"large\": {\"ext\": \".jpg\", \"url\": \"/uploads/large_img4_33d8c4e72c.jpg\", \"hash\": \"large_img4_33d8c4e72c\", \"mime\": \"image/jpeg\", \"name\": \"large_img4.jpg\", \"path\": null, \"size\": 62.45, \"width\": 800, \"height\": 1000}, \"small\": {\"ext\": \".jpg\", \"url\": \"/uploads/small_img4_33d8c4e72c.jpg\", \"hash\": \"small_img4_33d8c4e72c\", \"mime\": \"image/jpeg\", \"name\": \"small_img4.jpg\", \"path\": null, \"size\": 18.22, \"width\": 400, \"height\": 500}, \"medium\": {\"ext\": \".jpg\", \"url\": \"/uploads/medium_img4_33d8c4e72c.jpg\", \"hash\": \"medium_img4_33d8c4e72c\", \"mime\": \"image/jpeg\", \"name\": \"medium_img4.jpg\", \"path\": null, \"size\": 37.58, \"width\": 600, \"height\": 750}, \"thumbnail\": {\"ext\": \".jpg\", \"url\": \"/uploads/thumbnail_img4_33d8c4e72c.jpg\", \"hash\": \"thumbnail_img4_33d8c4e72c\", \"mime\": \"image/jpeg\", \"name\": \"thumbnail_img4.jpg\", \"path\": null, \"size\": 3.09, \"width\": 124, \"height\": 156}}','img4_33d8c4e72c','.jpg','image/jpeg',55.83,'/uploads/img4_33d8c4e72c.jpg',NULL,'local',NULL,'/3/5/11','2024-03-21 15:15:12.130000','2024-03-21 15:15:12.130000',1,1),(60,'img1.png',NULL,NULL,447,559,'{\"small\": {\"ext\": \".png\", \"url\": \"/uploads/small_img1_af02b184ae.png\", \"hash\": \"small_img1_af02b184ae\", \"mime\": \"image/png\", \"name\": \"small_img1.png\", \"path\": null, \"size\": 328.37, \"width\": 400, \"height\": 500}, \"thumbnail\": {\"ext\": \".png\", \"url\": \"/uploads/thumbnail_img1_af02b184ae.png\", \"hash\": \"thumbnail_img1_af02b184ae\", \"mime\": \"image/png\", \"name\": \"thumbnail_img1.png\", \"path\": null, \"size\": 40.63, \"width\": 125, \"height\": 156}}','img1_af02b184ae','.png','image/png',99.42,'/uploads/img1_af02b184ae.png',NULL,'local',NULL,'/3/5/11','2024-03-21 15:15:12.577000','2024-03-21 15:15:12.577000',1,1),(61,'img3.png',NULL,NULL,447,559,'{\"small\": {\"ext\": \".png\", \"url\": \"/uploads/small_img3_3fe0c6be96.png\", \"hash\": \"small_img3_3fe0c6be96\", \"mime\": \"image/png\", \"name\": \"small_img3.png\", \"path\": null, \"size\": 271.67, \"width\": 400, \"height\": 500}, \"thumbnail\": {\"ext\": \".png\", \"url\": \"/uploads/thumbnail_img3_3fe0c6be96.png\", \"hash\": \"thumbnail_img3_3fe0c6be96\", \"mime\": \"image/png\", \"name\": \"thumbnail_img3.png\", \"path\": null, \"size\": 37.52, \"width\": 125, \"height\": 156}}','img3_3fe0c6be96','.png','image/png',78.38,'/uploads/img3_3fe0c6be96.png',NULL,'local',NULL,'/3/5/11','2024-03-21 15:15:12.635000','2024-03-21 15:15:12.635000',1,1),(62,'img2.png',NULL,NULL,819,1024,'{\"large\": {\"ext\": \".png\", \"url\": \"/uploads/large_img2_b7f93dfc5d.png\", \"hash\": \"large_img2_b7f93dfc5d\", \"mime\": \"image/png\", \"name\": \"large_img2.png\", \"path\": null, \"size\": 858.06, \"width\": 800, \"height\": 1000}, \"small\": {\"ext\": \".png\", \"url\": \"/uploads/small_img2_b7f93dfc5d.png\", \"hash\": \"small_img2_b7f93dfc5d\", \"mime\": \"image/png\", \"name\": \"small_img2.png\", \"path\": null, \"size\": 259.31, \"width\": 400, \"height\": 500}, \"medium\": {\"ext\": \".png\", \"url\": \"/uploads/medium_img2_b7f93dfc5d.png\", \"hash\": \"medium_img2_b7f93dfc5d\", \"mime\": \"image/png\", \"name\": \"medium_img2.png\", \"path\": null, \"size\": 542.92, \"width\": 600, \"height\": 750}, \"thumbnail\": {\"ext\": \".png\", \"url\": \"/uploads/thumbnail_img2_b7f93dfc5d.png\", \"hash\": \"thumbnail_img2_b7f93dfc5d\", \"mime\": \"image/png\", \"name\": \"thumbnail_img2.png\", \"path\": null, \"size\": 34.03, \"width\": 125, \"height\": 156}}','img2_b7f93dfc5d','.png','image/png',195.00,'/uploads/img2_b7f93dfc5d.png',NULL,'local',NULL,'/3/5/11','2024-03-21 15:15:14.089000','2024-03-21 15:15:14.089000',1,1),(63,'img7.jpg',NULL,NULL,1024,1280,'{\"large\": {\"ext\": \".jpg\", \"url\": \"/uploads/large_img7_852e1f4415.jpg\", \"hash\": \"large_img7_852e1f4415\", \"mime\": \"image/jpeg\", \"name\": \"large_img7.jpg\", \"path\": null, \"size\": 53.64, \"width\": 800, \"height\": 1000}, \"small\": {\"ext\": \".jpg\", \"url\": \"/uploads/small_img7_852e1f4415.jpg\", \"hash\": \"small_img7_852e1f4415\", \"mime\": \"image/jpeg\", \"name\": \"small_img7.jpg\", \"path\": null, \"size\": 19.13, \"width\": 400, \"height\": 500}, \"medium\": {\"ext\": \".jpg\", \"url\": \"/uploads/medium_img7_852e1f4415.jpg\", \"hash\": \"medium_img7_852e1f4415\", \"mime\": \"image/jpeg\", \"name\": \"medium_img7.jpg\", \"path\": null, \"size\": 35.1, \"width\": 600, \"height\": 750}, \"thumbnail\": {\"ext\": \".jpg\", \"url\": \"/uploads/thumbnail_img7_852e1f4415.jpg\", \"hash\": \"thumbnail_img7_852e1f4415\", \"mime\": \"image/jpeg\", \"name\": \"thumbnail_img7.jpg\", \"path\": null, \"size\": 3.71, \"width\": 125, \"height\": 156}}','img7_852e1f4415','.jpg','image/jpeg',67.99,'/uploads/img7_852e1f4415.jpg',NULL,'local',NULL,'/3/5/11','2024-03-21 15:15:32.185000','2024-03-21 15:15:32.185000',1,1),(64,'img8.jpg',NULL,NULL,1024,1280,'{\"large\": {\"ext\": \".jpg\", \"url\": \"/uploads/large_img8_6e89b77d3a.jpg\", \"hash\": \"large_img8_6e89b77d3a\", \"mime\": \"image/jpeg\", \"name\": \"large_img8.jpg\", \"path\": null, \"size\": 52.89, \"width\": 800, \"height\": 1000}, \"small\": {\"ext\": \".jpg\", \"url\": \"/uploads/small_img8_6e89b77d3a.jpg\", \"hash\": \"small_img8_6e89b77d3a\", \"mime\": \"image/jpeg\", \"name\": \"small_img8.jpg\", \"path\": null, \"size\": 17.05, \"width\": 400, \"height\": 500}, \"medium\": {\"ext\": \".jpg\", \"url\": \"/uploads/medium_img8_6e89b77d3a.jpg\", \"hash\": \"medium_img8_6e89b77d3a\", \"mime\": \"image/jpeg\", \"name\": \"medium_img8.jpg\", \"path\": null, \"size\": 33.11, \"width\": 600, \"height\": 750}, \"thumbnail\": {\"ext\": \".jpg\", \"url\": \"/uploads/thumbnail_img8_6e89b77d3a.jpg\", \"hash\": \"thumbnail_img8_6e89b77d3a\", \"mime\": \"image/jpeg\", \"name\": \"thumbnail_img8.jpg\", \"path\": null, \"size\": 3.08, \"width\": 125, \"height\": 156}}','img8_6e89b77d3a','.jpg','image/jpeg',67.29,'/uploads/img8_6e89b77d3a.jpg',NULL,'local',NULL,'/3/5/11','2024-03-21 15:15:32.313000','2024-03-21 15:15:32.313000',1,1),(65,'img6.png',NULL,NULL,447,559,'{\"small\": {\"ext\": \".png\", \"url\": \"/uploads/small_img6_da50a57b78.png\", \"hash\": \"small_img6_da50a57b78\", \"mime\": \"image/png\", \"name\": \"small_img6.png\", \"path\": null, \"size\": 321.53, \"width\": 400, \"height\": 500}, \"thumbnail\": {\"ext\": \".png\", \"url\": \"/uploads/thumbnail_img6_da50a57b78.png\", \"hash\": \"thumbnail_img6_da50a57b78\", \"mime\": \"image/png\", \"name\": \"thumbnail_img6.png\", \"path\": null, \"size\": 39.42, \"width\": 125, \"height\": 156}}','img6_da50a57b78','.png','image/png',109.13,'/uploads/img6_da50a57b78.png',NULL,'local',NULL,'/3/5/11','2024-03-21 15:15:32.631000','2024-03-21 15:15:32.631000',1,1),(66,'img5.jpg',NULL,NULL,646,400,'{\"small\": {\"ext\": \".jpg\", \"url\": \"/uploads/small_img5_cc28ab232e.jpg\", \"hash\": \"small_img5_cc28ab232e\", \"mime\": \"image/jpeg\", \"name\": \"small_img5.jpg\", \"path\": null, \"size\": 29.96, \"width\": 500, \"height\": 310}, \"thumbnail\": {\"ext\": \".jpg\", \"url\": \"/uploads/thumbnail_img5_cc28ab232e.jpg\", \"hash\": \"thumbnail_img5_cc28ab232e\", \"mime\": \"image/jpeg\", \"name\": \"thumbnail_img5.jpg\", \"path\": null, \"size\": 7.93, \"width\": 245, \"height\": 152}}','img5_cc28ab232e','.jpg','image/jpeg',49.25,'/uploads/img5_cc28ab232e.jpg',NULL,'local',NULL,'/24/30','2024-03-21 15:28:10.826000','2024-03-21 15:28:10.826000',1,1),(67,'logo5.jpg',NULL,NULL,825,825,'{\"small\": {\"ext\": \".jpg\", \"url\": \"/uploads/small_logo5_2e51e7210a.jpg\", \"hash\": \"small_logo5_2e51e7210a\", \"mime\": \"image/jpeg\", \"name\": \"small_logo5.jpg\", \"path\": null, \"size\": 44.94, \"width\": 500, \"height\": 500}, \"medium\": {\"ext\": \".jpg\", \"url\": \"/uploads/medium_logo5_2e51e7210a.jpg\", \"hash\": \"medium_logo5_2e51e7210a\", \"mime\": \"image/jpeg\", \"name\": \"medium_logo5.jpg\", \"path\": null, \"size\": 76.47, \"width\": 750, \"height\": 750}, \"thumbnail\": {\"ext\": \".jpg\", \"url\": \"/uploads/thumbnail_logo5_2e51e7210a.jpg\", \"hash\": \"thumbnail_logo5_2e51e7210a\", \"mime\": \"image/jpeg\", \"name\": \"thumbnail_logo5.jpg\", \"path\": null, \"size\": 8.13, \"width\": 156, \"height\": 156}}','logo5_2e51e7210a','.jpg','image/jpeg',67.96,'/uploads/logo5_2e51e7210a.jpg',NULL,'local',NULL,'/24/30','2024-03-21 15:28:10.886000','2024-03-21 15:28:10.886000',1,1),(68,'1.png',NULL,NULL,447,559,'{\"small\": {\"ext\": \".png\", \"url\": \"/uploads/small_1_cb38c6c1cb.png\", \"hash\": \"small_1_cb38c6c1cb\", \"mime\": \"image/png\", \"name\": \"small_1.png\", \"path\": null, \"size\": 196.53, \"width\": 400, \"height\": 500}, \"thumbnail\": {\"ext\": \".png\", \"url\": \"/uploads/thumbnail_1_cb38c6c1cb.png\", \"hash\": \"thumbnail_1_cb38c6c1cb\", \"mime\": \"image/png\", \"name\": \"thumbnail_1.png\", \"path\": null, \"size\": 27.06, \"width\": 125, \"height\": 156}}','1_cb38c6c1cb','.png','image/png',64.26,'/uploads/1_cb38c6c1cb.png',NULL,'local',NULL,'/3/5/13','2024-03-21 15:37:08.420000','2024-03-21 15:37:08.420000',1,1),(69,'2.png',NULL,NULL,447,559,'{\"small\": {\"ext\": \".png\", \"url\": \"/uploads/small_2_2e56e2706d.png\", \"hash\": \"small_2_2e56e2706d\", \"mime\": \"image/png\", \"name\": \"small_2.png\", \"path\": null, \"size\": 166.01, \"width\": 400, \"height\": 500}, \"thumbnail\": {\"ext\": \".png\", \"url\": \"/uploads/thumbnail_2_2e56e2706d.png\", \"hash\": \"thumbnail_2_2e56e2706d\", \"mime\": \"image/png\", \"name\": \"thumbnail_2.png\", \"path\": null, \"size\": 21.59, \"width\": 125, \"height\": 156}}','2_2e56e2706d','.png','image/png',55.11,'/uploads/2_2e56e2706d.png',NULL,'local',NULL,'/3/5/13','2024-03-21 15:37:08.815000','2024-03-21 15:37:08.815000',1,1),(70,'4.png',NULL,NULL,447,559,'{\"small\": {\"ext\": \".png\", \"url\": \"/uploads/small_4_79a6a43430.png\", \"hash\": \"small_4_79a6a43430\", \"mime\": \"image/png\", \"name\": \"small_4.png\", \"path\": null, \"size\": 151.36, \"width\": 400, \"height\": 500}, \"thumbnail\": {\"ext\": \".png\", \"url\": \"/uploads/thumbnail_4_79a6a43430.png\", \"hash\": \"thumbnail_4_79a6a43430\", \"mime\": \"image/png\", \"name\": \"thumbnail_4.png\", \"path\": null, \"size\": 19.97, \"width\": 125, \"height\": 156}}','4_79a6a43430','.png','image/png',49.77,'/uploads/4_79a6a43430.png',NULL,'local',NULL,'/3/5/13','2024-03-21 15:37:09.245000','2024-03-21 15:37:09.245000',1,1),(71,'5.png',NULL,NULL,447,559,'{\"small\": {\"ext\": \".png\", \"url\": \"/uploads/small_5_3d681db1e2.png\", \"hash\": \"small_5_3d681db1e2\", \"mime\": \"image/png\", \"name\": \"small_5.png\", \"path\": null, \"size\": 139.62, \"width\": 400, \"height\": 500}, \"thumbnail\": {\"ext\": \".png\", \"url\": \"/uploads/thumbnail_5_3d681db1e2.png\", \"hash\": \"thumbnail_5_3d681db1e2\", \"mime\": \"image/png\", \"name\": \"thumbnail_5.png\", \"path\": null, \"size\": 17.28, \"width\": 125, \"height\": 156}}','5_3d681db1e2','.png','image/png',45.50,'/uploads/5_3d681db1e2.png',NULL,'local',NULL,'/3/5/13','2024-03-21 15:37:09.259000','2024-03-21 15:37:09.259000',1,1),(72,'6.png',NULL,NULL,447,559,'{\"small\": {\"ext\": \".png\", \"url\": \"/uploads/small_6_1097956825.png\", \"hash\": \"small_6_1097956825\", \"mime\": \"image/png\", \"name\": \"small_6.png\", \"path\": null, \"size\": 184.7, \"width\": 400, \"height\": 500}, \"thumbnail\": {\"ext\": \".png\", \"url\": \"/uploads/thumbnail_6_1097956825.png\", \"hash\": \"thumbnail_6_1097956825\", \"mime\": \"image/png\", \"name\": \"thumbnail_6.png\", \"path\": null, \"size\": 24.67, \"width\": 125, \"height\": 156}}','6_1097956825','.png','image/png',59.52,'/uploads/6_1097956825.png',NULL,'local',NULL,'/3/5/13','2024-03-21 15:37:09.291000','2024-03-21 15:37:09.291000',1,1),(73,'3.png',NULL,NULL,447,559,'{\"small\": {\"ext\": \".png\", \"url\": \"/uploads/small_3_2aa6ccdd6d.png\", \"hash\": \"small_3_2aa6ccdd6d\", \"mime\": \"image/png\", \"name\": \"small_3.png\", \"path\": null, \"size\": 292.22, \"width\": 400, \"height\": 500}, \"thumbnail\": {\"ext\": \".png\", \"url\": \"/uploads/thumbnail_3_2aa6ccdd6d.png\", \"hash\": \"thumbnail_3_2aa6ccdd6d\", \"mime\": \"image/png\", \"name\": \"thumbnail_3.png\", \"path\": null, \"size\": 37.57, \"width\": 125, \"height\": 156}}','3_2aa6ccdd6d','.png','image/png',105.01,'/uploads/3_2aa6ccdd6d.png',NULL,'local',NULL,'/3/5/13','2024-03-21 15:37:09.418000','2024-03-21 15:37:09.418000',1,1),(74,'7.png',NULL,NULL,447,559,'{\"small\": {\"ext\": \".png\", \"url\": \"/uploads/small_7_cb4e15fa82.png\", \"hash\": \"small_7_cb4e15fa82\", \"mime\": \"image/png\", \"name\": \"small_7.png\", \"path\": null, \"size\": 198.83, \"width\": 400, \"height\": 500}, \"thumbnail\": {\"ext\": \".png\", \"url\": \"/uploads/thumbnail_7_cb4e15fa82.png\", \"hash\": \"thumbnail_7_cb4e15fa82\", \"mime\": \"image/png\", \"name\": \"thumbnail_7.png\", \"path\": null, \"size\": 28.85, \"width\": 125, \"height\": 156}}','7_cb4e15fa82','.png','image/png',60.65,'/uploads/7_cb4e15fa82.png',NULL,'local',NULL,'/3/5/13','2024-03-21 15:37:28.614000','2024-03-21 15:37:28.614000',1,1),(75,'logo8.jpg',NULL,NULL,400,400,'{\"thumbnail\": {\"ext\": \".jpg\", \"url\": \"/uploads/thumbnail_logo8_56c44ff220.jpg\", \"hash\": \"thumbnail_logo8_56c44ff220\", \"mime\": \"image/jpeg\", \"name\": \"thumbnail_logo8.jpg\", \"path\": null, \"size\": 7.41, \"width\": 156, \"height\": 156}}','logo8_56c44ff220','.jpg','image/jpeg',25.03,'/uploads/logo8_56c44ff220.jpg',NULL,'local',NULL,'/24/29','2024-03-21 15:47:50.683000','2024-03-21 15:47:50.683000',1,1),(76,'img8.jpg',NULL,NULL,640,401,'{\"small\": {\"ext\": \".jpg\", \"url\": \"/uploads/small_img8_a4701f22b3.jpg\", \"hash\": \"small_img8_a4701f22b3\", \"mime\": \"image/jpeg\", \"name\": \"small_img8.jpg\", \"path\": null, \"size\": 12.06, \"width\": 500, \"height\": 313}, \"thumbnail\": {\"ext\": \".jpg\", \"url\": \"/uploads/thumbnail_img8_a4701f22b3.jpg\", \"hash\": \"thumbnail_img8_a4701f22b3\", \"mime\": \"image/jpeg\", \"name\": \"thumbnail_img8.jpg\", \"path\": null, \"size\": 3.82, \"width\": 245, \"height\": 154}}','img8_a4701f22b3','.jpg','image/jpeg',18.87,'/uploads/img8_a4701f22b3.jpg',NULL,'local',NULL,'/24/29','2024-03-21 15:47:50.699000','2024-03-21 15:47:50.699000',1,1),(77,'1.png',NULL,NULL,447,559,'{\"small\": {\"ext\": \".png\", \"url\": \"/uploads/small_1_eb46b6388c.png\", \"hash\": \"small_1_eb46b6388c\", \"mime\": \"image/png\", \"name\": \"small_1.png\", \"path\": null, \"size\": 305.91, \"width\": 400, \"height\": 500}, \"thumbnail\": {\"ext\": \".png\", \"url\": \"/uploads/thumbnail_1_eb46b6388c.png\", \"hash\": \"thumbnail_1_eb46b6388c\", \"mime\": \"image/png\", \"name\": \"thumbnail_1.png\", \"path\": null, \"size\": 40.03, \"width\": 125, \"height\": 156}}','1_eb46b6388c','.png','image/png',105.03,'/uploads/1_eb46b6388c.png',NULL,'local',NULL,'/3/5/15','2024-03-21 15:51:19.150000','2024-03-21 15:51:19.150000',1,1),(78,'4.png',NULL,NULL,447,559,'{\"small\": {\"ext\": \".png\", \"url\": \"/uploads/small_4_5d0c5feb7d.png\", \"hash\": \"small_4_5d0c5feb7d\", \"mime\": \"image/png\", \"name\": \"small_4.png\", \"path\": null, \"size\": 310.43, \"width\": 400, \"height\": 500}, \"thumbnail\": {\"ext\": \".png\", \"url\": \"/uploads/thumbnail_4_5d0c5feb7d.png\", \"hash\": \"thumbnail_4_5d0c5feb7d\", \"mime\": \"image/png\", \"name\": \"thumbnail_4.png\", \"path\": null, \"size\": 38.92, \"width\": 125, \"height\": 156}}','4_5d0c5feb7d','.png','image/png',105.70,'/uploads/4_5d0c5feb7d.png',NULL,'local',NULL,'/3/5/15','2024-03-21 15:51:19.287000','2024-03-21 15:51:19.287000',1,1),(79,'2.png',NULL,NULL,447,559,'{\"small\": {\"ext\": \".png\", \"url\": \"/uploads/small_2_583f6eb313.png\", \"hash\": \"small_2_583f6eb313\", \"mime\": \"image/png\", \"name\": \"small_2.png\", \"path\": null, \"size\": 315.25, \"width\": 400, \"height\": 500}, \"thumbnail\": {\"ext\": \".png\", \"url\": \"/uploads/thumbnail_2_583f6eb313.png\", \"hash\": \"thumbnail_2_583f6eb313\", \"mime\": \"image/png\", \"name\": \"thumbnail_2.png\", \"path\": null, \"size\": 39.33, \"width\": 125, \"height\": 156}}','2_583f6eb313','.png','image/png',111.68,'/uploads/2_583f6eb313.png',NULL,'local',NULL,'/3/5/15','2024-03-21 15:51:19.327000','2024-03-21 15:51:19.327000',1,1),(80,'3.png',NULL,NULL,447,559,'{\"small\": {\"ext\": \".png\", \"url\": \"/uploads/small_3_1b6fe3d014.png\", \"hash\": \"small_3_1b6fe3d014\", \"mime\": \"image/png\", \"name\": \"small_3.png\", \"path\": null, \"size\": 288.89, \"width\": 400, \"height\": 500}, \"thumbnail\": {\"ext\": \".png\", \"url\": \"/uploads/thumbnail_3_1b6fe3d014.png\", \"hash\": \"thumbnail_3_1b6fe3d014\", \"mime\": \"image/png\", \"name\": \"thumbnail_3.png\", \"path\": null, \"size\": 36.16, \"width\": 125, \"height\": 156}}','3_1b6fe3d014','.png','image/png',105.64,'/uploads/3_1b6fe3d014.png',NULL,'local',NULL,'/3/5/15','2024-03-21 15:51:38.316000','2024-03-21 15:51:38.316000',1,1),(81,'8.png',NULL,NULL,447,559,'{\"small\": {\"ext\": \".png\", \"url\": \"/uploads/small_8_06d9387d6f.png\", \"hash\": \"small_8_06d9387d6f\", \"mime\": \"image/png\", \"name\": \"small_8.png\", \"path\": null, \"size\": 204.15, \"width\": 400, \"height\": 500}, \"thumbnail\": {\"ext\": \".png\", \"url\": \"/uploads/thumbnail_8_06d9387d6f.png\", \"hash\": \"thumbnail_8_06d9387d6f\", \"mime\": \"image/png\", \"name\": \"thumbnail_8.png\", \"path\": null, \"size\": 29.31, \"width\": 125, \"height\": 156}}','8_06d9387d6f','.png','image/png',67.78,'/uploads/8_06d9387d6f.png',NULL,'local',NULL,'/3/5/15','2024-03-21 15:51:38.829000','2024-03-21 15:51:38.829000',1,1),(82,'5.png',NULL,NULL,447,559,'{\"small\": {\"ext\": \".png\", \"url\": \"/uploads/small_5_a3e2293efe.png\", \"hash\": \"small_5_a3e2293efe\", \"mime\": \"image/png\", \"name\": \"small_5.png\", \"path\": null, \"size\": 248.85, \"width\": 400, \"height\": 500}, \"thumbnail\": {\"ext\": \".png\", \"url\": \"/uploads/thumbnail_5_a3e2293efe.png\", \"hash\": \"thumbnail_5_a3e2293efe\", \"mime\": \"image/png\", \"name\": \"thumbnail_5.png\", \"path\": null, \"size\": 34.42, \"width\": 125, \"height\": 156}}','5_a3e2293efe','.png','image/png',79.00,'/uploads/5_a3e2293efe.png',NULL,'local',NULL,'/3/5/15','2024-03-21 15:51:38.866000','2024-03-21 15:51:38.866000',1,1),(83,'6.png',NULL,NULL,447,559,'{\"small\": {\"ext\": \".png\", \"url\": \"/uploads/small_6_cb47b9c1c2.png\", \"hash\": \"small_6_cb47b9c1c2\", \"mime\": \"image/png\", \"name\": \"small_6.png\", \"path\": null, \"size\": 285.92, \"width\": 400, \"height\": 500}, \"thumbnail\": {\"ext\": \".png\", \"url\": \"/uploads/thumbnail_6_cb47b9c1c2.png\", \"hash\": \"thumbnail_6_cb47b9c1c2\", \"mime\": \"image/png\", \"name\": \"thumbnail_6.png\", \"path\": null, \"size\": 35.54, \"width\": 125, \"height\": 156}}','6_cb47b9c1c2','.png','image/png',95.27,'/uploads/6_cb47b9c1c2.png',NULL,'local',NULL,'/3/5/15','2024-03-21 15:51:38.883000','2024-03-21 15:51:38.883000',1,1),(84,'9.png',NULL,NULL,447,559,'{\"small\": {\"ext\": \".png\", \"url\": \"/uploads/small_9_01129b1ea5.png\", \"hash\": \"small_9_01129b1ea5\", \"mime\": \"image/png\", \"name\": \"small_9.png\", \"path\": null, \"size\": 280.05, \"width\": 400, \"height\": 500}, \"thumbnail\": {\"ext\": \".png\", \"url\": \"/uploads/thumbnail_9_01129b1ea5.png\", \"hash\": \"thumbnail_9_01129b1ea5\", \"mime\": \"image/png\", \"name\": \"thumbnail_9.png\", \"path\": null, \"size\": 38.62, \"width\": 125, \"height\": 156}}','9_01129b1ea5','.png','image/png',90.59,'/uploads/9_01129b1ea5.png',NULL,'local',NULL,'/3/5/15','2024-03-21 15:51:38.901000','2024-03-21 15:51:38.901000',1,1),(85,'7.png',NULL,NULL,447,559,'{\"small\": {\"ext\": \".png\", \"url\": \"/uploads/small_7_71994bbec2.png\", \"hash\": \"small_7_71994bbec2\", \"mime\": \"image/png\", \"name\": \"small_7.png\", \"path\": null, \"size\": 302.7, \"width\": 400, \"height\": 500}, \"thumbnail\": {\"ext\": \".png\", \"url\": \"/uploads/thumbnail_7_71994bbec2.png\", \"hash\": \"thumbnail_7_71994bbec2\", \"mime\": \"image/png\", \"name\": \"thumbnail_7.png\", \"path\": null, \"size\": 38.7, \"width\": 125, \"height\": 156}}','7_71994bbec2','.png','image/png',105.21,'/uploads/7_71994bbec2.png',NULL,'local',NULL,'/3/5/15','2024-03-21 15:51:38.979000','2024-03-21 15:51:38.979000',1,1),(86,'img2.jpg',NULL,NULL,646,400,'{\"small\": {\"ext\": \".jpg\", \"url\": \"/uploads/small_img2_a67a7f0fab.jpg\", \"hash\": \"small_img2_a67a7f0fab\", \"mime\": \"image/jpeg\", \"name\": \"small_img2.jpg\", \"path\": null, \"size\": 42.71, \"width\": 500, \"height\": 310}, \"thumbnail\": {\"ext\": \".jpg\", \"url\": \"/uploads/thumbnail_img2_a67a7f0fab.jpg\", \"hash\": \"thumbnail_img2_a67a7f0fab\", \"mime\": \"image/jpeg\", \"name\": \"thumbnail_img2.jpg\", \"path\": null, \"size\": 11.79, \"width\": 245, \"height\": 152}}','img2_a67a7f0fab','.jpg','image/jpeg',66.64,'/uploads/img2_a67a7f0fab.jpg',NULL,'local',NULL,'/24/28','2024-03-21 16:02:00.310000','2024-03-21 16:02:00.310000',1,1),(87,'logo2.jpg',NULL,NULL,400,400,'{\"thumbnail\": {\"ext\": \".jpg\", \"url\": \"/uploads/thumbnail_logo2_13254bbac3.jpg\", \"hash\": \"thumbnail_logo2_13254bbac3\", \"mime\": \"image/jpeg\", \"name\": \"thumbnail_logo2.jpg\", \"path\": null, \"size\": 8.01, \"width\": 156, \"height\": 156}}','logo2_13254bbac3','.jpg','image/jpeg',29.73,'/uploads/logo2_13254bbac3.jpg',NULL,'local',NULL,'/24/28','2024-03-21 16:02:35.873000','2024-03-21 16:02:35.873000',1,1),(88,'1.png',NULL,NULL,447,559,'{\"small\": {\"ext\": \".png\", \"url\": \"/uploads/small_1_e1a687b2e7.png\", \"hash\": \"small_1_e1a687b2e7\", \"mime\": \"image/png\", \"name\": \"small_1.png\", \"path\": null, \"size\": 138.44, \"width\": 400, \"height\": 500}, \"thumbnail\": {\"ext\": \".png\", \"url\": \"/uploads/thumbnail_1_e1a687b2e7.png\", \"hash\": \"thumbnail_1_e1a687b2e7\", \"mime\": \"image/png\", \"name\": \"thumbnail_1.png\", \"path\": null, \"size\": 20.49, \"width\": 125, \"height\": 156}}','1_e1a687b2e7','.png','image/png',37.38,'/uploads/1_e1a687b2e7.png',NULL,'local',NULL,'/3/5/17','2024-03-21 16:05:07.854000','2024-03-21 16:05:07.854000',1,1),(89,'2.png',NULL,NULL,447,559,'{\"small\": {\"ext\": \".png\", \"url\": \"/uploads/small_2_396ac04f98.png\", \"hash\": \"small_2_396ac04f98\", \"mime\": \"image/png\", \"name\": \"small_2.png\", \"path\": null, \"size\": 187.17, \"width\": 400, \"height\": 500}, \"thumbnail\": {\"ext\": \".png\", \"url\": \"/uploads/thumbnail_2_396ac04f98.png\", \"hash\": \"thumbnail_2_396ac04f98\", \"mime\": \"image/png\", \"name\": \"thumbnail_2.png\", \"path\": null, \"size\": 26.21, \"width\": 125, \"height\": 156}}','2_396ac04f98','.png','image/png',58.35,'/uploads/2_396ac04f98.png',NULL,'local',NULL,'/3/5/17','2024-03-21 16:05:07.920000','2024-03-21 16:05:07.920000',1,1),(90,'3.png',NULL,NULL,447,559,'{\"small\": {\"ext\": \".png\", \"url\": \"/uploads/small_3_761a719dcd.png\", \"hash\": \"small_3_761a719dcd\", \"mime\": \"image/png\", \"name\": \"small_3.png\", \"path\": null, \"size\": 217.43, \"width\": 400, \"height\": 500}, \"thumbnail\": {\"ext\": \".png\", \"url\": \"/uploads/thumbnail_3_761a719dcd.png\", \"hash\": \"thumbnail_3_761a719dcd\", \"mime\": \"image/png\", \"name\": \"thumbnail_3.png\", \"path\": null, \"size\": 29.89, \"width\": 125, \"height\": 156}}','3_761a719dcd','.png','image/png',56.46,'/uploads/3_761a719dcd.png',NULL,'local',NULL,'/3/5/17','2024-03-21 16:05:07.948000','2024-03-21 16:05:07.948000',1,1),(91,'7.png',NULL,NULL,447,559,'{\"small\": {\"ext\": \".png\", \"url\": \"/uploads/small_7_352ada7c6c.png\", \"hash\": \"small_7_352ada7c6c\", \"mime\": \"image/png\", \"name\": \"small_7.png\", \"path\": null, \"size\": 159.82, \"width\": 400, \"height\": 500}, \"thumbnail\": {\"ext\": \".png\", \"url\": \"/uploads/thumbnail_7_352ada7c6c.png\", \"hash\": \"thumbnail_7_352ada7c6c\", \"mime\": \"image/png\", \"name\": \"thumbnail_7.png\", \"path\": null, \"size\": 23.55, \"width\": 125, \"height\": 156}}','7_352ada7c6c','.png','image/png',45.98,'/uploads/7_352ada7c6c.png',NULL,'local',NULL,'/3/5/17','2024-03-21 16:05:07.955000','2024-03-21 16:05:07.955000',1,1),(92,'5.png',NULL,NULL,447,559,'{\"small\": {\"ext\": \".png\", \"url\": \"/uploads/small_5_cf7eb75fdb.png\", \"hash\": \"small_5_cf7eb75fdb\", \"mime\": \"image/png\", \"name\": \"small_5.png\", \"path\": null, \"size\": 159.58, \"width\": 400, \"height\": 500}, \"thumbnail\": {\"ext\": \".png\", \"url\": \"/uploads/thumbnail_5_cf7eb75fdb.png\", \"hash\": \"thumbnail_5_cf7eb75fdb\", \"mime\": \"image/png\", \"name\": \"thumbnail_5.png\", \"path\": null, \"size\": 23.26, \"width\": 125, \"height\": 156}}','5_cf7eb75fdb','.png','image/png',45.57,'/uploads/5_cf7eb75fdb.png',NULL,'local',NULL,'/3/5/17','2024-03-21 16:05:07.972000','2024-03-21 16:05:07.972000',1,1),(93,'4.png',NULL,NULL,447,559,'{\"small\": {\"ext\": \".png\", \"url\": \"/uploads/small_4_4ddf5e4b55.png\", \"hash\": \"small_4_4ddf5e4b55\", \"mime\": \"image/png\", \"name\": \"small_4.png\", \"path\": null, \"size\": 225.54, \"width\": 400, \"height\": 500}, \"thumbnail\": {\"ext\": \".png\", \"url\": \"/uploads/thumbnail_4_4ddf5e4b55.png\", \"hash\": \"thumbnail_4_4ddf5e4b55\", \"mime\": \"image/png\", \"name\": \"thumbnail_4.png\", \"path\": null, \"size\": 30.78, \"width\": 125, \"height\": 156}}','4_4ddf5e4b55','.png','image/png',52.38,'/uploads/4_4ddf5e4b55.png',NULL,'local',NULL,'/3/5/17','2024-03-21 16:05:08.098000','2024-03-21 16:05:08.098000',1,1),(94,'6.png',NULL,NULL,447,559,'{\"small\": {\"ext\": \".png\", \"url\": \"/uploads/small_6_49e64666c7.png\", \"hash\": \"small_6_49e64666c7\", \"mime\": \"image/png\", \"name\": \"small_6.png\", \"path\": null, \"size\": 216.45, \"width\": 400, \"height\": 500}, \"thumbnail\": {\"ext\": \".png\", \"url\": \"/uploads/thumbnail_6_49e64666c7.png\", \"hash\": \"thumbnail_6_49e64666c7\", \"mime\": \"image/png\", \"name\": \"thumbnail_6.png\", \"path\": null, \"size\": 29.91, \"width\": 125, \"height\": 156}}','6_49e64666c7','.png','image/png',60.54,'/uploads/6_49e64666c7.png',NULL,'local',NULL,'/3/5/17','2024-03-21 16:05:08.157000','2024-03-21 16:05:08.157000',1,1),(95,'img4.jpg',NULL,NULL,646,400,'{\"small\": {\"ext\": \".jpg\", \"url\": \"/uploads/small_img4_a9dfc10996.jpg\", \"hash\": \"small_img4_a9dfc10996\", \"mime\": \"image/jpeg\", \"name\": \"small_img4.jpg\", \"path\": null, \"size\": 21.62, \"width\": 500, \"height\": 310}, \"thumbnail\": {\"ext\": \".jpg\", \"url\": \"/uploads/thumbnail_img4_a9dfc10996.jpg\", \"hash\": \"thumbnail_img4_a9dfc10996\", \"mime\": \"image/jpeg\", \"name\": \"thumbnail_img4.jpg\", \"path\": null, \"size\": 6.71, \"width\": 245, \"height\": 152}}','img4_a9dfc10996','.jpg','image/jpeg',32.72,'/uploads/img4_a9dfc10996.jpg',NULL,'local',NULL,'/24/27','2024-03-21 17:02:19.244000','2024-03-21 17:02:19.244000',1,1),(96,'logo4.jpg',NULL,NULL,400,400,'{\"thumbnail\": {\"ext\": \".jpg\", \"url\": \"/uploads/thumbnail_logo4_186cec564b.jpg\", \"hash\": \"thumbnail_logo4_186cec564b\", \"mime\": \"image/jpeg\", \"name\": \"thumbnail_logo4.jpg\", \"path\": null, \"size\": 7.07, \"width\": 156, \"height\": 156}}','logo4_186cec564b','.jpg','image/jpeg',25.17,'/uploads/logo4_186cec564b.jpg',NULL,'local',NULL,'/24/27','2024-03-21 17:02:56.179000','2024-03-21 17:02:56.179000',1,1),(97,'2.png',NULL,NULL,447,559,'{\"small\": {\"ext\": \".png\", \"url\": \"/uploads/small_2_86dec8762a.png\", \"hash\": \"small_2_86dec8762a\", \"mime\": \"image/png\", \"name\": \"small_2.png\", \"path\": null, \"size\": 185.57, \"width\": 400, \"height\": 500}, \"thumbnail\": {\"ext\": \".png\", \"url\": \"/uploads/thumbnail_2_86dec8762a.png\", \"hash\": \"thumbnail_2_86dec8762a\", \"mime\": \"image/png\", \"name\": \"thumbnail_2.png\", \"path\": null, \"size\": 26.56, \"width\": 125, \"height\": 156}}','2_86dec8762a','.png','image/png',60.71,'/uploads/2_86dec8762a.png',NULL,'local',NULL,'/3/5/19','2024-03-21 17:08:58.649000','2024-03-21 17:08:58.649000',1,1),(98,'3.png',NULL,NULL,447,559,'{\"small\": {\"ext\": \".png\", \"url\": \"/uploads/small_3_c0f22c28f1.png\", \"hash\": \"small_3_c0f22c28f1\", \"mime\": \"image/png\", \"name\": \"small_3.png\", \"path\": null, \"size\": 199.87, \"width\": 400, \"height\": 500}, \"thumbnail\": {\"ext\": \".png\", \"url\": \"/uploads/thumbnail_3_c0f22c28f1.png\", \"hash\": \"thumbnail_3_c0f22c28f1\", \"mime\": \"image/png\", \"name\": \"thumbnail_3.png\", \"path\": null, \"size\": 28.1, \"width\": 125, \"height\": 156}}','3_c0f22c28f1','.png','image/png',56.58,'/uploads/3_c0f22c28f1.png',NULL,'local',NULL,'/3/5/19','2024-03-21 17:08:58.679000','2024-03-21 17:08:58.679000',1,1),(99,'4.png',NULL,NULL,447,559,'{\"small\": {\"ext\": \".png\", \"url\": \"/uploads/small_4_b1ce8c12fc.png\", \"hash\": \"small_4_b1ce8c12fc\", \"mime\": \"image/png\", \"name\": \"small_4.png\", \"path\": null, \"size\": 204.7, \"width\": 400, \"height\": 500}, \"thumbnail\": {\"ext\": \".png\", \"url\": \"/uploads/thumbnail_4_b1ce8c12fc.png\", \"hash\": \"thumbnail_4_b1ce8c12fc\", \"mime\": \"image/png\", \"name\": \"thumbnail_4.png\", \"path\": null, \"size\": 29.25, \"width\": 125, \"height\": 156}}','4_b1ce8c12fc','.png','image/png',65.65,'/uploads/4_b1ce8c12fc.png',NULL,'local',NULL,'/3/5/19','2024-03-21 17:08:58.735000','2024-03-21 17:08:58.735000',1,1),(100,'1.png',NULL,NULL,447,559,'{\"small\": {\"ext\": \".png\", \"url\": \"/uploads/small_1_c8d81d87fc.png\", \"hash\": \"small_1_c8d81d87fc\", \"mime\": \"image/png\", \"name\": \"small_1.png\", \"path\": null, \"size\": 330.2, \"width\": 400, \"height\": 500}, \"thumbnail\": {\"ext\": \".png\", \"url\": \"/uploads/thumbnail_1_c8d81d87fc.png\", \"hash\": \"thumbnail_1_c8d81d87fc\", \"mime\": \"image/png\", \"name\": \"thumbnail_1.png\", \"path\": null, \"size\": 38.53, \"width\": 125, \"height\": 156}}','1_c8d81d87fc','.png','image/png',109.41,'/uploads/1_c8d81d87fc.png',NULL,'local',NULL,'/3/5/19','2024-03-21 17:08:58.904000','2024-03-21 17:08:58.904000',1,1),(101,'5.png',NULL,NULL,447,559,'{\"small\": {\"ext\": \".png\", \"url\": \"/uploads/small_5_16d09ce2bc.png\", \"hash\": \"small_5_16d09ce2bc\", \"mime\": \"image/png\", \"name\": \"small_5.png\", \"path\": null, \"size\": 340.8, \"width\": 400, \"height\": 500}, \"thumbnail\": {\"ext\": \".png\", \"url\": \"/uploads/thumbnail_5_16d09ce2bc.png\", \"hash\": \"thumbnail_5_16d09ce2bc\", \"mime\": \"image/png\", \"name\": \"thumbnail_5.png\", \"path\": null, \"size\": 39.53, \"width\": 125, \"height\": 156}}','5_16d09ce2bc','.png','image/png',130.10,'/uploads/5_16d09ce2bc.png',NULL,'local',NULL,'/3/5/19','2024-03-21 17:08:59.151000','2024-03-21 17:08:59.151000',1,1),(102,'6.png',NULL,NULL,447,559,'{\"small\": {\"ext\": \".png\", \"url\": \"/uploads/small_6_5c3594a773.png\", \"hash\": \"small_6_5c3594a773\", \"mime\": \"image/png\", \"name\": \"small_6.png\", \"path\": null, \"size\": 246.81, \"width\": 400, \"height\": 500}, \"thumbnail\": {\"ext\": \".png\", \"url\": \"/uploads/thumbnail_6_5c3594a773.png\", \"hash\": \"thumbnail_6_5c3594a773\", \"mime\": \"image/png\", \"name\": \"thumbnail_6.png\", \"path\": null, \"size\": 33.79, \"width\": 125, \"height\": 156}}','6_5c3594a773','.png','image/png',67.18,'/uploads/6_5c3594a773.png',NULL,'local',NULL,'/3/5/19','2024-03-21 17:09:14.953000','2024-03-21 17:09:14.953000',1,1),(103,'7.png',NULL,NULL,447,559,'{\"small\": {\"ext\": \".png\", \"url\": \"/uploads/small_7_1c330a0c15.png\", \"hash\": \"small_7_1c330a0c15\", \"mime\": \"image/png\", \"name\": \"small_7.png\", \"path\": null, \"size\": 380.03, \"width\": 400, \"height\": 500}, \"thumbnail\": {\"ext\": \".png\", \"url\": \"/uploads/thumbnail_7_1c330a0c15.png\", \"hash\": \"thumbnail_7_1c330a0c15\", \"mime\": \"image/png\", \"name\": \"thumbnail_7.png\", \"path\": null, \"size\": 44.06, \"width\": 125, \"height\": 156}}','7_1c330a0c15','.png','image/png',111.38,'/uploads/7_1c330a0c15.png',NULL,'local',NULL,'/3/5/19','2024-03-21 17:09:15.597000','2024-03-21 17:09:15.597000',1,1),(104,'img6.jpg',NULL,NULL,646,400,'{\"small\": {\"ext\": \".jpg\", \"url\": \"/uploads/small_img6_eb4fdff630.jpg\", \"hash\": \"small_img6_eb4fdff630\", \"mime\": \"image/jpeg\", \"name\": \"small_img6.jpg\", \"path\": null, \"size\": 32, \"width\": 500, \"height\": 310}, \"thumbnail\": {\"ext\": \".jpg\", \"url\": \"/uploads/thumbnail_img6_eb4fdff630.jpg\", \"hash\": \"thumbnail_img6_eb4fdff630\", \"mime\": \"image/jpeg\", \"name\": \"thumbnail_img6.jpg\", \"path\": null, \"size\": 8.99, \"width\": 245, \"height\": 152}}','img6_eb4fdff630','.jpg','image/jpeg',50.84,'/uploads/img6_eb4fdff630.jpg',NULL,'local',NULL,'/24/26','2024-03-21 17:23:20.515000','2024-03-21 17:23:20.515000',1,1),(105,'logo6.jpg',NULL,NULL,432,432,'{\"thumbnail\": {\"ext\": \".jpg\", \"url\": \"/uploads/thumbnail_logo6_82372b8d7f.jpg\", \"hash\": \"thumbnail_logo6_82372b8d7f\", \"mime\": \"image/jpeg\", \"name\": \"thumbnail_logo6.jpg\", \"path\": null, \"size\": 7.73, \"width\": 156, \"height\": 156}}','logo6_82372b8d7f','.jpg','image/jpeg',26.62,'/uploads/logo6_82372b8d7f.jpg',NULL,'local',NULL,'/24/26','2024-03-21 17:23:20.519000','2024-03-21 17:23:20.519000',1,1),(106,'logo7.jpg',NULL,NULL,400,400,'{\"thumbnail\": {\"ext\": \".jpg\", \"url\": \"/uploads/thumbnail_logo7_36ae014b58.jpg\", \"hash\": \"thumbnail_logo7_36ae014b58\", \"mime\": \"image/jpeg\", \"name\": \"thumbnail_logo7.jpg\", \"path\": null, \"size\": 7.37, \"width\": 156, \"height\": 156}}','logo7_36ae014b58','.jpg','image/jpeg',24.89,'/uploads/logo7_36ae014b58.jpg',NULL,'local',NULL,'/24/25','2024-03-21 17:29:45.202000','2024-03-21 17:29:45.202000',1,1),(107,'img7.jpg',NULL,NULL,646,400,'{\"small\": {\"ext\": \".jpg\", \"url\": \"/uploads/small_img7_808d174b56.jpg\", \"hash\": \"small_img7_808d174b56\", \"mime\": \"image/jpeg\", \"name\": \"small_img7.jpg\", \"path\": null, \"size\": 24.39, \"width\": 500, \"height\": 310}, \"thumbnail\": {\"ext\": \".jpg\", \"url\": \"/uploads/thumbnail_img7_808d174b56.jpg\", \"hash\": \"thumbnail_img7_808d174b56\", \"mime\": \"image/jpeg\", \"name\": \"thumbnail_img7.jpg\", \"path\": null, \"size\": 6.87, \"width\": 245, \"height\": 152}}','img7_808d174b56','.jpg','image/jpeg',37.84,'/uploads/img7_808d174b56.jpg',NULL,'local',NULL,'/24/25','2024-03-21 17:30:03.880000','2024-03-23 11:34:36.571000',1,1),(108,'1.png',NULL,NULL,447,559,'{\"small\": {\"ext\": \".png\", \"url\": \"/uploads/small_1_9783c514aa.png\", \"hash\": \"small_1_9783c514aa\", \"mime\": \"image/png\", \"name\": \"small_1.png\", \"path\": null, \"size\": 212.78, \"width\": 400, \"height\": 500}, \"thumbnail\": {\"ext\": \".png\", \"url\": \"/uploads/thumbnail_1_9783c514aa.png\", \"hash\": \"thumbnail_1_9783c514aa\", \"mime\": \"image/png\", \"name\": \"thumbnail_1.png\", \"path\": null, \"size\": 28.63, \"width\": 125, \"height\": 156}}','1_9783c514aa','.png','image/png',71.95,'/uploads/1_9783c514aa.png',NULL,'local',NULL,'/3/5/23','2024-03-21 17:32:24.136000','2024-03-21 17:32:24.136000',1,1),(109,'9.png',NULL,NULL,447,559,'{\"small\": {\"ext\": \".png\", \"url\": \"/uploads/small_9_a55d021fc4.png\", \"hash\": \"small_9_a55d021fc4\", \"mime\": \"image/png\", \"name\": \"small_9.png\", \"path\": null, \"size\": 181.08, \"width\": 400, \"height\": 500}, \"thumbnail\": {\"ext\": \".png\", \"url\": \"/uploads/thumbnail_9_a55d021fc4.png\", \"hash\": \"thumbnail_9_a55d021fc4\", \"mime\": \"image/png\", \"name\": \"thumbnail_9.png\", \"path\": null, \"size\": 23.28, \"width\": 125, \"height\": 156}}','9_a55d021fc4','.png','image/png',65.10,'/uploads/9_a55d021fc4.png',NULL,'local',NULL,'/3/5/23','2024-03-21 17:32:24.271000','2024-03-21 17:32:24.271000',1,1),(110,'2.png',NULL,NULL,447,559,'{\"small\": {\"ext\": \".png\", \"url\": \"/uploads/small_2_79ac3db621.png\", \"hash\": \"small_2_79ac3db621\", \"mime\": \"image/png\", \"name\": \"small_2.png\", \"path\": null, \"size\": 226.37, \"width\": 400, \"height\": 500}, \"thumbnail\": {\"ext\": \".png\", \"url\": \"/uploads/thumbnail_2_79ac3db621.png\", \"hash\": \"thumbnail_2_79ac3db621\", \"mime\": \"image/png\", \"name\": \"thumbnail_2.png\", \"path\": null, \"size\": 29.56, \"width\": 125, \"height\": 156}}','2_79ac3db621','.png','image/png',79.79,'/uploads/2_79ac3db621.png',NULL,'local',NULL,'/3/5/23','2024-03-21 17:32:24.284000','2024-03-21 17:32:24.284000',1,1),(111,'7.png',NULL,NULL,447,559,'{\"small\": {\"ext\": \".png\", \"url\": \"/uploads/small_7_71c8536b0c.png\", \"hash\": \"small_7_71c8536b0c\", \"mime\": \"image/png\", \"name\": \"small_7.png\", \"path\": null, \"size\": 222.11, \"width\": 400, \"height\": 500}, \"thumbnail\": {\"ext\": \".png\", \"url\": \"/uploads/thumbnail_7_71c8536b0c.png\", \"hash\": \"thumbnail_7_71c8536b0c\", \"mime\": \"image/png\", \"name\": \"thumbnail_7.png\", \"path\": null, \"size\": 30.43, \"width\": 125, \"height\": 156}}','7_71c8536b0c','.png','image/png',70.69,'/uploads/7_71c8536b0c.png',NULL,'local',NULL,'/3/5/23','2024-03-21 17:32:24.342000','2024-03-21 17:32:24.342000',1,1),(112,'3.png',NULL,NULL,447,559,'{\"small\": {\"ext\": \".png\", \"url\": \"/uploads/small_3_043f3ed306.png\", \"hash\": \"small_3_043f3ed306\", \"mime\": \"image/png\", \"name\": \"small_3.png\", \"path\": null, \"size\": 217.37, \"width\": 400, \"height\": 500}, \"thumbnail\": {\"ext\": \".png\", \"url\": \"/uploads/thumbnail_3_043f3ed306.png\", \"hash\": \"thumbnail_3_043f3ed306\", \"mime\": \"image/png\", \"name\": \"thumbnail_3.png\", \"path\": null, \"size\": 26.94, \"width\": 125, \"height\": 156}}','3_043f3ed306','.png','image/png',80.34,'/uploads/3_043f3ed306.png',NULL,'local',NULL,'/3/5/23','2024-03-21 17:32:24.341000','2024-03-21 17:32:24.341000',1,1),(113,'4.png',NULL,NULL,447,559,'{\"small\": {\"ext\": \".png\", \"url\": \"/uploads/small_4_527d761c9d.png\", \"hash\": \"small_4_527d761c9d\", \"mime\": \"image/png\", \"name\": \"small_4.png\", \"path\": null, \"size\": 228.87, \"width\": 400, \"height\": 500}, \"thumbnail\": {\"ext\": \".png\", \"url\": \"/uploads/thumbnail_4_527d761c9d.png\", \"hash\": \"thumbnail_4_527d761c9d\", \"mime\": \"image/png\", \"name\": \"thumbnail_4.png\", \"path\": null, \"size\": 30.96, \"width\": 125, \"height\": 156}}','4_527d761c9d','.png','image/png',73.64,'/uploads/4_527d761c9d.png',NULL,'local',NULL,'/3/5/23','2024-03-21 17:32:24.343000','2024-03-21 17:32:24.343000',1,1),(114,'5.png',NULL,NULL,447,559,'{\"small\": {\"ext\": \".png\", \"url\": \"/uploads/small_5_2696219acb.png\", \"hash\": \"small_5_2696219acb\", \"mime\": \"image/png\", \"name\": \"small_5.png\", \"path\": null, \"size\": 243.78, \"width\": 400, \"height\": 500}, \"thumbnail\": {\"ext\": \".png\", \"url\": \"/uploads/thumbnail_5_2696219acb.png\", \"hash\": \"thumbnail_5_2696219acb\", \"mime\": \"image/png\", \"name\": \"thumbnail_5.png\", \"path\": null, \"size\": 29.86, \"width\": 125, \"height\": 156}}','5_2696219acb','.png','image/png',93.16,'/uploads/5_2696219acb.png',NULL,'local',NULL,'/3/5/23','2024-03-21 17:32:24.363000','2024-03-21 17:32:24.363000',1,1),(115,'6.png',NULL,NULL,447,559,'{\"small\": {\"ext\": \".png\", \"url\": \"/uploads/small_6_6b71cafc58.png\", \"hash\": \"small_6_6b71cafc58\", \"mime\": \"image/png\", \"name\": \"small_6.png\", \"path\": null, \"size\": 172.93, \"width\": 400, \"height\": 500}, \"thumbnail\": {\"ext\": \".png\", \"url\": \"/uploads/thumbnail_6_6b71cafc58.png\", \"hash\": \"thumbnail_6_6b71cafc58\", \"mime\": \"image/png\", \"name\": \"thumbnail_6.png\", \"path\": null, \"size\": 23.86, \"width\": 125, \"height\": 156}}','6_6b71cafc58','.png','image/png',55.55,'/uploads/6_6b71cafc58.png',NULL,'local',NULL,'/3/5/23','2024-03-21 17:32:33.666000','2024-03-21 17:32:33.666000',1,1),(116,'8.png',NULL,NULL,447,559,'{\"small\": {\"ext\": \".png\", \"url\": \"/uploads/small_8_f383ecfcbe.png\", \"hash\": \"small_8_f383ecfcbe\", \"mime\": \"image/png\", \"name\": \"small_8.png\", \"path\": null, \"size\": 311.42, \"width\": 400, \"height\": 500}, \"thumbnail\": {\"ext\": \".png\", \"url\": \"/uploads/thumbnail_8_f383ecfcbe.png\", \"hash\": \"thumbnail_8_f383ecfcbe\", \"mime\": \"image/png\", \"name\": \"thumbnail_8.png\", \"path\": null, \"size\": 36.11, \"width\": 125, \"height\": 156}}','8_f383ecfcbe','.png','image/png',120.70,'/uploads/8_f383ecfcbe.png',NULL,'local',NULL,'/3/5/23','2024-03-21 17:32:34.087000','2024-03-21 17:32:34.087000',1,1),(117,'h1.png',NULL,NULL,1512,982,'{\"large\": {\"ext\": \".png\", \"url\": \"/uploads/large_h1_3d72242eff.png\", \"hash\": \"large_h1_3d72242eff\", \"mime\": \"image/png\", \"name\": \"large_h1.png\", \"path\": null, \"size\": 1121.2, \"width\": 1000, \"height\": 649}, \"small\": {\"ext\": \".png\", \"url\": \"/uploads/small_h1_3d72242eff.png\", \"hash\": \"small_h1_3d72242eff\", \"mime\": \"image/png\", \"name\": \"small_h1.png\", \"path\": null, \"size\": 282.33, \"width\": 500, \"height\": 325}, \"medium\": {\"ext\": \".png\", \"url\": \"/uploads/medium_h1_3d72242eff.png\", \"hash\": \"medium_h1_3d72242eff\", \"mime\": \"image/png\", \"name\": \"medium_h1.png\", \"path\": null, \"size\": 630.23, \"width\": 750, \"height\": 487}, \"thumbnail\": {\"ext\": \".png\", \"url\": \"/uploads/thumbnail_h1_3d72242eff.png\", \"hash\": \"thumbnail_h1_3d72242eff\", \"mime\": \"image/png\", \"name\": \"thumbnail_h1.png\", \"path\": null, \"size\": 70.02, \"width\": 240, \"height\": 156}}','h1_3d72242eff','.png','image/png',635.60,'/uploads/h1_3d72242eff.png',NULL,'local',NULL,'/34/35','2024-03-25 09:30:50.426000','2024-03-25 09:30:50.426000',1,1),(118,'h2.jpg',NULL,NULL,1920,951,'{\"large\": {\"ext\": \".jpg\", \"url\": \"/uploads/large_h2_38d2b2f537.jpg\", \"hash\": \"large_h2_38d2b2f537\", \"mime\": \"image/jpeg\", \"name\": \"large_h2.jpg\", \"path\": null, \"size\": 91.36, \"width\": 1000, \"height\": 495}, \"small\": {\"ext\": \".jpg\", \"url\": \"/uploads/small_h2_38d2b2f537.jpg\", \"hash\": \"small_h2_38d2b2f537\", \"mime\": \"image/jpeg\", \"name\": \"small_h2.jpg\", \"path\": null, \"size\": 23.97, \"width\": 500, \"height\": 247}, \"medium\": {\"ext\": \".jpg\", \"url\": \"/uploads/medium_h2_38d2b2f537.jpg\", \"hash\": \"medium_h2_38d2b2f537\", \"mime\": \"image/jpeg\", \"name\": \"medium_h2.jpg\", \"path\": null, \"size\": 52.54, \"width\": 750, \"height\": 371}, \"thumbnail\": {\"ext\": \".jpg\", \"url\": \"/uploads/thumbnail_h2_38d2b2f537.jpg\", \"hash\": \"thumbnail_h2_38d2b2f537\", \"mime\": \"image/jpeg\", \"name\": \"thumbnail_h2.jpg\", \"path\": null, \"size\": 6.65, \"width\": 245, \"height\": 121}}','h2_38d2b2f537','.jpg','image/jpeg',320.67,'/uploads/h2_38d2b2f537.jpg',NULL,'local',NULL,'/34/35','2024-03-25 09:31:40.370000','2024-03-25 09:31:40.370000',1,1),(119,'h3.jpg',NULL,NULL,1920,951,'{\"large\": {\"ext\": \".jpg\", \"url\": \"/uploads/large_h3_4b3ef3fa89.jpg\", \"hash\": \"large_h3_4b3ef3fa89\", \"mime\": \"image/jpeg\", \"name\": \"large_h3.jpg\", \"path\": null, \"size\": 62.14, \"width\": 1000, \"height\": 495}, \"small\": {\"ext\": \".jpg\", \"url\": \"/uploads/small_h3_4b3ef3fa89.jpg\", \"hash\": \"small_h3_4b3ef3fa89\", \"mime\": \"image/jpeg\", \"name\": \"small_h3.jpg\", \"path\": null, \"size\": 16.53, \"width\": 500, \"height\": 247}, \"medium\": {\"ext\": \".jpg\", \"url\": \"/uploads/medium_h3_4b3ef3fa89.jpg\", \"hash\": \"medium_h3_4b3ef3fa89\", \"mime\": \"image/jpeg\", \"name\": \"medium_h3.jpg\", \"path\": null, \"size\": 36.62, \"width\": 750, \"height\": 371}, \"thumbnail\": {\"ext\": \".jpg\", \"url\": \"/uploads/thumbnail_h3_4b3ef3fa89.jpg\", \"hash\": \"thumbnail_h3_4b3ef3fa89\", \"mime\": \"image/jpeg\", \"name\": \"thumbnail_h3.jpg\", \"path\": null, \"size\": 4.59, \"width\": 245, \"height\": 121}}','h3_4b3ef3fa89','.jpg','image/jpeg',194.46,'/uploads/h3_4b3ef3fa89.jpg',NULL,'local',NULL,'/34/35','2024-03-25 09:31:45.993000','2024-03-25 09:31:45.993000',1,1),(120,'h4.jpg',NULL,NULL,1920,951,'{\"large\": {\"ext\": \".jpg\", \"url\": \"/uploads/large_h4_9277cf951f.jpg\", \"hash\": \"large_h4_9277cf951f\", \"mime\": \"image/jpeg\", \"name\": \"large_h4.jpg\", \"path\": null, \"size\": 81.44, \"width\": 1000, \"height\": 495}, \"small\": {\"ext\": \".jpg\", \"url\": \"/uploads/small_h4_9277cf951f.jpg\", \"hash\": \"small_h4_9277cf951f\", \"mime\": \"image/jpeg\", \"name\": \"small_h4.jpg\", \"path\": null, \"size\": 23.74, \"width\": 500, \"height\": 247}, \"medium\": {\"ext\": \".jpg\", \"url\": \"/uploads/medium_h4_9277cf951f.jpg\", \"hash\": \"medium_h4_9277cf951f\", \"mime\": \"image/jpeg\", \"name\": \"medium_h4.jpg\", \"path\": null, \"size\": 50.08, \"width\": 750, \"height\": 371}, \"thumbnail\": {\"ext\": \".jpg\", \"url\": \"/uploads/thumbnail_h4_9277cf951f.jpg\", \"hash\": \"thumbnail_h4_9277cf951f\", \"mime\": \"image/jpeg\", \"name\": \"thumbnail_h4.jpg\", \"path\": null, \"size\": 6.79, \"width\": 245, \"height\": 121}}','h4_9277cf951f','.jpg','image/jpeg',241.38,'/uploads/h4_9277cf951f.jpg',NULL,'local',NULL,'/34/35','2024-03-25 09:31:52.831000','2024-03-25 09:31:52.831000',1,1),(121,'h5.png',NULL,NULL,1400,740,'{\"large\": {\"ext\": \".png\", \"url\": \"/uploads/large_h5_50b854a766.png\", \"hash\": \"large_h5_50b854a766\", \"mime\": \"image/png\", \"name\": \"large_h5.png\", \"path\": null, \"size\": 784.14, \"width\": 1000, \"height\": 529}, \"small\": {\"ext\": \".png\", \"url\": \"/uploads/small_h5_50b854a766.png\", \"hash\": \"small_h5_50b854a766\", \"mime\": \"image/png\", \"name\": \"small_h5.png\", \"path\": null, \"size\": 212.64, \"width\": 500, \"height\": 264}, \"medium\": {\"ext\": \".png\", \"url\": \"/uploads/medium_h5_50b854a766.png\", \"hash\": \"medium_h5_50b854a766\", \"mime\": \"image/png\", \"name\": \"medium_h5.png\", \"path\": null, \"size\": 456.12, \"width\": 750, \"height\": 396}, \"thumbnail\": {\"ext\": \".png\", \"url\": \"/uploads/thumbnail_h5_50b854a766.png\", \"hash\": \"thumbnail_h5_50b854a766\", \"mime\": \"image/png\", \"name\": \"thumbnail_h5.png\", \"path\": null, \"size\": 58.87, \"width\": 245, \"height\": 130}}','h5_50b854a766','.png','image/png',318.50,'/uploads/h5_50b854a766.png',NULL,'local',NULL,'/34/35','2024-03-25 09:32:01.238000','2024-03-25 09:32:01.238000',1,1),(122,'h6.jpg',NULL,NULL,1400,740,'{\"large\": {\"ext\": \".jpg\", \"url\": \"/uploads/large_h6_f575dd94c4.jpg\", \"hash\": \"large_h6_f575dd94c4\", \"mime\": \"image/jpeg\", \"name\": \"large_h6.jpg\", \"path\": null, \"size\": 151.12, \"width\": 1000, \"height\": 529}, \"small\": {\"ext\": \".jpg\", \"url\": \"/uploads/small_h6_f575dd94c4.jpg\", \"hash\": \"small_h6_f575dd94c4\", \"mime\": \"image/jpeg\", \"name\": \"small_h6.jpg\", \"path\": null, \"size\": 38.73, \"width\": 500, \"height\": 264}, \"medium\": {\"ext\": \".jpg\", \"url\": \"/uploads/medium_h6_f575dd94c4.jpg\", \"hash\": \"medium_h6_f575dd94c4\", \"mime\": \"image/jpeg\", \"name\": \"medium_h6.jpg\", \"path\": null, \"size\": 84.26, \"width\": 750, \"height\": 396}, \"thumbnail\": {\"ext\": \".jpg\", \"url\": \"/uploads/thumbnail_h6_f575dd94c4.jpg\", \"hash\": \"thumbnail_h6_f575dd94c4\", \"mime\": \"image/jpeg\", \"name\": \"thumbnail_h6.jpg\", \"path\": null, \"size\": 9.87, \"width\": 245, \"height\": 130}}','h6_f575dd94c4','.jpg','image/jpeg',299.37,'/uploads/h6_f575dd94c4.jpg',NULL,'local',NULL,'/34/35','2024-03-25 09:32:08.410000','2024-03-25 09:32:08.410000',1,1),(123,'h7.jpg',NULL,NULL,1400,740,'{\"large\": {\"ext\": \".jpg\", \"url\": \"/uploads/large_h7_4446626eb7.jpg\", \"hash\": \"large_h7_4446626eb7\", \"mime\": \"image/jpeg\", \"name\": \"large_h7.jpg\", \"path\": null, \"size\": 62.76, \"width\": 1000, \"height\": 529}, \"small\": {\"ext\": \".jpg\", \"url\": \"/uploads/small_h7_4446626eb7.jpg\", \"hash\": \"small_h7_4446626eb7\", \"mime\": \"image/jpeg\", \"name\": \"small_h7.jpg\", \"path\": null, \"size\": 19, \"width\": 500, \"height\": 264}, \"medium\": {\"ext\": \".jpg\", \"url\": \"/uploads/medium_h7_4446626eb7.jpg\", \"hash\": \"medium_h7_4446626eb7\", \"mime\": \"image/jpeg\", \"name\": \"medium_h7.jpg\", \"path\": null, \"size\": 38.11, \"width\": 750, \"height\": 396}, \"thumbnail\": {\"ext\": \".jpg\", \"url\": \"/uploads/thumbnail_h7_4446626eb7.jpg\", \"hash\": \"thumbnail_h7_4446626eb7\", \"mime\": \"image/jpeg\", \"name\": \"thumbnail_h7.jpg\", \"path\": null, \"size\": 5.97, \"width\": 245, \"height\": 130}}','h7_4446626eb7','.jpg','image/jpeg',109.45,'/uploads/h7_4446626eb7.jpg',NULL,'local',NULL,'/34/35','2024-03-25 09:32:13.133000','2024-03-25 09:32:13.133000',1,1),(124,'h8.jpg',NULL,NULL,1666,856,'{\"large\": {\"ext\": \".jpg\", \"url\": \"/uploads/large_h8_f657ef10a9.jpg\", \"hash\": \"large_h8_f657ef10a9\", \"mime\": \"image/jpeg\", \"name\": \"large_h8.jpg\", \"path\": null, \"size\": 41.37, \"width\": 1000, \"height\": 514}, \"small\": {\"ext\": \".jpg\", \"url\": \"/uploads/small_h8_f657ef10a9.jpg\", \"hash\": \"small_h8_f657ef10a9\", \"mime\": \"image/jpeg\", \"name\": \"small_h8.jpg\", \"path\": null, \"size\": 10.76, \"width\": 500, \"height\": 257}, \"medium\": {\"ext\": \".jpg\", \"url\": \"/uploads/medium_h8_f657ef10a9.jpg\", \"hash\": \"medium_h8_f657ef10a9\", \"mime\": \"image/jpeg\", \"name\": \"medium_h8.jpg\", \"path\": null, \"size\": 23.46, \"width\": 750, \"height\": 385}, \"thumbnail\": {\"ext\": \".jpg\", \"url\": \"/uploads/thumbnail_h8_f657ef10a9.jpg\", \"hash\": \"thumbnail_h8_f657ef10a9\", \"mime\": \"image/jpeg\", \"name\": \"thumbnail_h8.jpg\", \"path\": null, \"size\": 3.04, \"width\": 245, \"height\": 126}}','h8_f657ef10a9','.jpg','image/jpeg',110.80,'/uploads/h8_f657ef10a9.jpg',NULL,'local',NULL,'/34/35','2024-03-25 09:32:26.719000','2024-03-25 09:32:26.719000',1,1),(125,'h9.jpg',NULL,NULL,1600,1200,'{\"large\": {\"ext\": \".jpg\", \"url\": \"/uploads/large_h9_764aa1de05.jpg\", \"hash\": \"large_h9_764aa1de05\", \"mime\": \"image/jpeg\", \"name\": \"large_h9.jpg\", \"path\": null, \"size\": 95.32, \"width\": 1000, \"height\": 750}, \"small\": {\"ext\": \".jpg\", \"url\": \"/uploads/small_h9_764aa1de05.jpg\", \"hash\": \"small_h9_764aa1de05\", \"mime\": \"image/jpeg\", \"name\": \"small_h9.jpg\", \"path\": null, \"size\": 25.67, \"width\": 500, \"height\": 375}, \"medium\": {\"ext\": \".jpg\", \"url\": \"/uploads/medium_h9_764aa1de05.jpg\", \"hash\": \"medium_h9_764aa1de05\", \"mime\": \"image/jpeg\", \"name\": \"medium_h9.jpg\", \"path\": null, \"size\": 55.75, \"width\": 750, \"height\": 563}, \"thumbnail\": {\"ext\": \".jpg\", \"url\": \"/uploads/thumbnail_h9_764aa1de05.jpg\", \"hash\": \"thumbnail_h9_764aa1de05\", \"mime\": \"image/jpeg\", \"name\": \"thumbnail_h9.jpg\", \"path\": null, \"size\": 5.29, \"width\": 208, \"height\": 156}}','h9_764aa1de05','.jpg','image/jpeg',183.18,'/uploads/h9_764aa1de05.jpg',NULL,'local',NULL,'/34/35','2024-03-25 09:32:31.453000','2024-03-25 09:32:31.453000',1,1),(127,'h1.jpg',NULL,NULL,6533,3843,'{\"large\": {\"ext\": \".jpg\", \"url\": \"/uploads/large_h1_b71a94b6f0.jpg\", \"hash\": \"large_h1_b71a94b6f0\", \"mime\": \"image/jpeg\", \"name\": \"large_h1.jpg\", \"path\": null, \"size\": 117.86, \"width\": 1000, \"height\": 588}, \"small\": {\"ext\": \".jpg\", \"url\": \"/uploads/small_h1_b71a94b6f0.jpg\", \"hash\": \"small_h1_b71a94b6f0\", \"mime\": \"image/jpeg\", \"name\": \"small_h1.jpg\", \"path\": null, \"size\": 33.19, \"width\": 500, \"height\": 294}, \"medium\": {\"ext\": \".jpg\", \"url\": \"/uploads/medium_h1_b71a94b6f0.jpg\", \"hash\": \"medium_h1_b71a94b6f0\", \"mime\": \"image/jpeg\", \"name\": \"medium_h1.jpg\", \"path\": null, \"size\": 70.14, \"width\": 750, \"height\": 441}, \"thumbnail\": {\"ext\": \".jpg\", \"url\": \"/uploads/thumbnail_h1_b71a94b6f0.jpg\", \"hash\": \"thumbnail_h1_b71a94b6f0\", \"mime\": \"image/jpeg\", \"name\": \"thumbnail_h1.jpg\", \"path\": null, \"size\": 9.32, \"width\": 245, \"height\": 144}}','h1_b71a94b6f0','.jpg','image/jpeg',3377.95,'/uploads/h1_b71a94b6f0.jpg',NULL,'local',NULL,'/36/37','2024-03-25 09:38:53.420000','2024-03-25 09:38:53.420000',1,1),(128,'h2.jpg',NULL,NULL,1276,899,'{\"large\": {\"ext\": \".jpg\", \"url\": \"/uploads/large_h2_c16a6d43c4.jpg\", \"hash\": \"large_h2_c16a6d43c4\", \"mime\": \"image/jpeg\", \"name\": \"large_h2.jpg\", \"path\": null, \"size\": 154.67, \"width\": 1000, \"height\": 705}, \"small\": {\"ext\": \".jpg\", \"url\": \"/uploads/small_h2_c16a6d43c4.jpg\", \"hash\": \"small_h2_c16a6d43c4\", \"mime\": \"image/jpeg\", \"name\": \"small_h2.jpg\", \"path\": null, \"size\": 44.69, \"width\": 500, \"height\": 352}, \"medium\": {\"ext\": \".jpg\", \"url\": \"/uploads/medium_h2_c16a6d43c4.jpg\", \"hash\": \"medium_h2_c16a6d43c4\", \"mime\": \"image/jpeg\", \"name\": \"medium_h2.jpg\", \"path\": null, \"size\": 92.87, \"width\": 750, \"height\": 528}, \"thumbnail\": {\"ext\": \".jpg\", \"url\": \"/uploads/thumbnail_h2_c16a6d43c4.jpg\", \"hash\": \"thumbnail_h2_c16a6d43c4\", \"mime\": \"image/jpeg\", \"name\": \"thumbnail_h2.jpg\", \"path\": null, \"size\": 10.14, \"width\": 222, \"height\": 156}}','h2_c16a6d43c4','.jpg','image/jpeg',234.06,'/uploads/h2_c16a6d43c4.jpg',NULL,'local',NULL,'/36/37','2024-03-25 09:39:06.242000','2024-03-25 09:39:06.242000',1,1),(129,'h3.jpg',NULL,NULL,1400,740,'{\"large\": {\"ext\": \".jpg\", \"url\": \"/uploads/large_h3_7e0bb9c71f.jpg\", \"hash\": \"large_h3_7e0bb9c71f\", \"mime\": \"image/jpeg\", \"name\": \"large_h3.jpg\", \"path\": null, \"size\": 122.89, \"width\": 1000, \"height\": 529}, \"small\": {\"ext\": \".jpg\", \"url\": \"/uploads/small_h3_7e0bb9c71f.jpg\", \"hash\": \"small_h3_7e0bb9c71f\", \"mime\": \"image/jpeg\", \"name\": \"small_h3.jpg\", \"path\": null, \"size\": 28.82, \"width\": 500, \"height\": 264}, \"medium\": {\"ext\": \".jpg\", \"url\": \"/uploads/medium_h3_7e0bb9c71f.jpg\", \"hash\": \"medium_h3_7e0bb9c71f\", \"mime\": \"image/jpeg\", \"name\": \"medium_h3.jpg\", \"path\": null, \"size\": 66.39, \"width\": 750, \"height\": 396}, \"thumbnail\": {\"ext\": \".jpg\", \"url\": \"/uploads/thumbnail_h3_7e0bb9c71f.jpg\", \"hash\": \"thumbnail_h3_7e0bb9c71f\", \"mime\": \"image/jpeg\", \"name\": \"thumbnail_h3.jpg\", \"path\": null, \"size\": 7.4, \"width\": 245, \"height\": 130}}','h3_7e0bb9c71f','.jpg','image/jpeg',257.50,'/uploads/h3_7e0bb9c71f.jpg',NULL,'local',NULL,'/36/37','2024-03-25 09:39:10.480000','2024-03-25 09:39:10.480000',1,1),(130,'h4.jpg',NULL,NULL,3968,2976,'{\"large\": {\"ext\": \".jpg\", \"url\": \"/uploads/large_h4_75b8214684.jpg\", \"hash\": \"large_h4_75b8214684\", \"mime\": \"image/jpeg\", \"name\": \"large_h4.jpg\", \"path\": null, \"size\": 123.96, \"width\": 1000, \"height\": 750}, \"small\": {\"ext\": \".jpg\", \"url\": \"/uploads/small_h4_75b8214684.jpg\", \"hash\": \"small_h4_75b8214684\", \"mime\": \"image/jpeg\", \"name\": \"small_h4.jpg\", \"path\": null, \"size\": 37.52, \"width\": 500, \"height\": 375}, \"medium\": {\"ext\": \".jpg\", \"url\": \"/uploads/medium_h4_75b8214684.jpg\", \"hash\": \"medium_h4_75b8214684\", \"mime\": \"image/jpeg\", \"name\": \"medium_h4.jpg\", \"path\": null, \"size\": 73.96, \"width\": 750, \"height\": 563}, \"thumbnail\": {\"ext\": \".jpg\", \"url\": \"/uploads/thumbnail_h4_75b8214684.jpg\", \"hash\": \"thumbnail_h4_75b8214684\", \"mime\": \"image/jpeg\", \"name\": \"thumbnail_h4.jpg\", \"path\": null, \"size\": 8.7, \"width\": 208, \"height\": 156}}','h4_75b8214684','.jpg','image/jpeg',1018.83,'/uploads/h4_75b8214684.jpg',NULL,'local',NULL,'/36/37','2024-03-25 09:39:16.052000','2024-03-25 09:39:16.052000',1,1),(131,'h5.jpg',NULL,NULL,1920,1100,'{\"large\": {\"ext\": \".jpg\", \"url\": \"/uploads/large_h5_eeee1397d8.jpg\", \"hash\": \"large_h5_eeee1397d8\", \"mime\": \"image/jpeg\", \"name\": \"large_h5.jpg\", \"path\": null, \"size\": 139.71, \"width\": 1000, \"height\": 573}, \"small\": {\"ext\": \".jpg\", \"url\": \"/uploads/small_h5_eeee1397d8.jpg\", \"hash\": \"small_h5_eeee1397d8\", \"mime\": \"image/jpeg\", \"name\": \"small_h5.jpg\", \"path\": null, \"size\": 36.19, \"width\": 500, \"height\": 286}, \"medium\": {\"ext\": \".jpg\", \"url\": \"/uploads/medium_h5_eeee1397d8.jpg\", \"hash\": \"medium_h5_eeee1397d8\", \"mime\": \"image/jpeg\", \"name\": \"medium_h5.jpg\", \"path\": null, \"size\": 80.54, \"width\": 750, \"height\": 430}, \"thumbnail\": {\"ext\": \".jpg\", \"url\": \"/uploads/thumbnail_h5_eeee1397d8.jpg\", \"hash\": \"thumbnail_h5_eeee1397d8\", \"mime\": \"image/jpeg\", \"name\": \"thumbnail_h5.jpg\", \"path\": null, \"size\": 9.52, \"width\": 245, \"height\": 140}}','h5_eeee1397d8','.jpg','image/jpeg',375.01,'/uploads/h5_eeee1397d8.jpg',NULL,'local',NULL,'/36/37','2024-03-25 09:39:21.438000','2024-03-25 09:39:21.438000',1,1),(132,'h6.jpg',NULL,NULL,1600,1066,'{\"large\": {\"ext\": \".jpg\", \"url\": \"/uploads/large_h6_b65f42d622.jpg\", \"hash\": \"large_h6_b65f42d622\", \"mime\": \"image/jpeg\", \"name\": \"large_h6.jpg\", \"path\": null, \"size\": 90.58, \"width\": 1000, \"height\": 666}, \"small\": {\"ext\": \".jpg\", \"url\": \"/uploads/small_h6_b65f42d622.jpg\", \"hash\": \"small_h6_b65f42d622\", \"mime\": \"image/jpeg\", \"name\": \"small_h6.jpg\", \"path\": null, \"size\": 26.36, \"width\": 500, \"height\": 333}, \"medium\": {\"ext\": \".jpg\", \"url\": \"/uploads/medium_h6_b65f42d622.jpg\", \"hash\": \"medium_h6_b65f42d622\", \"mime\": \"image/jpeg\", \"name\": \"medium_h6.jpg\", \"path\": null, \"size\": 54.74, \"width\": 750, \"height\": 500}, \"thumbnail\": {\"ext\": \".jpg\", \"url\": \"/uploads/thumbnail_h6_b65f42d622.jpg\", \"hash\": \"thumbnail_h6_b65f42d622\", \"mime\": \"image/jpeg\", \"name\": \"thumbnail_h6.jpg\", \"path\": null, \"size\": 7.31, \"width\": 235, \"height\": 156}}','h6_b65f42d622','.jpg','image/jpeg',175.70,'/uploads/h6_b65f42d622.jpg',NULL,'local',NULL,'/36/37','2024-03-25 09:39:33.824000','2024-03-25 09:39:33.824000',1,1),(133,'h7.png',NULL,NULL,1400,740,'{\"large\": {\"ext\": \".png\", \"url\": \"/uploads/large_h7_967aeded2e.png\", \"hash\": \"large_h7_967aeded2e\", \"mime\": \"image/png\", \"name\": \"large_h7.png\", \"path\": null, \"size\": 1423.86, \"width\": 1000, \"height\": 529}, \"small\": {\"ext\": \".png\", \"url\": \"/uploads/small_h7_967aeded2e.png\", \"hash\": \"small_h7_967aeded2e\", \"mime\": \"image/png\", \"name\": \"small_h7.png\", \"path\": null, \"size\": 358.31, \"width\": 500, \"height\": 264}, \"medium\": {\"ext\": \".png\", \"url\": \"/uploads/medium_h7_967aeded2e.png\", \"hash\": \"medium_h7_967aeded2e\", \"mime\": \"image/png\", \"name\": \"medium_h7.png\", \"path\": null, \"size\": 803.57, \"width\": 750, \"height\": 396}, \"thumbnail\": {\"ext\": \".png\", \"url\": \"/uploads/thumbnail_h7_967aeded2e.png\", \"hash\": \"thumbnail_h7_967aeded2e\", \"mime\": \"image/png\", \"name\": \"thumbnail_h7.png\", \"path\": null, \"size\": 88.09, \"width\": 245, \"height\": 130}}','h7_967aeded2e','.png','image/png',730.18,'/uploads/h7_967aeded2e.png',NULL,'local',NULL,'/36/37','2024-03-25 09:39:42.670000','2024-03-25 09:39:42.670000',1,1),(134,'h8.jpg',NULL,NULL,1280,720,'{\"large\": {\"ext\": \".jpg\", \"url\": \"/uploads/large_h8_1e0056e805.jpg\", \"hash\": \"large_h8_1e0056e805\", \"mime\": \"image/jpeg\", \"name\": \"large_h8.jpg\", \"path\": null, \"size\": 78.39, \"width\": 1000, \"height\": 563}, \"small\": {\"ext\": \".jpg\", \"url\": \"/uploads/small_h8_1e0056e805.jpg\", \"hash\": \"small_h8_1e0056e805\", \"mime\": \"image/jpeg\", \"name\": \"small_h8.jpg\", \"path\": null, \"size\": 24.17, \"width\": 500, \"height\": 281}, \"medium\": {\"ext\": \".jpg\", \"url\": \"/uploads/medium_h8_1e0056e805.jpg\", \"hash\": \"medium_h8_1e0056e805\", \"mime\": \"image/jpeg\", \"name\": \"medium_h8.jpg\", \"path\": null, \"size\": 47.66, \"width\": 750, \"height\": 422}, \"thumbnail\": {\"ext\": \".jpg\", \"url\": \"/uploads/thumbnail_h8_1e0056e805.jpg\", \"hash\": \"thumbnail_h8_1e0056e805\", \"mime\": \"image/jpeg\", \"name\": \"thumbnail_h8.jpg\", \"path\": null, \"size\": 7.27, \"width\": 245, \"height\": 138}}','h8_1e0056e805','.jpg','image/jpeg',93.84,'/uploads/h8_1e0056e805.jpg',NULL,'local',NULL,'/36/37','2024-03-25 09:39:48.135000','2024-03-25 09:39:48.135000',1,1),(135,'h9.jpg',NULL,NULL,1600,1200,'{\"large\": {\"ext\": \".jpg\", \"url\": \"/uploads/large_h9_c7e05a7a98.jpg\", \"hash\": \"large_h9_c7e05a7a98\", \"mime\": \"image/jpeg\", \"name\": \"large_h9.jpg\", \"path\": null, \"size\": 154.08, \"width\": 1000, \"height\": 750}, \"small\": {\"ext\": \".jpg\", \"url\": \"/uploads/small_h9_c7e05a7a98.jpg\", \"hash\": \"small_h9_c7e05a7a98\", \"mime\": \"image/jpeg\", \"name\": \"small_h9.jpg\", \"path\": null, \"size\": 43.25, \"width\": 500, \"height\": 375}, \"medium\": {\"ext\": \".jpg\", \"url\": \"/uploads/medium_h9_c7e05a7a98.jpg\", \"hash\": \"medium_h9_c7e05a7a98\", \"mime\": \"image/jpeg\", \"name\": \"medium_h9.jpg\", \"path\": null, \"size\": 91.34, \"width\": 750, \"height\": 563}, \"thumbnail\": {\"ext\": \".jpg\", \"url\": \"/uploads/thumbnail_h9_c7e05a7a98.jpg\", \"hash\": \"thumbnail_h9_c7e05a7a98\", \"mime\": \"image/jpeg\", \"name\": \"thumbnail_h9.jpg\", \"path\": null, \"size\": 9.68, \"width\": 208, \"height\": 156}}','h9_c7e05a7a98','.jpg','image/jpeg',285.17,'/uploads/h9_c7e05a7a98.jpg',NULL,'local',NULL,'/36/37','2024-03-25 09:39:52.464000','2024-03-25 09:39:52.464000',1,1),(136,'1.png',NULL,NULL,447,559,'{\"small\": {\"ext\": \".png\", \"url\": \"/uploads/small_1_47e8335ec7.png\", \"hash\": \"small_1_47e8335ec7\", \"mime\": \"image/png\", \"name\": \"small_1.png\", \"path\": null, \"size\": 136.06, \"width\": 400, \"height\": 500}, \"thumbnail\": {\"ext\": \".png\", \"url\": \"/uploads/thumbnail_1_47e8335ec7.png\", \"hash\": \"thumbnail_1_47e8335ec7\", \"mime\": \"image/png\", \"name\": \"thumbnail_1.png\", \"path\": null, \"size\": 18.2, \"width\": 125, \"height\": 156}}','1_47e8335ec7','.png','image/png',48.27,'/uploads/1_47e8335ec7.png',NULL,'local',NULL,'/3/5/22','2024-03-25 12:23:30.766000','2024-03-25 12:23:30.766000',1,1),(137,'2.png',NULL,NULL,447,559,'{\"small\": {\"ext\": \".png\", \"url\": \"/uploads/small_2_d7dc0c0eef.png\", \"hash\": \"small_2_d7dc0c0eef\", \"mime\": \"image/png\", \"name\": \"small_2.png\", \"path\": null, \"size\": 134.41, \"width\": 400, \"height\": 500}, \"thumbnail\": {\"ext\": \".png\", \"url\": \"/uploads/thumbnail_2_d7dc0c0eef.png\", \"hash\": \"thumbnail_2_d7dc0c0eef\", \"mime\": \"image/png\", \"name\": \"thumbnail_2.png\", \"path\": null, \"size\": 18.03, \"width\": 125, \"height\": 156}}','2_d7dc0c0eef','.png','image/png',43.88,'/uploads/2_d7dc0c0eef.png',NULL,'local',NULL,'/3/5/22','2024-03-25 12:23:31.064000','2024-03-25 12:23:31.064000',1,1),(138,'3.png',NULL,NULL,447,559,'{\"small\": {\"ext\": \".png\", \"url\": \"/uploads/small_3_6264c96281.png\", \"hash\": \"small_3_6264c96281\", \"mime\": \"image/png\", \"name\": \"small_3.png\", \"path\": null, \"size\": 139.01, \"width\": 400, \"height\": 500}, \"thumbnail\": {\"ext\": \".png\", \"url\": \"/uploads/thumbnail_3_6264c96281.png\", \"hash\": \"thumbnail_3_6264c96281\", \"mime\": \"image/png\", \"name\": \"thumbnail_3.png\", \"path\": null, \"size\": 19.45, \"width\": 125, \"height\": 156}}','3_6264c96281','.png','image/png',43.79,'/uploads/3_6264c96281.png',NULL,'local',NULL,'/3/5/22','2024-03-25 12:23:31.352000','2024-03-25 12:23:31.352000',1,1),(139,'5.png',NULL,NULL,447,559,'{\"small\": {\"ext\": \".png\", \"url\": \"/uploads/small_5_555d532b0f.png\", \"hash\": \"small_5_555d532b0f\", \"mime\": \"image/png\", \"name\": \"small_5.png\", \"path\": null, \"size\": 98.61, \"width\": 400, \"height\": 500}, \"thumbnail\": {\"ext\": \".png\", \"url\": \"/uploads/thumbnail_5_555d532b0f.png\", \"hash\": \"thumbnail_5_555d532b0f\", \"mime\": \"image/png\", \"name\": \"thumbnail_5.png\", \"path\": null, \"size\": 12.91, \"width\": 125, \"height\": 156}}','5_555d532b0f','.png','image/png',33.81,'/uploads/5_555d532b0f.png',NULL,'local',NULL,'/3/5/22','2024-03-25 12:23:31.746000','2024-03-25 12:23:31.746000',1,1),(140,'4.png',NULL,NULL,447,559,'{\"small\": {\"ext\": \".png\", \"url\": \"/uploads/small_4_663126f16f.png\", \"hash\": \"small_4_663126f16f\", \"mime\": \"image/png\", \"name\": \"small_4.png\", \"path\": null, \"size\": 179.4, \"width\": 400, \"height\": 500}, \"thumbnail\": {\"ext\": \".png\", \"url\": \"/uploads/thumbnail_4_663126f16f.png\", \"hash\": \"thumbnail_4_663126f16f\", \"mime\": \"image/png\", \"name\": \"thumbnail_4.png\", \"path\": null, \"size\": 25.42, \"width\": 125, \"height\": 156}}','4_663126f16f','.png','image/png',59.01,'/uploads/4_663126f16f.png',NULL,'local',NULL,'/3/5/22','2024-03-25 12:23:31.781000','2024-03-25 12:23:31.781000',1,1),(141,'8.png',NULL,NULL,447,559,'{\"small\": {\"ext\": \".png\", \"url\": \"/uploads/small_8_64bf8f365c.png\", \"hash\": \"small_8_64bf8f365c\", \"mime\": \"image/png\", \"name\": \"small_8.png\", \"path\": null, \"size\": 153.33, \"width\": 400, \"height\": 500}, \"thumbnail\": {\"ext\": \".png\", \"url\": \"/uploads/thumbnail_8_64bf8f365c.png\", \"hash\": \"thumbnail_8_64bf8f365c\", \"mime\": \"image/png\", \"name\": \"thumbnail_8.png\", \"path\": null, \"size\": 20.28, \"width\": 125, \"height\": 156}}','8_64bf8f365c','.png','image/png',46.82,'/uploads/8_64bf8f365c.png',NULL,'local',NULL,'/3/5/22','2024-03-25 12:23:32.067000','2024-03-25 12:23:32.067000',1,1),(142,'6.png',NULL,NULL,447,559,'{\"small\": {\"ext\": \".png\", \"url\": \"/uploads/small_6_22a427f824.png\", \"hash\": \"small_6_22a427f824\", \"mime\": \"image/png\", \"name\": \"small_6.png\", \"path\": null, \"size\": 106.72, \"width\": 400, \"height\": 500}, \"thumbnail\": {\"ext\": \".png\", \"url\": \"/uploads/thumbnail_6_22a427f824.png\", \"hash\": \"thumbnail_6_22a427f824\", \"mime\": \"image/png\", \"name\": \"thumbnail_6.png\", \"path\": null, \"size\": 14.16, \"width\": 125, \"height\": 156}}','6_22a427f824','.png','image/png',34.10,'/uploads/6_22a427f824.png',NULL,'local',NULL,'/3/5/22','2024-03-25 12:23:32.313000','2024-03-25 12:23:32.313000',1,1),(143,'7.png',NULL,NULL,447,559,'{\"small\": {\"ext\": \".png\", \"url\": \"/uploads/small_7_bcfc7ec4a1.png\", \"hash\": \"small_7_bcfc7ec4a1\", \"mime\": \"image/png\", \"name\": \"small_7.png\", \"path\": null, \"size\": 145.34, \"width\": 400, \"height\": 500}, \"thumbnail\": {\"ext\": \".png\", \"url\": \"/uploads/thumbnail_7_bcfc7ec4a1.png\", \"hash\": \"thumbnail_7_bcfc7ec4a1\", \"mime\": \"image/png\", \"name\": \"thumbnail_7.png\", \"path\": null, \"size\": 20.61, \"width\": 125, \"height\": 156}}','7_bcfc7ec4a1','.png','image/png',46.96,'/uploads/7_bcfc7ec4a1.png',NULL,'local',NULL,'/3/5/22','2024-03-25 12:23:32.314000','2024-03-25 12:23:32.314000',1,1),(144,'highness2.jpg',NULL,NULL,1080,1346,'{\"large\": {\"ext\": \".jpg\", \"url\": \"/uploads/large_highness2_703981748d.jpg\", \"hash\": \"large_highness2_703981748d\", \"mime\": \"image/jpeg\", \"name\": \"large_highness2.jpg\", \"path\": null, \"size\": 59.33, \"width\": 802, \"height\": 1000}, \"small\": {\"ext\": \".jpg\", \"url\": \"/uploads/small_highness2_703981748d.jpg\", \"hash\": \"small_highness2_703981748d\", \"mime\": \"image/jpeg\", \"name\": \"small_highness2.jpg\", \"path\": null, \"size\": 20.08, \"width\": 401, \"height\": 500}, \"medium\": {\"ext\": \".jpg\", \"url\": \"/uploads/medium_highness2_703981748d.jpg\", \"hash\": \"medium_highness2_703981748d\", \"mime\": \"image/jpeg\", \"name\": \"medium_highness2.jpg\", \"path\": null, \"size\": 37.64, \"width\": 602, \"height\": 750}, \"thumbnail\": {\"ext\": \".jpg\", \"url\": \"/uploads/thumbnail_highness2_703981748d.jpg\", \"hash\": \"thumbnail_highness2_703981748d\", \"mime\": \"image/jpeg\", \"name\": \"thumbnail_highness2.jpg\", \"path\": null, \"size\": 3.56, \"width\": 125, \"height\": 156}}','highness2_703981748d','.jpg','image/jpeg',63.38,'/uploads/highness2_703981748d.jpg',NULL,'local',NULL,'/36/38','2024-03-26 13:03:20.331000','2024-03-26 13:03:20.331000',1,1),(145,'chairman.jpg',NULL,NULL,731,1024,'{\"large\": {\"ext\": \".jpg\", \"url\": \"/uploads/large_chairman_cff633018f.jpg\", \"hash\": \"large_chairman_cff633018f\", \"mime\": \"image/jpeg\", \"name\": \"large_chairman.jpg\", \"path\": null, \"size\": 60.97, \"width\": 714, \"height\": 1000}, \"small\": {\"ext\": \".jpg\", \"url\": \"/uploads/small_chairman_cff633018f.jpg\", \"hash\": \"small_chairman_cff633018f\", \"mime\": \"image/jpeg\", \"name\": \"small_chairman.jpg\", \"path\": null, \"size\": 18.54, \"width\": 357, \"height\": 500}, \"medium\": {\"ext\": \".jpg\", \"url\": \"/uploads/medium_chairman_cff633018f.jpg\", \"hash\": \"medium_chairman_cff633018f\", \"mime\": \"image/jpeg\", \"name\": \"medium_chairman.jpg\", \"path\": null, \"size\": 36.84, \"width\": 535, \"height\": 750}, \"thumbnail\": {\"ext\": \".jpg\", \"url\": \"/uploads/thumbnail_chairman_cff633018f.jpg\", \"hash\": \"thumbnail_chairman_cff633018f\", \"mime\": \"image/jpeg\", \"name\": \"thumbnail_chairman.jpg\", \"path\": null, \"size\": 3.34, \"width\": 111, \"height\": 156}}','chairman_cff633018f','.jpg','image/jpeg',64.92,'/uploads/chairman_cff633018f.jpg',NULL,'local',NULL,'/36/38','2024-03-26 13:03:55.957000','2024-03-26 13:03:55.957000',1,1),(146,'hero.png',NULL,NULL,1312,777,'{\"large\": {\"ext\": \".png\", \"url\": \"/uploads/large_hero_04d467cc2b.png\", \"hash\": \"large_hero_04d467cc2b\", \"mime\": \"image/png\", \"name\": \"large_hero.png\", \"path\": null, \"size\": 1309.11, \"width\": 1000, \"height\": 592}, \"small\": {\"ext\": \".png\", \"url\": \"/uploads/small_hero_04d467cc2b.png\", \"hash\": \"small_hero_04d467cc2b\", \"mime\": \"image/png\", \"name\": \"small_hero.png\", \"path\": null, \"size\": 353.07, \"width\": 500, \"height\": 296}, \"medium\": {\"ext\": \".png\", \"url\": \"/uploads/medium_hero_04d467cc2b.png\", \"hash\": \"medium_hero_04d467cc2b\", \"mime\": \"image/png\", \"name\": \"medium_hero.png\", \"path\": null, \"size\": 763.12, \"width\": 750, \"height\": 444}, \"thumbnail\": {\"ext\": \".png\", \"url\": \"/uploads/thumbnail_hero_04d467cc2b.png\", \"hash\": \"thumbnail_hero_04d467cc2b\", \"mime\": \"image/png\", \"name\": \"thumbnail_hero.png\", \"path\": null, \"size\": 91.09, \"width\": 245, \"height\": 145}}','hero_04d467cc2b','.png','image/png',488.05,'/uploads/hero_04d467cc2b.png',NULL,'local',NULL,'/36/39','2024-03-26 19:29:14.491000','2024-03-26 19:29:14.491000',1,1),(147,'hero2.png',NULL,NULL,1312,777,'{\"large\": {\"ext\": \".png\", \"url\": \"/uploads/large_hero2_209435f05c.png\", \"hash\": \"large_hero2_209435f05c\", \"mime\": \"image/png\", \"name\": \"large_hero2.png\", \"path\": null, \"size\": 1189.08, \"width\": 1000, \"height\": 592}, \"small\": {\"ext\": \".png\", \"url\": \"/uploads/small_hero2_209435f05c.png\", \"hash\": \"small_hero2_209435f05c\", \"mime\": \"image/png\", \"name\": \"small_hero2.png\", \"path\": null, \"size\": 322.38, \"width\": 500, \"height\": 296}, \"medium\": {\"ext\": \".png\", \"url\": \"/uploads/medium_hero2_209435f05c.png\", \"hash\": \"medium_hero2_209435f05c\", \"mime\": \"image/png\", \"name\": \"medium_hero2.png\", \"path\": null, \"size\": 691.18, \"width\": 750, \"height\": 444}, \"thumbnail\": {\"ext\": \".png\", \"url\": \"/uploads/thumbnail_hero2_209435f05c.png\", \"hash\": \"thumbnail_hero2_209435f05c\", \"mime\": \"image/png\", \"name\": \"thumbnail_hero2.png\", \"path\": null, \"size\": 86.35, \"width\": 245, \"height\": 145}}','hero2_209435f05c','.png','image/png',406.24,'/uploads/hero2_209435f05c.png',NULL,'local',NULL,'/36/39','2024-03-26 19:29:14.995000','2024-03-26 19:29:14.995000',1,1),(148,'img6.jpg',NULL,NULL,600,400,'{\"small\": {\"ext\": \".jpg\", \"url\": \"/uploads/small_img6_3363d3bac8.jpg\", \"hash\": \"small_img6_3363d3bac8\", \"mime\": \"image/jpeg\", \"name\": \"small_img6.jpg\", \"path\": null, \"size\": 46.27, \"width\": 500, \"height\": 333}, \"thumbnail\": {\"ext\": \".jpg\", \"url\": \"/uploads/thumbnail_img6_3363d3bac8.jpg\", \"hash\": \"thumbnail_img6_3363d3bac8\", \"mime\": \"image/jpeg\", \"name\": \"thumbnail_img6.jpg\", \"path\": null, \"size\": 13.29, \"width\": 234, \"height\": 156}}','img6_3363d3bac8','.jpg','image/jpeg',62.32,'/uploads/img6_3363d3bac8.jpg',NULL,'local',NULL,'/40/42','2024-03-27 13:59:03.619000','2024-03-27 13:59:03.619000',1,1),(149,'img3.jpg',NULL,NULL,600,400,'{\"small\": {\"ext\": \".jpg\", \"url\": \"/uploads/small_img3_2c125d751d.jpg\", \"hash\": \"small_img3_2c125d751d\", \"mime\": \"image/jpeg\", \"name\": \"small_img3.jpg\", \"path\": null, \"size\": 33.85, \"width\": 500, \"height\": 333}, \"thumbnail\": {\"ext\": \".jpg\", \"url\": \"/uploads/thumbnail_img3_2c125d751d.jpg\", \"hash\": \"thumbnail_img3_2c125d751d\", \"mime\": \"image/jpeg\", \"name\": \"thumbnail_img3.jpg\", \"path\": null, \"size\": 9.39, \"width\": 234, \"height\": 156}}','img3_2c125d751d','.jpg','image/jpeg',47.31,'/uploads/img3_2c125d751d.jpg',NULL,'local',NULL,'/40/42','2024-03-27 13:59:03.638000','2024-03-27 13:59:03.638000',1,1),(150,'img4.jpg',NULL,NULL,600,400,'{\"small\": {\"ext\": \".jpg\", \"url\": \"/uploads/small_img4_cae05e843f.jpg\", \"hash\": \"small_img4_cae05e843f\", \"mime\": \"image/jpeg\", \"name\": \"small_img4.jpg\", \"path\": null, \"size\": 42.49, \"width\": 500, \"height\": 333}, \"thumbnail\": {\"ext\": \".jpg\", \"url\": \"/uploads/thumbnail_img4_cae05e843f.jpg\", \"hash\": \"thumbnail_img4_cae05e843f\", \"mime\": \"image/jpeg\", \"name\": \"thumbnail_img4.jpg\", \"path\": null, \"size\": 12.01, \"width\": 234, \"height\": 156}}','img4_cae05e843f','.jpg','image/jpeg',57.72,'/uploads/img4_cae05e843f.jpg',NULL,'local',NULL,'/40/42','2024-03-27 13:59:03.691000','2024-03-27 13:59:03.691000',1,1),(151,'img2.jpg',NULL,NULL,600,400,'{\"small\": {\"ext\": \".jpg\", \"url\": \"/uploads/small_img2_32118395d0.jpg\", \"hash\": \"small_img2_32118395d0\", \"mime\": \"image/jpeg\", \"name\": \"small_img2.jpg\", \"path\": null, \"size\": 90.46, \"width\": 500, \"height\": 333}, \"thumbnail\": {\"ext\": \".jpg\", \"url\": \"/uploads/thumbnail_img2_32118395d0.jpg\", \"hash\": \"thumbnail_img2_32118395d0\", \"mime\": \"image/jpeg\", \"name\": \"thumbnail_img2.jpg\", \"path\": null, \"size\": 20.97, \"width\": 234, \"height\": 156}}','img2_32118395d0','.jpg','image/jpeg',128.88,'/uploads/img2_32118395d0.jpg',NULL,'local',NULL,'/40/42','2024-03-27 13:59:04.197000','2024-03-27 13:59:04.197000',1,1),(152,'img5.jpg',NULL,NULL,1130,650,'{\"large\": {\"ext\": \".jpg\", \"url\": \"/uploads/large_img5_f3149b53cc.jpg\", \"hash\": \"large_img5_f3149b53cc\", \"mime\": \"image/jpeg\", \"name\": \"large_img5.jpg\", \"path\": null, \"size\": 159.56, \"width\": 1000, \"height\": 575}, \"small\": {\"ext\": \".jpg\", \"url\": \"/uploads/small_img5_f3149b53cc.jpg\", \"hash\": \"small_img5_f3149b53cc\", \"mime\": \"image/jpeg\", \"name\": \"small_img5.jpg\", \"path\": null, \"size\": 47.61, \"width\": 500, \"height\": 288}, \"medium\": {\"ext\": \".jpg\", \"url\": \"/uploads/medium_img5_f3149b53cc.jpg\", \"hash\": \"medium_img5_f3149b53cc\", \"mime\": \"image/jpeg\", \"name\": \"medium_img5.jpg\", \"path\": null, \"size\": 97.61, \"width\": 750, \"height\": 431}, \"thumbnail\": {\"ext\": \".jpg\", \"url\": \"/uploads/thumbnail_img5_f3149b53cc.jpg\", \"hash\": \"thumbnail_img5_f3149b53cc\", \"mime\": \"image/jpeg\", \"name\": \"thumbnail_img5.jpg\", \"path\": null, \"size\": 13.07, \"width\": 245, \"height\": 141}}','img5_f3149b53cc','.jpg','image/jpeg',203.79,'/uploads/img5_f3149b53cc.jpg',NULL,'local',NULL,'/40/42','2024-03-27 13:59:04.206000','2024-03-27 13:59:04.206000',1,1),(153,'img1.jpg',NULL,NULL,2560,1706,'{\"large\": {\"ext\": \".jpg\", \"url\": \"/uploads/large_img1_ec996c73c2.jpg\", \"hash\": \"large_img1_ec996c73c2\", \"mime\": \"image/jpeg\", \"name\": \"large_img1.jpg\", \"path\": null, \"size\": 56.65, \"width\": 1000, \"height\": 666}, \"small\": {\"ext\": \".jpg\", \"url\": \"/uploads/small_img1_ec996c73c2.jpg\", \"hash\": \"small_img1_ec996c73c2\", \"mime\": \"image/jpeg\", \"name\": \"small_img1.jpg\", \"path\": null, \"size\": 18.55, \"width\": 500, \"height\": 333}, \"medium\": {\"ext\": \".jpg\", \"url\": \"/uploads/medium_img1_ec996c73c2.jpg\", \"hash\": \"medium_img1_ec996c73c2\", \"mime\": \"image/jpeg\", \"name\": \"medium_img1.jpg\", \"path\": null, \"size\": 35.49, \"width\": 750, \"height\": 500}, \"thumbnail\": {\"ext\": \".jpg\", \"url\": \"/uploads/thumbnail_img1_ec996c73c2.jpg\", \"hash\": \"thumbnail_img1_ec996c73c2\", \"mime\": \"image/jpeg\", \"name\": \"thumbnail_img1.jpg\", \"path\": null, \"size\": 5.74, \"width\": 234, \"height\": 156}}','img1_ec996c73c2','.jpg','image/jpeg',258.98,'/uploads/img1_ec996c73c2.jpg',NULL,'local',NULL,'/40/42','2024-03-27 13:59:04.349000','2024-03-27 13:59:04.349000',1,1),(154,'img1.png',NULL,NULL,430,440,'{\"thumbnail\": {\"ext\": \".png\", \"url\": \"/uploads/thumbnail_img1_3d30af7417.png\", \"hash\": \"thumbnail_img1_3d30af7417\", \"mime\": \"image/png\", \"name\": \"thumbnail_img1.png\", \"path\": null, \"size\": 53.88, \"width\": 152, \"height\": 156}}','img1_3d30af7417','.png','image/png',86.92,'/uploads/img1_3d30af7417.png',NULL,'local',NULL,'/40/41','2024-03-27 14:06:34.874000','2024-03-27 14:06:34.874000',1,1),(155,'img3.png',NULL,NULL,430,440,'{\"thumbnail\": {\"ext\": \".png\", \"url\": \"/uploads/thumbnail_img3_43a7ffc4d3.png\", \"hash\": \"thumbnail_img3_43a7ffc4d3\", \"mime\": \"image/png\", \"name\": \"thumbnail_img3.png\", \"path\": null, \"size\": 55, \"width\": 152, \"height\": 156}}','img3_43a7ffc4d3','.png','image/png',83.40,'/uploads/img3_43a7ffc4d3.png',NULL,'local',NULL,'/40/41','2024-03-27 14:06:35.242000','2024-03-27 14:06:35.242000',1,1),(156,'img2.png',NULL,NULL,430,440,'{\"thumbnail\": {\"ext\": \".png\", \"url\": \"/uploads/thumbnail_img2_7e8d9086ab.png\", \"hash\": \"thumbnail_img2_7e8d9086ab\", \"mime\": \"image/png\", \"name\": \"thumbnail_img2.png\", \"path\": null, \"size\": 62.21, \"width\": 152, \"height\": 156}}','img2_7e8d9086ab','.png','image/png',113.59,'/uploads/img2_7e8d9086ab.png',NULL,'local',NULL,'/40/41','2024-03-27 14:06:35.460000','2024-03-27 14:06:35.460000',1,1),(157,'logo0.jpg',NULL,NULL,400,489,'{\"thumbnail\": {\"ext\": \".jpg\", \"url\": \"/uploads/thumbnail_logo0_fb91299a78.jpg\", \"hash\": \"thumbnail_logo0_fb91299a78\", \"mime\": \"image/jpeg\", \"name\": \"thumbnail_logo0.jpg\", \"path\": null, \"size\": 5.6, \"width\": 128, \"height\": 156}}','logo0_fb91299a78','.jpg','image/jpeg',24.08,'/uploads/logo0_fb91299a78.jpg',NULL,'local',NULL,'/24/32','2024-03-28 17:52:13.265000','2024-03-28 17:52:13.265000',1,1);
/*!40000 ALTER TABLE `files` ENABLE KEYS */;
UNLOCK TABLES;

--
-- Table structure for table `files_folder_links`
--

DROP TABLE IF EXISTS `files_folder_links`;
/*!40101 SET @saved_cs_client     = @@character_set_client */;
/*!50503 SET character_set_client = utf8mb4 */;
CREATE TABLE `files_folder_links` (
  `id` int unsigned NOT NULL AUTO_INCREMENT,
  `file_id` int unsigned DEFAULT NULL,
  `folder_id` int unsigned DEFAULT NULL,
  `file_order` double unsigned DEFAULT NULL,
  PRIMARY KEY (`id`),
  UNIQUE KEY `files_folder_links_unique` (`file_id`,`folder_id`),
  KEY `files_folder_links_fk` (`file_id`),
  KEY `files_folder_links_inv_fk` (`folder_id`),
  KEY `files_folder_links_order_inv_fk` (`file_order`),
  CONSTRAINT `files_folder_links_fk` FOREIGN KEY (`file_id`) REFERENCES `files` (`id`) ON DELETE CASCADE,
  CONSTRAINT `files_folder_links_inv_fk` FOREIGN KEY (`folder_id`) REFERENCES `upload_folders` (`id`) ON DELETE CASCADE
) ENGINE=InnoDB AUTO_INCREMENT=179 DEFAULT CHARSET=utf8mb4 COLLATE=utf8mb4_0900_ai_ci;
/*!40101 SET character_set_client = @saved_cs_client */;

--
-- Dumping data for table `files_folder_links`
--

LOCK TABLES `files_folder_links` WRITE;
/*!40000 ALTER TABLE `files_folder_links` DISABLE KEYS */;
INSERT INTO `files_folder_links` VALUES (1,1,1,1),(2,2,1,2),(3,3,1,3),(9,8,7,1),(10,9,7,2),(11,10,7,2),(12,11,7,3),(13,12,7,4),(14,13,7,5),(36,34,9,1),(37,35,9,2),(38,36,9,3),(39,37,9,4),(40,38,9,5),(41,39,9,6),(42,40,9,7),(43,41,9,8),(44,42,9,8),(45,43,9,9),(46,44,9,10),(47,45,9,11),(48,46,9,12),(49,47,9,13),(50,48,9,14),(51,49,9,15),(53,51,9,17),(54,52,9,18),(56,54,9,20),(57,55,9,21),(60,58,11,1),(61,59,11,2),(62,60,11,3),(63,61,11,4),(64,62,11,5),(65,63,11,6),(66,64,11,7),(67,65,11,8),(70,68,13,1),(71,69,13,2),(72,70,13,3),(73,71,13,4),(74,72,13,5),(75,73,13,6),(76,74,13,7),(79,77,15,1),(80,78,15,2),(81,79,15,3),(82,80,15,4),(83,81,15,5),(84,82,15,6),(85,83,15,7),(86,84,15,8),(87,85,15,9),(90,88,17,1),(91,89,17,2),(92,90,17,3),(93,91,17,3),(94,92,17,4),(95,93,17,5),(96,94,17,6),(99,97,19,1),(100,98,19,1),(101,99,19,2),(102,100,19,3),(103,101,19,4),(104,102,19,5),(105,103,19,6),(110,108,23,1),(111,109,23,2),(112,110,23,2),(113,111,23,3),(114,112,23,3),(115,113,23,3),(116,114,23,4),(117,115,23,5),(118,116,23,6),(120,106,25,NULL),(121,107,25,NULL),(122,104,26,NULL),(123,105,26,NULL),(124,95,27,NULL),(125,96,27,NULL),(126,86,28,NULL),(127,87,28,NULL),(128,75,29,NULL),(129,76,29,NULL),(130,66,30,NULL),(131,67,30,NULL),(132,56,31,NULL),(133,57,31,NULL),(134,14,32,NULL),(135,15,32,NULL),(136,6,33,NULL),(137,7,33,NULL),(138,117,35,1),(139,118,35,2),(140,119,35,3),(141,120,35,4),(142,121,35,5),(143,122,35,6),(144,123,35,7),(145,124,35,8),(146,125,35,9),(148,127,37,2),(149,128,37,3),(150,129,37,4),(151,130,37,5),(152,131,37,6),(153,132,37,7),(154,133,37,8),(155,134,37,9),(156,135,37,10),(157,136,22,1),(158,137,22,2),(159,138,22,3),(160,139,22,4),(161,140,22,5),(162,141,22,6),(163,143,22,7),(164,142,22,7),(165,144,38,1),(166,145,38,2),(167,146,39,1),(168,147,39,2),(169,149,42,1),(170,148,42,1),(171,150,42,2),(172,151,42,3),(173,152,42,3),(174,153,42,4),(175,154,41,1),(176,155,41,2),(177,156,41,3),(178,157,32,1);
/*!40000 ALTER TABLE `files_folder_links` ENABLE KEYS */;
UNLOCK TABLES;

--
-- Table structure for table `files_related_morphs`
--

DROP TABLE IF EXISTS `files_related_morphs`;
/*!40101 SET @saved_cs_client     = @@character_set_client */;
/*!50503 SET character_set_client = utf8mb4 */;
CREATE TABLE `files_related_morphs` (
  `id` int unsigned NOT NULL AUTO_INCREMENT,
  `file_id` int unsigned DEFAULT NULL,
  `related_id` int unsigned DEFAULT NULL,
  `related_type` varchar(255) DEFAULT NULL,
  `field` varchar(255) DEFAULT NULL,
  `order` double unsigned DEFAULT NULL,
  PRIMARY KEY (`id`),
  KEY `files_related_morphs_fk` (`file_id`),
  KEY `files_related_morphs_order_index` (`order`),
  KEY `files_related_morphs_id_column_index` (`related_id`),
  CONSTRAINT `files_related_morphs_fk` FOREIGN KEY (`file_id`) REFERENCES `files` (`id`) ON DELETE CASCADE
) ENGINE=InnoDB AUTO_INCREMENT=273 DEFAULT CHARSET=utf8mb4 COLLATE=utf8mb4_0900_ai_ci;
/*!40101 SET character_set_client = @saved_cs_client */;

--
-- Dumping data for table `files_related_morphs`
--

LOCK TABLES `files_related_morphs` WRITE;
/*!40000 ALTER TABLE `files_related_morphs` DISABLE KEYS */;
INSERT INTO `files_related_morphs` VALUES (1,1,1,'api::new.new','HeroImg',1),(2,2,2,'api::new.new','HeroImg',1),(3,3,3,'api::new.new','HeroImg',1),(6,8,1,'api::council-member.council-member','Photo',1),(7,11,2,'api::council-member.council-member','Photo',1),(8,9,3,'api::council-member.council-member','Photo',1),(9,10,4,'api::council-member.council-member','Photo',1),(10,12,5,'api::council-member.council-member','Photo',1),(11,13,6,'api::council-member.council-member','Photo',1),(14,51,7,'api::council-member.council-member','Photo',1),(15,37,8,'api::council-member.council-member','Photo',1),(16,35,9,'api::council-member.council-member','Photo',1),(17,39,10,'api::council-member.council-member','Photo',1),(18,34,11,'api::council-member.council-member','Photo',1),(19,36,12,'api::council-member.council-member','Photo',1),(20,42,13,'api::council-member.council-member','Photo',1),(21,47,14,'api::council-member.council-member','Photo',1),(22,48,15,'api::council-member.council-member','Photo',1),(23,49,16,'api::council-member.council-member','Photo',1),(24,43,17,'api::council-member.council-member','Photo',1),(25,38,18,'api::council-member.council-member','Photo',1),(26,45,19,'api::council-member.council-member','Photo',1),(27,46,20,'api::council-member.council-member','Photo',1),(28,44,21,'api::council-member.council-member','Photo',1),(29,40,22,'api::council-member.council-member','Photo',1),(30,41,23,'api::council-member.council-member','Photo',1),(31,52,24,'api::council-member.council-member','Photo',1),(32,54,25,'api::council-member.council-member','Photo',1),(33,55,26,'api::council-member.council-member','Photo',1),(38,59,27,'api::council-member.council-member','Photo',1),(40,60,29,'api::council-member.council-member','Photo',1),(41,62,30,'api::council-member.council-member','Photo',1),(42,61,31,'api::council-member.council-member','Photo',1),(43,65,32,'api::council-member.council-member','Photo',1),(44,63,33,'api::council-member.council-member','Photo',1),(45,64,34,'api::council-member.council-member','Photo',1),(48,73,35,'api::council-member.council-member','Photo',1),(50,68,37,'api::council-member.council-member','Photo',1),(51,69,38,'api::council-member.council-member','Photo',1),(52,70,39,'api::council-member.council-member','Photo',1),(53,72,40,'api::council-member.council-member','Photo',1),(54,74,41,'api::council-member.council-member','Photo',1),(57,82,42,'api::council-member.council-member','Photo',1),(59,77,44,'api::council-member.council-member','Photo',1),(60,80,45,'api::council-member.council-member','Photo',1),(61,78,46,'api::council-member.council-member','Photo',1),(62,83,47,'api::council-member.council-member','Photo',1),(63,85,48,'api::council-member.council-member','Photo',1),(64,81,49,'api::council-member.council-member','Photo',1),(65,84,50,'api::council-member.council-member','Photo',1),(68,88,51,'api::council-member.council-member','Photo',1),(69,89,52,'api::council-member.council-member','Photo',1),(70,90,53,'api::council-member.council-member','Photo',1),(71,93,54,'api::council-member.council-member','Photo',1),(72,92,55,'api::council-member.council-member','Photo',1),(73,94,56,'api::council-member.council-member','Photo',1),(74,91,57,'api::council-member.council-member','Photo',1),(77,99,58,'api::council-member.council-member','Photo',1),(78,100,59,'api::council-member.council-member','Photo',1),(79,97,60,'api::council-member.council-member','Photo',1),(80,98,61,'api::council-member.council-member','Photo',1),(81,101,62,'api::council-member.council-member','Photo',1),(82,102,63,'api::council-member.council-member','Photo',1),(83,103,64,'api::council-member.council-member','Photo',1),(88,108,65,'api::council-member.council-member','Photo',1),(89,109,66,'api::council-member.council-member','Photo',1),(90,110,67,'api::council-member.council-member','Photo',1),(91,112,68,'api::council-member.council-member','Photo',1),(92,113,69,'api::council-member.council-member','Photo',1),(93,114,70,'api::council-member.council-member','Photo',1),(94,115,71,'api::council-member.council-member','Photo',1),(95,111,72,'api::council-member.council-member','Photo',1),(96,116,73,'api::council-member.council-member','Photo',1),(145,125,1,'api::home.home','HeroImgs',1),(146,124,1,'api::home.home','HeroImgs',2),(147,123,1,'api::home.home','HeroImgs',3),(148,122,1,'api::home.home','HeroImgs',4),(149,121,1,'api::home.home','HeroImgs',5),(150,120,1,'api::home.home','HeroImgs',6),(151,119,1,'api::home.home','HeroImgs',7),(152,118,1,'api::home.home','HeroImgs',8),(153,117,1,'api::home.home','HeroImgs',9),(163,136,74,'api::council-member.council-member','Photo',1),(164,137,75,'api::council-member.council-member','Photo',1),(165,138,76,'api::council-member.council-member','Photo',1),(166,140,77,'api::council-member.council-member','Photo',1),(167,139,78,'api::council-member.council-member','Photo',1),(168,142,79,'api::council-member.council-member','Photo',1),(169,143,80,'api::council-member.council-member','Photo',1),(170,141,81,'api::council-member.council-member','Photo',1),(200,127,1,'api::about.about','HeroImgs',1),(201,128,1,'api::about.about','HeroImgs',2),(202,129,1,'api::about.about','HeroImgs',3),(203,130,1,'api::about.about','HeroImgs',4),(204,131,1,'api::about.about','HeroImgs',5),(205,132,1,'api::about.about','HeroImgs',6),(206,133,1,'api::about.about','HeroImgs',7),(207,134,1,'api::about.about','HeroImgs',8),(208,135,1,'api::about.about','HeroImgs',9),(209,144,1,'api::about.about','KingImg',1),(210,145,1,'api::about.about','ChairmanImg',1),(211,146,1,'api::about.about','MemberImgs',1),(212,147,1,'api::about.about','MemberImgs',2),(214,150,1,'api::event.event','HeroImg',1),(215,152,2,'api::event.event','HeroImg',1),(216,153,3,'api::event.event','HeroImg',1),(217,151,4,'api::event.event','HeroImg',1),(218,149,5,'api::event.event','HeroImg',1),(219,156,1,'api::holiday.holiday','HeroImg',1),(220,155,2,'api::holiday.holiday','HeroImg',1),(221,154,3,'api::holiday.holiday','HeroImg',1),(222,156,4,'api::holiday.holiday','HeroImg',1),(223,154,14,'api::holiday.holiday','HeroImg',1),(224,155,5,'api::holiday.holiday','HeroImg',1),(225,154,6,'api::holiday.holiday','HeroImg',1),(226,156,7,'api::holiday.holiday','HeroImg',1),(227,155,8,'api::holiday.holiday','HeroImg',1),(228,154,9,'api::holiday.holiday','HeroImg',1),(229,156,10,'api::holiday.holiday','HeroImg',1),(230,155,11,'api::holiday.holiday','HeroImg',1),(231,154,12,'api::holiday.holiday','HeroImg',1),(232,156,13,'api::holiday.holiday','HeroImg',1),(236,15,9,'api::municipality.municipality','CardImage',1),(237,157,9,'api::municipality.municipality','Logo',1),(238,6,1,'api::municipality.municipality','CardImage',1),(239,7,1,'api::municipality.municipality','Logo',1),(240,86,2,'api::municipality.municipality','CardImage',1),(241,87,2,'api::municipality.municipality','Logo',1),(242,56,3,'api::municipality.municipality','CardImage',1),(243,57,3,'api::municipality.municipality','Logo',1),(244,95,4,'api::municipality.municipality','CardImage',1),(245,96,4,'api::municipality.municipality','Logo',1),(246,66,5,'api::municipality.municipality','CardImage',1),(247,67,5,'api::municipality.municipality','Logo',1),(248,104,6,'api::municipality.municipality','CardImage',1),(249,105,6,'api::municipality.municipality','Logo',1),(250,107,7,'api::municipality.municipality','CardImage',1),(251,106,7,'api::municipality.municipality','Logo',1),(252,76,8,'api::municipality.municipality','CardImage',1),(253,75,8,'api::municipality.municipality','Logo',1),(254,6,2,'api::council.council','CardImage',1),(255,15,3,'api::council.council','CardImage',1),(256,56,4,'api::council.council','CardImage',1),(257,57,4,'api::council.council','Logo',1),(258,66,5,'api::council.council','CardImage',1),(259,67,5,'api::council.council','Logo',1),(260,76,6,'api::council.council','CardImage',1),(261,75,6,'api::council.council','Logo',1),(262,86,7,'api::council.council','CardImage',1),(263,87,7,'api::council.council','Logo',1),(264,95,8,'api::council.council','CardImage',1),(265,96,8,'api::council.council','Logo',1),(266,104,9,'api::council.council','CardImage',1),(267,105,9,'api::council.council','Logo',1),(268,107,10,'api::council.council','CardImage',1),(269,106,10,'api::council.council','Logo',1),(270,58,28,'api::council-member.council-member','Photo',1),(271,71,36,'api::council-member.council-member','Photo',1),(272,79,43,'api::council-member.council-member','Photo',1);
/*!40000 ALTER TABLE `files_related_morphs` ENABLE KEYS */;
UNLOCK TABLES;

--
-- Table structure for table `happy_meters`
--

DROP TABLE IF EXISTS `happy_meters`;
/*!40101 SET @saved_cs_client     = @@character_set_client */;
/*!50503 SET character_set_client = utf8mb4 */;
CREATE TABLE `happy_meters` (
  `id` int unsigned NOT NULL AUTO_INCREMENT,
  `type` varchar(255) DEFAULT NULL,
  `message` longtext,
  `created_at` datetime(6) DEFAULT NULL,
  `updated_at` datetime(6) DEFAULT NULL,
  `published_at` datetime(6) DEFAULT NULL,
  `created_by_id` int unsigned DEFAULT NULL,
  `updated_by_id` int unsigned DEFAULT NULL,
  PRIMARY KEY (`id`),
  KEY `happy_meters_created_by_id_fk` (`created_by_id`),
  KEY `happy_meters_updated_by_id_fk` (`updated_by_id`),
  CONSTRAINT `happy_meters_created_by_id_fk` FOREIGN KEY (`created_by_id`) REFERENCES `admin_users` (`id`) ON DELETE SET NULL,
  CONSTRAINT `happy_meters_updated_by_id_fk` FOREIGN KEY (`updated_by_id`) REFERENCES `admin_users` (`id`) ON DELETE SET NULL
) ENGINE=InnoDB AUTO_INCREMENT=4 DEFAULT CHARSET=utf8mb4 COLLATE=utf8mb4_0900_ai_ci;
/*!40101 SET character_set_client = @saved_cs_client */;

--
-- Dumping data for table `happy_meters`
--

LOCK TABLES `happy_meters` WRITE;
/*!40000 ALTER TABLE `happy_meters` DISABLE KEYS */;
INSERT INTO `happy_meters` VALUES (1,'Happy','','2024-03-09 11:04:12.671000','2024-03-09 11:04:12.671000','2024-03-09 11:04:12.669000',NULL,NULL),(2,'Happy','fhjg','2024-03-09 11:04:48.555000','2024-03-09 11:04:48.555000','2024-03-09 11:04:48.554000',NULL,NULL),(3,'Happy','Nice','2024-03-09 13:10:22.169000','2024-03-09 13:10:22.169000','2024-03-09 13:10:22.168000',NULL,NULL);
/*!40000 ALTER TABLE `happy_meters` ENABLE KEYS */;
UNLOCK TABLES;

--
-- Table structure for table `holidays`
--

DROP TABLE IF EXISTS `holidays`;
/*!40101 SET @saved_cs_client     = @@character_set_client */;
/*!50503 SET character_set_client = utf8mb4 */;
CREATE TABLE `holidays` (
  `id` int unsigned NOT NULL AUTO_INCREMENT,
  `date` date DEFAULT NULL,
  `event_name` varchar(255) DEFAULT NULL,
  `event_name_arabic` varchar(255) DEFAULT NULL,
  `about_event` longtext,
  `about_event_arabic` longtext,
  `created_at` datetime(6) DEFAULT NULL,
  `updated_at` datetime(6) DEFAULT NULL,
  `published_at` datetime(6) DEFAULT NULL,
  `created_by_id` int unsigned DEFAULT NULL,
  `updated_by_id` int unsigned DEFAULT NULL,
  PRIMARY KEY (`id`),
  KEY `holidays_created_by_id_fk` (`created_by_id`),
  KEY `holidays_updated_by_id_fk` (`updated_by_id`),
  CONSTRAINT `holidays_created_by_id_fk` FOREIGN KEY (`created_by_id`) REFERENCES `admin_users` (`id`) ON DELETE SET NULL,
  CONSTRAINT `holidays_updated_by_id_fk` FOREIGN KEY (`updated_by_id`) REFERENCES `admin_users` (`id`) ON DELETE SET NULL
) ENGINE=InnoDB AUTO_INCREMENT=15 DEFAULT CHARSET=utf8mb4 COLLATE=utf8mb4_0900_ai_ci;
/*!40101 SET character_set_client = @saved_cs_client */;

--
-- Dumping data for table `holidays`
--

LOCK TABLES `holidays` WRITE;
/*!40000 ALTER TABLE `holidays` DISABLE KEYS */;
INSERT INTO `holidays` VALUES (1,'2024-01-01','New Year Day','يوم رأس السنة الجديدة','New Year','السنة الجديدة','2024-03-25 09:57:17.863000','2024-03-27 14:07:01.431000','2024-03-25 09:59:55.304000',1,1),(2,'2024-03-11','Ramadan begins','يبدأ شهر رمضان','For followers of Islam, the holy month of Ramadan is dedicated to piety and altruism. Muslims all over the world anticipate its arrival every year, waiting on the revelation of a new moon that signals the beginning of the month. During this month, followers abstain from all food and drink from sunrise to sunset. Eating or drinking in public during the day is discouraged to all out of respect for the fasters. Muslims wake up at the crack of dawn (Suhoor) to eat and pray, and open their fast at sunset during the call of the Maghreb prayer (Iftar). The fast is broken by eating fresh dates, in line with the traditions of Prophet Muhammad. Families and friends celebrate breaking of the fast over delicious meals, and shops and restaurants are open late into the evening hosting visitors. Certain foods like dates, Harees (a porridge of ground wheat and meat) and Threed (a goat-meat dish with fresh vegetables and local spices) are staple dishes enjoyed by Emirati families.  Charity, or zakaat, marks a core value during Ramadan. People sponsor tents to serve free meals at Iftar and donate charity to the needy.  ','بالنسبة لأتباع الإسلام، فإن شهر رمضان المبارك مخصص للتقوى والإيثار. ويترقب المسلمون في جميع أنحاء العالم قدومه كل عام، في انتظار ظهور الهلال الجديد الذي يشير إلى بداية الشهر. خلال هذا الشهر، يمتنع أتباعه عن جميع المأكولات والمشروبات من شروق الشمس إلى غروبها. ويمنع الجميع من تناول الطعام أو الشرب علناً أثناء النهار احتراماً للصائمين. يستيقظ المسلمون عند بزوغ الفجر (السحور) لتناول الطعام والصلاة، ويفتتحون صيامهم عند غروب الشمس أثناء أذان المغرب (الإفطار). يفطر الصيام بتناول التمر الطازج عملاً بسنة النبي محمد. تحتفل العائلات والأصدقاء بالإفطار على وجبات لذيذة، وتفتح المتاجر والمطاعم أبوابها حتى وقت متأخر من المساء لاستضافة الزوار. تعتبر بعض الأطعمة مثل التمر والهريس (عصيدة من القمح المطحون واللحم) والثريد (طبق لحم الماعز مع الخضار الطازجة والتوابل المحلية) من الأطباق الأساسية التي تستمتع بها العائلات الإماراتية. تمثل الصدقة، أو الزكاة، قيمة أساسية خلال شهر رمضان. يرعى الناس الخيام لتقديم وجبات مجانية على الإفطار والتبرع بالصدقات للمحتاجين.','2024-03-25 10:02:19.083000','2024-03-27 14:07:11.576000','2024-03-25 10:02:20.334000',1,1),(3,'2024-04-08','Eid Al Fitr (29 Ramadan 1445 AH)','عيد الفطر (29 رمضان 1445هـ)','The end of Ramadan is marked by Eid-al-Fitr, with the sighting of the new moon. Muslims wear new clothes and spend the holiday in the presence of friends and family, enjoying sweet treats, decadent meals and gifts. Eid-al-Fitr begins with a communal call to prayer, and is followed by emirate-wide celebrations, sales and excitement.','وتتميز نهاية شهر رمضان بعيد الفطر مع رؤية الهلال الجديد. يرتدي المسلمون ملابس جديدة ويقضون العطلة بحضور الأصدقاء والعائلة، ويستمتعون بالحلويات والوجبات اللذيذة والهدايا. يبدأ عيد الفطر بآذان جماعي للصلاة، وتتبعه احتفالات ومبيعات وإثارة على مستوى الإمارة.','2024-03-25 10:02:55.216000','2024-03-27 14:07:21.363000','2024-03-25 10:02:56.554000',1,1),(4,'2024-04-09','Eid Al Fitr (30 Ramadan 1445 AH)','عيد الفطر (30 رمضان 1445هـ)','The end of Ramadan is marked by Eid-al-Fitr, with the sighting of the new moon. Muslims wear new clothes and spend the holiday in the presence of friends and family, enjoying sweet treats, decadent meals and gifts. Eid-al-Fitr begins with a communal call to prayer, and is followed by emirate-wide celebrations, sales and excitement.','وتتميز نهاية شهر رمضان بعيد الفطر مع رؤية الهلال الجديد. يرتدي المسلمون ملابس جديدة ويقضون العطلة بحضور الأصدقاء والعائلة، ويستمتعون بالحلويات والوجبات اللذيذة والهدايا. يبدأ عيد الفطر بآذان جماعي للصلاة، وتتبعه احتفالات ومبيعات وإثارة على مستوى الإمارة.','2024-03-25 10:04:58.531000','2024-03-27 14:07:32.309000','2024-03-25 10:04:59.478000',1,1),(5,'2024-04-11','Eid Al Fitr (2 Shawwal 1445 AH)','عيد الفطر (2 شوال 1445هـ)','The end of Ramadan is marked by Eid-al-Fitr, with the sighting of the new moon. Muslims wear new clothes and spend the holiday in the presence of friends and family, enjoying sweet treats, decadent meals and gifts. Eid-al-Fitr begins with a communal call to prayer, and is followed by emirate-wide celebrations, sales and excitement.','وتتميز نهاية شهر رمضان بعيد الفطر مع رؤية الهلال الجديد. يرتدي المسلمون ملابس جديدة ويقضون العطلة بحضور الأصدقاء والعائلة، ويستمتعون بالحلويات والوجبات اللذيذة والهدايا. يبدأ عيد الفطر بآذان جماعي للصلاة، وتتبعه احتفالات ومبيعات وإثارة على مستوى الإمارة.','2024-03-25 10:05:50.179000','2024-03-27 14:08:11.142000','2024-03-25 10:05:51.256000',1,1),(6,'2024-06-15','Arafah day and Eid Al Adha (9 Dhu al Hijjah 1445 AH)','يوم عرفة وعيد الأضحى (9 ذي الحجة 1445هـ)','Eid-al-Adha, which translates to “Feast of the Sacrifice” is observed every year from the 10th day of Dhu Al Hijja, the 12th month of the Islamic calendar. It commemorates Prophet Abraham’s willingness to sacrifice his son at God’s command, and is is typically symbolised with the sacrifice of goat and sheep.The meat is then shared amongst friends, family and distributed amongst the poor. Like Eid-al-Fitr, Muslims celebrate in the company of their loved ones, attending prayers and taking part in festivities.','يتم الاحتفال بعيد الأضحى، الذي يُترجم إلى \"عيد الأضحى\"، كل عام اعتبارًا من اليوم العاشر من ذي الحجة، الشهر الثاني عشر من التقويم الإسلامي. إنه يحيي ذكرى رغبة النبي إبراهيم في التضحية بابنه بأمر الله، ويتم رمزه عادةً بالتضحية بالماعز والأغنام. ثم يتم تقاسم اللحوم بين الأصدقاء والعائلة وتوزيعها على الفقراء. مثل عيد الفطر، يحتفل المسلمون بصحبة أحبائهم، ويحضرون الصلوات ويشاركون في الاحتفالات.','2024-03-25 10:06:26.428000','2024-03-27 14:09:21.839000','2024-03-25 10:06:27.426000',1,1),(7,'2024-06-16','Arafah day and Eid Al Adha: 16 June (10 Dhu al Hijjah 1445 AH)','يوم عرفة وعيد الأضحى: 16 يونيو (10 ذي الحجة 1445هـ)','Eid-al-Adha, which translates to “Feast of the Sacrifice” is observed every year from the 10th day of Dhu Al Hijja, the 12th month of the Islamic calendar. It commemorates Prophet Abraham’s willingness to sacrifice his son at God’s command, and is is typically symbolised with the sacrifice of goat and sheep.The meat is then shared amongst friends, family and distributed amongst the poor. Like Eid-al-Fitr, Muslims celebrate in the company of their loved ones, attending prayers and taking part in festivities.','يتم الاحتفال بعيد الأضحى، الذي يُترجم إلى \"عيد الأضحى\"، كل عام اعتبارًا من اليوم العاشر من ذي الحجة، الشهر الثاني عشر من التقويم الإسلامي. إنه يحيي ذكرى رغبة النبي إبراهيم في التضحية بابنه بأمر الله، ويتم رمزه عادةً بالتضحية بالماعز والأغنام. ثم يتم تقاسم اللحوم بين الأصدقاء والعائلة وتوزيعها على الفقراء. مثل عيد الفطر، يحتفل المسلمون بصحبة أحبائهم، ويحضرون الصلوات ويشاركون في الاحتفالات.','2024-03-25 10:07:20.471000','2024-03-27 14:09:37.997000','2024-03-25 10:07:21.480000',1,1),(8,'2024-06-17','Arafah day and Eid Al Adha: 17 June (11 Dhu al Hijjah 1445 AH)','يوم عرفة وعيد الأضحى: 17 يونيو (11 ذو الحجة 1445هـ)','Eid-al-Adha, which translates to “Feast of the Sacrifice” is observed every year from the 10th day of Dhu Al Hijja, the 12th month of the Islamic calendar. It commemorates Prophet Abraham’s willingness to sacrifice his son at God’s command, and is is typically symbolised with the sacrifice of goat and sheep.The meat is then shared amongst friends, family and distributed amongst the poor. Like Eid-al-Fitr, Muslims celebrate in the company of their loved ones, attending prayers and taking part in festivities.','يتم الاحتفال بعيد الأضحى، الذي يُترجم إلى \"عيد الأضحى\"، كل عام اعتبارًا من اليوم العاشر من ذي الحجة، الشهر الثاني عشر من التقويم الإسلامي. إنه يحيي ذكرى رغبة النبي إبراهيم في التضحية بابنه بأمر الله، ويتم رمزه عادةً بالتضحية بالماعز والأغنام. ثم يتم تقاسم اللحوم بين الأصدقاء والعائلة وتوزيعها على الفقراء. مثل عيد الفطر، يحتفل المسلمون بصحبة أحبائهم، ويحضرون الصلوات ويشاركون في الاحتفالات.','2024-03-25 10:08:20.068000','2024-03-27 14:12:11.612000','2024-03-25 10:08:21.155000',1,1),(9,'2024-06-18','Arafah day and Eid Al Adha: 18 June (12 Dhu al Hijjah 1445 AH)','يوم عرفة وعيد الأضحى: 18 يونيو (12 ذو الحجة 1445هـ)','Eid-al-Adha, which translates to “Feast of the Sacrifice” is observed every year from the 10th day of Dhu Al Hijja, the 12th month of the Islamic calendar. It commemorates Prophet Abraham’s willingness to sacrifice his son at God’s command, and is is typically symbolised with the sacrifice of goat and sheep.The meat is then shared amongst friends, family and distributed amongst the poor. Like Eid-al-Fitr, Muslims celebrate in the company of their loved ones, attending prayers and taking part in festivities.','يتم الاحتفال بعيد الأضحى، الذي يُترجم إلى \"عيد الأضحى\"، كل عام اعتبارًا من اليوم العاشر من ذي الحجة، الشهر الثاني عشر من التقويم الإسلامي. إنه يحيي ذكرى رغبة النبي إبراهيم في التضحية بابنه بأمر الله، ويتم رمزه عادةً بالتضحية بالماعز والأغنام. ثم يتم تقاسم اللحوم بين الأصدقاء والعائلة وتوزيعها على الفقراء. مثل عيد الفطر، يحتفل المسلمون بصحبة أحبائهم، ويحضرون الصلوات ويشاركون في الاحتفالات.','2024-03-25 10:09:23.166000','2024-03-27 14:12:25.497000','2024-03-25 10:09:24.116000',1,1),(10,'2024-07-07','Hijri New Year (Islamic New Year): 7 July (1 Muharram 1446 AH)','رأس السنة الهجرية (رأس السنة الهجرية): 7 يوليو (1 محرم 1446 هـ)','The Islamic New Year, also known as Hijri New Year, marks the beginning of the Islamic lunar calendar. Observed on the first day of Muharram, it commemorates the migration of Prophet Muhammad from Mecca to Medina in 622 CE. This event holds profound significance in Islamic history, symbolizing renewal, reflection, and spiritual growth. It\'s a time for Muslims worldwide to contemplate their faith, seek forgiveness, and set intentions for the year ahead, fostering a sense of unity and devotion within the Muslim community.','تمثل السنة الهجرية الجديدة، والمعروفة أيضًا باسم السنة الهجرية الجديدة، بداية التقويم القمري الإسلامي. يتم الاحتفال به في اليوم الأول من شهر المحرم، وهو ذكرى هجرة النبي محمد من مكة إلى المدينة المنورة عام 622 م. يحمل هذا الحدث أهمية عميقة في التاريخ الإسلامي، ويرمز إلى التجديد والتفكير والنمو الروحي. لقد حان الوقت للمسلمين في جميع أنحاء العالم للتفكير في عقيدتهم، وطلب المغفرة، وتحديد النوايا للعام المقبل، وتعزيز الشعور بالوحدة والتفاني داخل المجتمع المسلم.','2024-03-25 10:10:28.337000','2024-03-27 14:12:36.199000','2024-03-25 10:10:29.372000',1,1),(11,'2024-09-15','Prophet Mohammed\'s birthday: 15 September (12 Rabi’ Awwal 1446 AH)','المولد النبوي الشريف: 15 سبتمبر (12 ربيع الأول 1446 هـ)','Prophet Muhammad\'s birthday, celebrated on the 12th day of Rabi\' al-Awwal in the Islamic lunar calendar, holds immense significance for Muslims worldwide. Known as Mawlid al-Nabi, it commemorates the birth of the Prophet Muhammad, the founder of Islam, who was born in Mecca in 570 CE. During this occasion, Muslims reflect on the life and teachings of the Prophet, emphasizing themes of compassion, peace, and social justice. Festivities may include recitations of poetry, special prayers, charitable acts, and gatherings where the Prophet\'s life and teachings are discussed, fostering a sense of unity and reverence among believers.','إن المولد النبوي الشريف، الذي يتم الاحتفال به في اليوم الثاني عشر من ربيع الأول في التقويم القمري الإسلامي، له أهمية كبيرة بالنسبة للمسلمين في جميع أنحاء العالم. ويُعرف بالمولد النبي، ويحيي ذكرى ميلاد النبي محمد، مؤسس الإسلام، الذي ولد في مكة عام 570 م. خلال هذه المناسبة، يتأمل المسلمون في حياة النبي وتعاليمه، مع التركيز على موضوعات الرحمة والسلام والعدالة الاجتماعية. قد تشمل الاحتفالات تلاوة الشعر، والصلوات الخاصة، والأعمال الخيرية، والتجمعات التي تتم فيها مناقشة حياة النبي وتعاليمه، مما يعزز الشعور بالوحدة والتبجيل بين المؤمنين.','2024-03-25 10:11:44.984000','2024-03-27 14:12:47.215000','2024-03-25 10:11:56.690000',1,1),(12,'2024-12-02','National Day: 2 December 2024','اليوم الوطني: 2 ديسمبر 2024','UAE’s National Day, also a holiday, falls on 2 December and marks the UAE\'s formal nationalisation and the start of the federal unification of the emirates in 1971.','اليوم الوطني لدولة الإمارات العربية المتحدة، وهو يوم عطلة أيضًا، يصادف يوم 2 ديسمبر ويمثل التأميم الرسمي لدولة الإمارات العربية المتحدة وبداية الوحدة الفيدرالية للإمارات في عام 1971.','2024-03-25 10:12:47.844000','2024-03-27 14:13:06.422000','2024-03-25 10:12:48.616000',1,1),(13,'2024-12-03','National Day: 3 December 2024','اليوم الوطني: 3 ديسمبر 2024','UAE’s National Day, also a holiday, falls on 2 December and marks the UAE\'s formal nationalisation and the start of the federal unification of the emirates in 1971.','اليوم الوطني لدولة الإمارات العربية المتحدة، وهو يوم عطلة أيضًا، يصادف يوم 2 ديسمبر ويمثل التأميم الرسمي لدولة الإمارات العربية المتحدة وبداية الوحدة الفيدرالية للإمارات في عام 1971.','2024-03-25 10:13:26.448000','2024-03-27 14:13:29.487000','2024-03-25 10:13:27.541000',1,1),(14,'2024-04-10','Eid Al Fitr (1 Shawwal 1445 AH)','عيد الفطر (1 شوال 1445هـ)','The end of Ramadan is marked by Eid-al-Fitr, with the sighting of the new moon. Muslims wear new clothes and spend the holiday in the presence of friends and family, enjoying sweet treats, decadent meals and gifts. Eid-al-Fitr begins with a communal call to prayer, and is followed by emirate-wide celebrations, sales and excitement.','وتتميز نهاية شهر رمضان بعيد الفطر مع رؤية الهلال الجديد. يرتدي المسلمون ملابس جديدة ويقضون العطلة بحضور الأصدقاء والعائلة، ويستمتعون بالحلويات والوجبات اللذيذة والهدايا. يبدأ عيد الفطر بآذان جماعي للصلاة، وتتبعه احتفالات ومبيعات وإثارة على مستوى الإمارة.','2024-03-25 10:25:31.148000','2024-03-27 14:07:49.285000','2024-03-25 10:25:32.144000',1,1);
/*!40000 ALTER TABLE `holidays` ENABLE KEYS */;
UNLOCK TABLES;

--
-- Table structure for table `homes`
--

DROP TABLE IF EXISTS `homes`;
/*!40101 SET @saved_cs_client     = @@character_set_client */;
/*!50503 SET character_set_client = utf8mb4 */;
CREATE TABLE `homes` (
  `id` int unsigned NOT NULL AUTO_INCREMENT,
  `created_at` datetime(6) DEFAULT NULL,
  `updated_at` datetime(6) DEFAULT NULL,
  `published_at` datetime(6) DEFAULT NULL,
  `created_by_id` int unsigned DEFAULT NULL,
  `updated_by_id` int unsigned DEFAULT NULL,
  PRIMARY KEY (`id`),
  KEY `homes_created_by_id_fk` (`created_by_id`),
  KEY `homes_updated_by_id_fk` (`updated_by_id`),
  CONSTRAINT `homes_created_by_id_fk` FOREIGN KEY (`created_by_id`) REFERENCES `admin_users` (`id`) ON DELETE SET NULL,
  CONSTRAINT `homes_updated_by_id_fk` FOREIGN KEY (`updated_by_id`) REFERENCES `admin_users` (`id`) ON DELETE SET NULL
) ENGINE=InnoDB AUTO_INCREMENT=2 DEFAULT CHARSET=utf8mb4 COLLATE=utf8mb4_0900_ai_ci;
/*!40101 SET character_set_client = @saved_cs_client */;

--
-- Dumping data for table `homes`
--

LOCK TABLES `homes` WRITE;
/*!40000 ALTER TABLE `homes` DISABLE KEYS */;
INSERT INTO `homes` VALUES (1,'2024-03-25 09:36:04.340000','2024-03-25 09:36:05.810000','2024-03-25 09:36:05.807000',1,1);
/*!40000 ALTER TABLE `homes` ENABLE KEYS */;
UNLOCK TABLES;

--
-- Table structure for table `i18n_locale`
--

DROP TABLE IF EXISTS `i18n_locale`;
/*!40101 SET @saved_cs_client     = @@character_set_client */;
/*!50503 SET character_set_client = utf8mb4 */;
CREATE TABLE `i18n_locale` (
  `id` int unsigned NOT NULL AUTO_INCREMENT,
  `name` varchar(255) DEFAULT NULL,
  `code` varchar(255) DEFAULT NULL,
  `created_at` datetime(6) DEFAULT NULL,
  `updated_at` datetime(6) DEFAULT NULL,
  `created_by_id` int unsigned DEFAULT NULL,
  `updated_by_id` int unsigned DEFAULT NULL,
  PRIMARY KEY (`id`),
  KEY `i18n_locale_created_by_id_fk` (`created_by_id`),
  KEY `i18n_locale_updated_by_id_fk` (`updated_by_id`),
  CONSTRAINT `i18n_locale_created_by_id_fk` FOREIGN KEY (`created_by_id`) REFERENCES `admin_users` (`id`) ON DELETE SET NULL,
  CONSTRAINT `i18n_locale_updated_by_id_fk` FOREIGN KEY (`updated_by_id`) REFERENCES `admin_users` (`id`) ON DELETE SET NULL
) ENGINE=InnoDB AUTO_INCREMENT=3 DEFAULT CHARSET=utf8mb4 COLLATE=utf8mb4_0900_ai_ci;
/*!40101 SET character_set_client = @saved_cs_client */;

--
-- Dumping data for table `i18n_locale`
--

LOCK TABLES `i18n_locale` WRITE;
/*!40000 ALTER TABLE `i18n_locale` DISABLE KEYS */;
INSERT INTO `i18n_locale` VALUES (1,'English (en)','en','2024-03-05 10:53:27.945000','2024-03-05 10:53:27.945000',NULL,NULL);
/*!40000 ALTER TABLE `i18n_locale` ENABLE KEYS */;
UNLOCK TABLES;

--
-- Table structure for table `municipalities`
--

DROP TABLE IF EXISTS `municipalities`;
/*!40101 SET @saved_cs_client     = @@character_set_client */;
/*!50503 SET character_set_client = utf8mb4 */;
CREATE TABLE `municipalities` (
  `id` int unsigned NOT NULL AUTO_INCREMENT,
  `add_content` longtext,
  `created_at` datetime(6) DEFAULT NULL,
  `updated_at` datetime(6) DEFAULT NULL,
  `published_at` datetime(6) DEFAULT NULL,
  `created_by_id` int unsigned DEFAULT NULL,
  `updated_by_id` int unsigned DEFAULT NULL,
  `title` varchar(255) DEFAULT NULL,
  `title_arabic` varchar(255) DEFAULT NULL,
  `sname` varchar(255) DEFAULT NULL,
  `website` varchar(255) DEFAULT NULL,
  `number` varchar(255) DEFAULT NULL,
  `map` longtext,
  `facebook` varchar(255) DEFAULT NULL,
  `instagram` varchar(255) DEFAULT NULL,
  `twitter` varchar(255) DEFAULT NULL,
  `you_tube` varchar(255) DEFAULT NULL,
  `add_content_arabic` longtext,
  `about_municipality` longtext,
  `about_municipality_arabic` longtext,
  `check` longtext,
  PRIMARY KEY (`id`),
  KEY `municipalities_created_by_id_fk` (`created_by_id`),
  KEY `municipalities_updated_by_id_fk` (`updated_by_id`),
  CONSTRAINT `municipalities_created_by_id_fk` FOREIGN KEY (`created_by_id`) REFERENCES `admin_users` (`id`) ON DELETE SET NULL,
  CONSTRAINT `municipalities_updated_by_id_fk` FOREIGN KEY (`updated_by_id`) REFERENCES `admin_users` (`id`) ON DELETE SET NULL
) ENGINE=InnoDB AUTO_INCREMENT=10 DEFAULT CHARSET=utf8mb4 COLLATE=utf8mb4_0900_ai_ci;
/*!40101 SET character_set_client = @saved_cs_client */;

--
-- Dumping data for table `municipalities`
--

LOCK TABLES `municipalities` WRITE;
/*!40000 ALTER TABLE `municipalities` DISABLE KEYS */;
INSERT INTO `municipalities` VALUES (1,'### **Vision**\nBuild a beautiful, conservative city that reflects a natural environment.\n\n### **Global Practices**\n\n1. The Municipality of Al Hamriyah has sought to attract and appoint national human cadres who will contribute to the implementation of its development plans, in implementation of the wise directives of His Highness the Ruler of Sharjah - may God protect him, to work on developing the region and providing it with cultural projects and providing all municipal services to the local community, and in pursuit of achieving the desired goals in cooperation with Institutions, bodies and government departments in the Emirate of Sharjah.\n\n2. Al Hamriyah Municipality has been committed to supporting the efforts of comprehensive sustainability projects by obtaining many international standards and meeting international requirements in the areas of regulatory and environmental management, thus reflecting the efforts made in managing facilities, establishments, public parks and beaches in accordance with high-quality international standards in the areas of sustainable environmental management, compliance and governance. Increasing the efficiency of the services provided and achieving the highest safety rates.\n\n3. General and high-quality services, in an effort to provide a sustainable environment for the community.','2024-03-20 19:30:51.914000','2024-03-28 17:55:47.407000','2024-03-20 19:30:55.799000',1,1,'Hamriyah City Municipality','بلدية منطقة الحمرية','hamriyah',NULL,'+971-06-5137800','https://www.google.com/maps/embed?pb=!1m18!1m12!1m3!1d3601.8614666444178!2d55.52292610000001!3d25.476300900000002!2m3!1f0!2f0!3f0!3m2!1i1024!2i768!4f13.1!3m3!1m2!1s0x3ef5f8f0e9d3c2b3%3A0xe80385507fbbafed!2sAl%20Hamriya%20Municipality!5e0!3m2!1sen!2sin!4v1706622255760!5m2!1sen!2sin',NULL,'https://www.instagram.com/hamriya_mun/',NULL,NULL,'### **رؤية**\n\nبناء مدينة جميلة محافظة تعكس بيئة طبيعية\n\n### **الممارسات العالمية**\n\n1. سعت بلدية الحمرية إلى استقطاب وتعيين الكوادر البشرية الوطنية التي ستساهم في تنفيذ خططها التنموية تنفيذاً لتوجيهات صاحب السمو حاكم الشارقة - حفظه الله - بالعمل على تطوير المنطقة ورفدها بالمشاريع الثقافية وتقديم كافة الخدمات البلدية للمجتمع المحلي، وسعياً لتحقيق الأهداف المرجوة بالتعاون مع المؤسسات والهيئات والدوائر الحكومية في إمارة الشارقة\n\n2. التزمت بلدية الحمرية بدعم جهود مشاريع الاستدامة الشاملة من خلال حصولها على العديد من المعايير الدولية وتلبية المتطلبات الدولية في مجالات الإدارة التنظيمية والبيئية، مما يعكس الجهود المبذولة في إدارة المرافق والمنشآت والحدائق العامة والشواطئ وفق معايير دولية عالية الجودة في مجالات الإدارة البيئية المستدامة والامتثال والحوكمة. رفع كفاءة الخدمات المقدمة وتحقيق أعلى معدلات الأمان\n\n3. خدمات عامة وعالية الجودة، سعياً لتوفير بيئة مستدامة للمجتمع','### **About Hamriyah City Municipality**\nAl Hamriyah Municipality, established in accordance with the Emiri Decree of His Highness Sheikh Dr. Sultan bin Muhammad Al Qasimi, Member of the Supreme Council and Ruler of the Emirate of Sharjah, by Law No. (2) of 2004 regarding municipalities in the Emirate of Sharjah, defines its jurisdiction based on geographical and administrative boundaries. Al Hamriyah Municipality aligns with the vision of His Highness, aiming to enhance the aesthetic appearance of the Al Hamriyah area and serve its community. \n\nStrategic plans and effective programs are implemented, focusing on specific development projects that address environmental, social, sports, and quality of life aspects. The Municipality of Al Hamriya has devised a comprehensive strategic plan encompassing development initiatives and community services tailored to the Al Hamriya area and its local community. This plan includes qualitative services for managing parks, public facilities, beaches, and enhancing cosmetic and agricultural spaces in the region. The municipality is dedicated to providing engineering and environmental services, municipal control and inspection, monitoring markets and facilities, and sustaining inspection efforts in public health areas. Additionally, development services and projects are launched to position the region as a tourist destination and elevate its aesthetic standards.','### **عن بلدية منطقة الحمرية**\nبلدية الحمرية أنشئت بموجب المرسوم الأميري لصاحب السمو الشيخ الدكتور سلطان بن محمد القاسمي عضو المجلس الأعلى حاكم إمارة الشارقة بموجب القانون رقم (2) لسنة 2004 بشأن البلديات في الإمارة إمارة الشارقة، تحدد اختصاصاتها على أساس الحدود الجغرافية والإدارية. تتوافق بلدية الحمرية مع رؤية سموه الهادفة إلى تعزيز المظهر الجمالي لمنطقة الحمرية وخدمة مجتمعها. يتم تنفيذ الخطط الاستراتيجية والبرامج الفعالة، مع التركيز على مشاريع تنموية محددة تتناول الجوانب البيئية والاجتماعية والرياضية وجودة الحياة. وضعت بلدية الحمرية خطة استراتيجية شاملة تشمل المبادرات التنموية والخدمات المجتمعية المصممة خصيصًا لتلبية احتياجات المجتمع منطقة الحمرية ومجتمعها المحلي. وتتضمن هذه الخطة خدمات نوعية لإدارة الحدائق والمرافق العامة والشواطئ وتعزيز المساحات التجميلية والزراعية في المنطقة. تختص البلدية بتقديم الخدمات الهندسية والبيئية، والرقابة والتفتيش البلدي، ومراقبة الأسواق والمرافق، ومواصلة جهود التفتيش في مجالات الصحة العامة. بالإضافة إلى ذلك، يتم إطلاق الخدمات والمشاريع التنموية لجعل المنطقة وجهة سياحية ورفع معاييرها الجمالية.','<h2>Demo Version (Will be removed later)</h2><p><span style=\"color:hsl(32,43%,49%);font-size:32px;\"><strong>01.</strong></span><span style=\"color:#ffca28;\"> </span>The Municipality of Al Hamriyah has sought to attract and appoint national human cadres who will contribute to the implementation of its development plans, in implementation of the wise directives of His Highness the Ruler of Sharjah - may God protect him, to work on developing the region and providing it with cultural projects and providing all municipal services to the local community, and in pursuit of achieving the desired goals in cooperation with Institutions, bodies and government departments in the Emirate of Sharjah.</p><p><span style=\"color:hsl(32,43%,49%);font-size:32px;\">02.</span> Al Hamriyah Municipality has been committed to supporting the efforts of comprehensive sustainability projects by obtaining many international standards and meeting international requirements in the areas of regulatory and environmental management, thus reflecting the efforts made in managing facilities, establishments, public parks and beaches in accordance with high-quality international standards in the areas of sustainable environmental management, compliance and governance. Increasing the efficiency of the services provided and achieving the highest safety rates.</p><p><span style=\"color:hsl(32,43%,49%);font-size:32px;\">03.</span> General and high-quality services, in an effort to provide a sustainable environment for the community.</p>'),(2,'### **About the Department and Sub - Division**\n**1. Engineering Department**\n\nThe municipality has sought its continued support and its important and tangible role in developing the work of the technical department by providing distinguished engineering staff, as well as directives in which it is always keen to enhance ways of cooperation, work in a team spirit, and facilitate procedures and facilitation for citizens in a way that contributes to achieving the municipality’s goals by providing all services to customers within the highest standards of quality. Mastery and speed of completion.\n\nSince the inception of this department in the municipality until now, it is considered one of the most effective and vital departments by providing various services related to the work of construction projects, and what is related to them, from reviewing documents, approving plans, issuing licenses and inspection visits, all the way to issuing completion certificates, in addition to other services, for example. Not limited to (issuing regular building permits, maintenance permits, inspection reports, and no-objection certificates for providing services, classifying contractors...etc.).\n\nBy providing various services, the Engineering Department contributes to the development of society and the development of the city of Mleiha in terms of urban and construction, as we place in our priorities the preservation of the cultural heritage of the region by paying attention to the beauty of the urban form of the buildings, and working to reduce the phenomenon of random construction on farms to preserve the agricultural area. This is done through continuous inspection tours throughout the day.\n\nMechanisms have been put in place that will accelerate the pace of procedures for issuing building permits within just one working day, without prejudice to the basic requirements, standards, and full security and safety requirements that take into account, first and foremost, the preservation of facilities and ensuring their safety in a way that ensures the protection of lives and property in accordance with the highest quality standards, which is what It is at the forefront of management\'s concerns.\n\nThis confirms the administration’s keenness to complete licenses in a quick and easy manner, taking into account the basic requirements for licensing, with the aim of saving time for customers, which gives them the necessary space to carry out their work successfully, which contributes to achieving the municipality’s goals of developing the urban renaissance in the region by eliminating red tape and facilitating procedures.\n\nMechanisms have been put in place that will accelerate the pace of procedures for issuing building permits within just one working day, without prejudice to the basic requirements, standards, and full security and safety requirements that take into account, first and foremost, the preservation of facilities and ensuring their safety in a way that ensures the protection of lives and property in accordance with the highest quality standards, which is what It is at the forefront of management\'s concerns.\n\nThis confirms the administration’s keenness to complete licenses in a quick and easy manner, taking into account the basic requirements for licensing, with the aim of saving time for customers, which gives them the necessary space to carry out their work successfully, which contributes to achieving the municipality’s goals of developing the urban renaissance in the region by eliminating red tape and facilitating procedures.\n\n**2. Agriculture Department**\n\nThe Agriculture Department of the Municipality of Mleiha is increasing the green areas of the city, and this is the main goal that the municipal administration seeks to achieve in order to protect the environment from pollution and reflect the aesthetic view of the city. \n\nThis is all in implementation of the directives of His Highness Sheikh Dr. Sultan bin Muhammad Al Qasimi, Member of the Supreme Council and Ruler of Sharjah, may God protect him and protect him, and the interest of His Highness. By agriculture and increasing the agricultural area in the Emirate of Sharjah in a way that does not harm or overuse groundwater.\n\nThe Agriculture Department has a municipal nursery in which they plant seasonal trees, flowers, and other agricultural seedlings that suit the nature of the region and the desert lands. Nursery workers distribute seedlings and seasonal flowers to citizens of the region, institutions, and government departments in the region.\n\nThe municipal agriculture department decorates the streets, roads, and public squares in the city with seasonal flowers and trees under the supervision of specialists from the municipality, and then plants government departments, institutions, and schools in the area.\n\n**3. Public Health Department**\n\nThe most important components of life and the development of societies lie in its health and safety, which it derives from the health of its environment and the safety and quality of its food. For this reason, the Public Health Department is also considered one of the most important and most vital departments in the municipality due to the diversity of services and daily tasks, as it makes great efforts in maintaining public health and preventing the occurrence of diseases (prevention). of diseases (by applying and relying on general laws, legislation, local orders and decisions issued by the relevant authorities. The Public Health Department includes more than one division, each of which has different tasks.\n\n&nbsp; &nbsp; &nbsp; **1. Food and Veterinary Control Division**\nIt is concerned with food safety during its various stages (handling, production, preparation, display and marketing) such as restaurants, cafeterias, groceries, supermarkets and hypermarkets, etc. through inspection, follow-up, sampling and implementation of all requirements for granting approvals for new licenses and following them up to ensure the extent of their commitment to implementing the relevant laws and regulations. It receives complaints and follows them up. The division also includes the municipal slaughterhouse, where it examines animals before and after slaughter by specialists in accordance with the highest standards applicable in this field.\n\n&nbsp; &nbsp; &nbsp; **2. Health Supervision Division**\nIt is concerned with periodic follow-up and inspection of stores related to public health, such as men’s and women’s salons, laundromats, beauty centers, etc., and monitoring the extent of their commitment to implementing the relevant laws and regulations and receiving and following up on complaints.\n\n&nbsp; &nbsp; &nbsp; **3. Environment and Occupational Health Division**\nIt is concerned with managing human activities in a way that protects the environment from the harmful effects of these activities on it, and aims to make human industrial, agricultural, tourism, and other human activities harmless or less harmful to the safety of the environment in which humans live and depend on all their activities. As for occupational safety and health, it aims to protect workers in establishments from possible accidents that may cause injury to the worker or death, God forbid, as well as damage or damage to the establishment’s property.\n\n&nbsp; &nbsp; &nbsp; **4. Safety and Municipal Inspection Division (Market Control)**\nThrough the Division, various permits are issued that regulate work, as well as work on monitoring all stores in the region and inspecting counterfeit goods, commercial fraud, and prohibited materials in accordance with applicable regulations and legislation.\n\n&nbsp; &nbsp; &nbsp; **5. Health Education Division**\nIt is concerned with raising the level of public awareness and health culture and developing the level of health status in the region along with their right to live in a healthy city with high-quality services.\nThere are also departments, such as the Security and Loose Animals Department, who carry out their role 24 hours a day, in cooperation and coordination with the Sharjah Police General Command, represented by the Maliha Police Station as a strategic and service partner in the region, and the various government agencies to maintain security procedures in the region, and organize inspection tours on an ongoing basis to reduce any apparent Generally negative and eliminate it.\n\n**4. Finance Department**\n\nThe financial administration plays a vital role, at the core of which lies the preparation of the general budget of the department, in addition to implementing the approved financial policies, systems and procedures and allocating financial resources according to the approved budget. The administration also works to follow up on annual expenditures, submit reports thereon, and prepare the department’s final account.\n\nThe tasks of the Financial Affairs Department also include managing and developing supplier relationships, and developing an annual plan for the periodic maintenance of the department’s property and securing it in a way that maintains its safety and the cleanliness of the department’s facilities.\n\nThis department is responsible for organizing, managing and monitoring the approved financial budget of the municipality (operating and capital), as well as monitoring the volume of spending based on the approved distribution of funds and issuing periodic financial reports to senior management. It also supervises all accounting and financial matters related to the municipality and coordinates with relevant external parties in related matters. \n\nAs for the Purchasing Division, it works on managing the purchasing process for all municipal departments, obtaining quotations from suppliers, and executing purchase orders.\n\n**5. General Services Department**\n\nThe Municipality\'s Public Services Department carries out its service role by carrying out general maintenance and helping the people of the area with their beds on special occasions. This is based on the social role that the municipality plays towards the people of the area by participating in their joys and sorrows. It also decorates the streets and roundabouts in the area for public events. The municipality also provides services such as removing sewage from citizens’ residential buildings, as well as commercial buildings.\n\n**6. Municipal Inspection Department**\n\nThe Municipal Inspection Department is considered one of the important departments in the municipality that works 24 hours a day to maintain security measures in the area in cooperation with the Sharjah Police General Command. The department also follows up on any negative phenomena, if any, and limits their spread and eliminates them through inspection tours and campaigns throughout the year. Today, we follow up on stray animals and keep them away from public roads for the safety of road users and the safety of animals.','2024-03-23 10:26:55.207000','2024-03-28 17:56:22.436000','2024-03-23 10:56:46.966000',1,1,'Mleiha City Municipality','بلدية منطقة مليحة','mleiha','https://mes.dma.shj.ae/municipal/5/1','+971-06-8027222','https://www.google.com/maps/embed?pb=!1m18!1m12!1m3!1d3611.9758147888692!2d55.8836469!3d25.136508499999998!2m3!1f0!2f0!3f0!3m2!1i1024!2i768!4f13.1!3m3!1m2!1s0x3ef5a24effe4da97%3A0xfe65c6dbc4919cc8!2sMaliha%20Municipality!5e0!3m2!1sen!2sin!4v1706623816979!5m2!1sen!2sin','https://www.facebook.com/maliha.municipality/','https://www.instagram.com/maliha_mu/','https://twitter.com/maliha_mun',NULL,'### **نبذة عن القسم والشعبة الفرعية**\n**1. القسم الهندسي**\n\nسعت البلدية لدعمها المتواصل ودورها الهام والملموس في تطوير العمل بالقسم الفني من خلال توفير الكادر الهندسي المتميز وكذلك التوجيهات التى تحرص فيها دائماً علي تعزيز سبل التعاون والعمل بروح الفريق وتسهيل الاجراءات والتيسير على المواطنين بما يساهم في تحقيق أهداف البلدية بتقديم كافة الخدمات للمتعاملين ضمن أعلى معايير الجوده والإتقان وسرعة الانجاز.\n\nومنذ نشأ ذلك القسم بالبلدية وحتي الحين يعتبر من أكثر الاقسام فاعلية وحيوية من خلال تقديم الخدمات المتنوعة والتى تختص بأعمال مشاريع البناء ، وما يتعلق بها من مراجعة مستندات و إعتماد مخططات وإصدار التراخيص والزيارات التفتيشية وصولاً الي إصدار شهادات الإنجاز هذا بالاضافة الي الخدمات الأخرى علي سبيل المثال لا الحصر ( إصدار رخص البناء العادي ، تصاريح الصيانة ، تقارير التفتيش ، وشهادات عدم الممانعة من توصيل الخدمات ، تصنيف المقاوليين .... الي أخره ) \n \n ومن خلال تقديمه للخدمات المتنوعة يساهم القسم الهندسي في تنمية المجتمع وتنمية مدينة مليحة من الناحية العمرانية والانشائية حيث نضع في أولوياتنا الحفاظ علي الموروث الثقافي للمنطقة من خلال الاهتمام بجمال الشكل العمراني للمباني ، و العمل علي الحد من ظاهرة البناء العشوائي في المزارع للحفاظ علي الرقعة الزراعية وذلك من خلال الجولات التفتيشية المستمرة علي مدار اليوم .    \n\nحيث تم وضع الأليات التى من شانها تسريع وتيرة الإجراءات الخاصة بإصدار تراخيص البناء خلال يوم عمل واحد فقط وبما لا يخل بالاشتراطات والمعايير الأساسية ومتطلبات الأمن والسلامة الكاملة التي تراعي في المقام الأول الحفاظ على المنشئات وضمان سلامتها بما يكفل حماية الأرواح والممتلكات وفق أعلى معايير الجودة وهو ما يأتي في مقدمة اهتمامات الإدارة.\n\n ويؤكد ذلك حرص الإدارة على إنهاء التراخيص بإسلوب يتسم بالسرعة والسهولة مع مراعاة المتطلبات الاساسية للترخيص بغرض توفير الوقت علي المتعاملين الذي يمنحهم المساحة اللازمة لممارسة أعمالهم بنجاح ، بما يساهم في تحقيق اهداف البلدية لتنمية النهضة العمرانية بالمنطقة من خلال القضاء علي الروتين وتسهيل الاجراءات\n\n**2. قسم الزراعة**\n\nيقوم قسم الزراعة ببلدية مليحة بزيادة المسطحات الخضراء بالمدينة وهذا هو الهدف الرئيسي الذي تسعي إليه إدارة البلدية لكي تحمي البيئة من التلوث وتعكس المنظر الجمالي للمدينة وهذا كله تنفيذاً لتوجيهات صاحب السمو الشيخ الدكتور / سلطان بن محمد القاسمي عضو المجلس الاعلي حاكم الشارقة حفظه الله ورعاه وإهتمام سموه بالزراعة وزيادة الرقعة الزراعية بإمارة الشارقة بما لا يضر بالمياه الجوفية أو الافراط بها .\n\nويوجد بقسم الزراعة (مشتل البلدية ) الذي يقومون فيه بزراعة الاشجار الموسمية والزهور والشتلات الزراعية الأخري التي تتناسب مع طبيعة المنطقة والاراضي الصحراوية حيث يقومون العاملين بالمشتل بتوزيع الشتلات والزهور الموسمية علي المواطنين من أهالي المنطقة والمؤسسات والدوائر الحكومية بالمنطقة .\n\nويقوم قسم الزراعة بالبلدية بتزين الشوارع والطرقات والميادين العامة بالمدينة بالزهور والاشجار الموسمية تحت متابعة مختصين من قبل البلدية ومن ثم زراعة الدوائر والمؤسسات الحكومية والمدارس بالمنطقة . \n\n**3. شعبة الرقابة الصحية**\n\nتهتم بالمتابعة والتفتيش الدوري على المحال التي لها علاقة بالصحة العامة كالصالونات الرجالية والنسائية، المغاسل، مراكز التجميل، ...إلخ ومتابعة مدى التزامها بتطبيق القوانين والأنظمة ذات العلاقة واستقبال الشكاوي ومتابعتها\n\n&nbsp; &nbsp; &nbsp; **1. شعبة الرقابة الغذائية والبيطرية**\nتهتم بسلامة الغذاء خلال مراحله المختلفة ( تداوله وإنتاجه وتجھيزهوعرضه وتسويقه ) كالمطاعم، الكافتيريات، البقالات، السوبر ماركت والهايبر ماركت، ...إلخ من خلال التفتيش والمتابعة وأخذ العينات وتنفيذ كافة الأشتراطات لمنح الموافقات للرخص الجديدة ومتابعتها للتأكد من مدى التزامها بتطبيق القوانين والأنظمة ذات العلاقة واستقبال الشكاوي ومتابعتها، وتشمل الشعبة كذلك على مقصب البلدية حيث يعني بفحص الحيوانات قبل وبعد الذبح بواسطة متخصصين وفق أعلى المعايير المعمول بها في هذا المجال\n\n&nbsp; &nbsp; &nbsp; **2. شعبة الرقابة الصحية**\nتهتم بالمتابعة والتفتيش الدوري على المحال التي لها علاقة بالصحة العامة كالصالونات الرجالية والنسائية، المغاسل، مراكز التجميل، ...إلخ ومتابعة مدى التزامها بتطبيق القوانين والأنظمة ذات العلاقة واستقبال الشكاوي ومتابعتها\n\n&nbsp; &nbsp; &nbsp; **3. شعبة البيئة والصحة المهنية**\nتهتم بإدارة أنشطة الإنسان بالصورة التي تحمي البيئة من الآثار الضارة لهذه الأنشطة عليها، وتهدف إلى جعل أنشطة الإنسان الصناعية، الزراعية، السياحية، وغيرها من الأنشطة البشرية غير ضارة أو أقل ضررا بسلامة البيئية التي يعيش الإنسان بها ويعتمد في جميع أنشطته عليها.\n\nأما السلامة والصحة المهنية تهدف إلى حماية العاملين بالمنشآت من الحوادث المحتملة التي قد تسبب بإصابات للعامل أو وفاة لاقدر الله وأيضاً أضرار أو تلفيات لممتلكات المنشأة.\n\n&nbsp; &nbsp; &nbsp; **4. شعبة السلامة والتفتيش البلدي ( رقابة الأسواق )**\nحيث تهتم  برفع درجة وعي الجمھور وثقافتھم الصحية وتطوير مستوى الوضع الصحي في المنطقة مع حقھم في العيش في ظل مدينة صحية راقية الخدمات.\n\nوهنا أقسام أيضاً مثل قسم الأمن والحيوانات السائبة الذين يقومون بدورهم علي مدار الأربع والعشرين ساعة وبالتعاون والتنسيق مع القيادة العامة لشرطة الشارقة المتمثلة في مركز شرطة مليحة كشريك إستراتيجي وخدمي بالمنطقة والجهات الحكومية المختلفة للمحافظة على إجراءات الأمن بالمنطقة ، وتنظيم الجولات التفتيشية بصفة مستمرة للحد من أي ظاهر سلبية بصفة عامة والقضاء عليها . \n\n&nbsp; &nbsp; &nbsp; **5. قسم المالية**\nتلعب الإدارة المالية دوراً حيوياً يكمن في صُلبه إعداد الموازنة العامة للدائرة ، بجانب تطبيق السياسات والأنظمة والإجراءات المالية المعتمدة وتخصيص الموارد المالية وفقاً للموازنة المعتمدة. كذلك تعمل الإدارة على متابعة المصروفات السنوية ورفع التقارير بشأنها وإعداد الحساب الختامي للدائرة.\n\nوتشمل المهام  بإدارة الشؤون المالية  كذلك إدارة علاقات الموردين وتطويرها، ووضع خطة سنوية للصيانة الدورية لممتلكات الدائرة وتأمينها بما يحافظ على سلامتها، ونظافة مرافق الدائرة.\n\nتتولى هذه الإدارة مسؤولية تنظيم الموازنة المالية المعتمدة للبلدية (التشغيلية والرأسمالية) وإدارتها ومراقبتها، وكذلك مراقبة حجم الإنفاق منها بناءً على التوزيع المعتمد للمبالغ وإصدار التقارير المالية الدورية للإدارة العليا، كما تشرف على جميع الأمور المحاسبية والمالية الخاصة بالبلدية والتنسيق مع الجهات الخارجية المعنية في الشؤون ذات الصلة.\n\nكما يوجد بالإدارة المالية شعبة تصديق عقود الايجاروشعبة المشتريات والتي تعمل علي تصديق عقود الايجار بكافة أنواعها .\n\nأما عن شعبة المشتريات فهي تعمل عن إدارة عملية الشراء لجميع إدارات البلدية والحصول علي عروض أسعار من الموردين وتنفيذ أوامر الشراء . \n\n\n**4. قسم المالية**\n\nتلعب الإدارة المالية دوراً حيوياً يكمن في صُلبه إعداد الموازنة العامة للدائرة ، بجانب تطبيق السياسات والأنظمة والإجراءات المالية المعتمدة وتخصيص الموارد المالية وفقاً للموازنة المعتمدة. كذلك تعمل الإدارة على متابعة المصروفات السنوية ورفع التقارير بشأنها وإعداد الحساب الختامي للدائرة.\n\nوتشمل المهام  بإدارة الشؤون المالية  كذلك إدارة علاقات الموردين وتطويرها، ووضع خطة سنوية للصيانة الدورية لممتلكات الدائرة وتأمينها بما يحافظ على سلامتها، ونظافة مرافق الدائرة.\n\nتتولى هذه الإدارة مسؤولية تنظيم الموازنة المالية المعتمدة للبلدية (التشغيلية والرأسمالية) وإدارتها ومراقبتها، وكذلك مراقبة حجم الإنفاق منها بناءً على التوزيع المعتمد للمبالغ وإصدار التقارير المالية الدورية للإدارة العليا، كما تشرف على جميع الأمور المحاسبية والمالية الخاصة بالبلدية والتنسيق مع الجهات الخارجية المعنية في الشؤون ذات الصلة.\n\nكما يوجد بالإدارة المالية شعبة تصديق عقود الايجاروشعبة المشتريات والتي تعمل علي تصديق عقود الايجار بكافة أنواعها .\n\nأما عن شعبة المشتريات فهي تعمل عن إدارة عملية الشراء لجميع إدارات البلدية والحصول علي عروض أسعار من الموردين وتنفيذ أوامر الشراء . \n\n**5. قسم الخدمات العامة**\n\nيقوم قسم الخدمات العامة بالبلدية بدوره الخدمي من القيام بالصيانة العامة ومساعدة أهالي المنطقة في الفراش بالمناسبات وهذا من منطلق الدور الإجتماعي التي تقوم به البلدية نحو أهالي المنطقة بمشاركتهم في أفراحهم وأحزانهم ، ويقوم أيضاً بتزين الشوارع والدوارت بالمنطقة في المناسات العامة .\n\nوتقدم البلدية أيضاً بخدمات مثل سحب مياة الصرف الصحي من المباني السكنية للموطنين ، وأيضاً المباني التجارية .\n\n**6. قسم التفتيش البلدي**\n\nيعتبر قسم التفتيش البلدي من الأقسام المهمة بالبلدية التي تعمل علي مدار الأربع وعشرين ساعة من أجل الحفاظ علي إجراءات الأمن بالمنطقة بالتعاون مع القيادة العامة لشرطة الشارقة ، كما يقوم القسم بمتابعة أي ظواهر سلبية إن وجدت والحد من إنتشارها والقضاء عليها من خلال الجولات التفتيشية والحملات علي مدار اليوم ومتابعة الحيوانات السائبة وإبعادها عن الطرق العامة لسلامة مرتادي الطريق وسلامة الحيوانات','### **About Mleiha City Municipality**\nThe Municipality of Mleiha was established pursuant to Emiri Decree No. (11) of 2004 establishing the Mleiha Municipality in the Emirate of Sharjah. It has a legal personality and enjoys financial and administrative independence and provides public services within its geographical and administrative borders. The municipality, in turn, cooperates with all government agencies in order to serve the people of the region. There are many departments and divisions in the municipality, all of which are doing their part to serve the region. ','### **عن بلدية منطقة مليحة**\nأنشئت بلدية مليحة بموجب المرسوم الأميري رقم (11) لسنة 2004م بإنشاء بلدية مليحة في إمارة الشارقة ويكون لها الشخصية الإعتبارية وتتمتع بالإستقلال المالي والإداري وتقوم بتقديم خدمات عامة ضمن حدودها الجغرافية والإدارية ، وتقوم البلدية بدورها بالتعاون مع كافة الجهات الحكومية من أجل خدمة أهالي المنطقة . وهناك العديد من الأقسام والشعب بالبلدية تقوم جمعيها بدورها لخدمة المنطقة . ',NULL),(3,'### **Achievements of Khorfakkan Municipality**\n- ISO 9001 certification in Integrated Management System\n- ISO 14001 certification in Environment\n- ISO 18001 certification in Occupational Health and Safety\n- ISO 10001 certification in Customer Service\n- ISO 22301 certification in Business Continuity','2024-03-23 11:03:49.420000','2024-03-28 17:56:33.673000','2024-03-23 11:06:42.217000',1,1,'Khorfakkan City Municipality','بلدية مدينة خورفكان','khorfakkan','https://khormun.gov.ae/','+971-09-2083540','https://www.google.com/maps/embed?pb=!1m18!1m12!1m3!1d3604.9528830404925!2d56.345302849999996!3d25.372895549999996!2m3!1f0!2f0!3f0!3m2!1i1024!2i768!4f13.1!3m3!1m2!1s0x3ef44f18900a46bf%3A0x800605c10bc916a1!2sKhorfakkan%20Municipality%20-%20Al%20Mudeife%205%20-%20Sharjah%20-%20United%20Arab%20Emirates!5e0!3m2!1sen!2sin!4v1706624017243!5m2!1sen!2sin','https://www.facebook.com/MunicipalityKHorfakkanSharjahUnitedArabEmiraths/','https://www.instagram.com/khormunicipality/','https://twitter.com/khormun','https://www.youtube.com/channel/UCfv6mzEEt4_-oJj1KG2mZag','### **الإنجازات**\n- شهادة الأيزو 9001 في نظام الإدارة المتكامل\n- شهادة الأيزو 14001 في البيئة\n- شهادة الأيزو 18001 في الصحة والسلامة المهنية\n- شهادة الأيزو 10001 في خدمة العملاء\n- شهادة الأيزو 22301 في استمرارية الأعمال','### **About Khorfakkan Municipality**\nKhorfakkan City Municipality was established by an Emiri decree in 1970 and works to provide distinctive services in various fields. It is one of the most important governmental institutions in the city and is the leading institution driving smart and innovative services. The municipality has achieved many accomplishments and civil projects within a developmental plan aimed at excellence and optimal utilization of resources to provide infrastructure and sustainable environment. Khorfakkan City Municipality aims to earn customer satisfaction by providing the best-defined standards in delivering smart services to customers. Among the prominent available services are environmental services, engineering services, public health services, general services, complaints, and suggestions through a customer service center available around the clock\n','### **عن بلدية مدينة خورفكان**\nتأسست بلدية مدينة خورفكان بمرسوم أميري عام 1970 وتعمل على تقديم خدمات مميزة في مختلف المجالات. وهي إحدى أهم المؤسسات الحكومية في المدينة وهي المؤسسة الرائدة في تقديم الخدمات الذكية والمبتكرة. وحققت البلدية العديد من الإنجازات والمشاريع المدنية ضمن خطة تنموية تهدف إلى التميز والاستغلال الأمثل للموارد لتوفير البنية التحتية والبيئة المستدامة. تهدف بلدية مدينة خورفكان إلى كسب رضا العملاء من خلال تقديم أفضل المعايير المحددة في تقديم الخدمات الذكية للعملاء. ومن أبرز الخدمات المتوفرة الخدمات البيئية والخدمات الهندسية وخدمات الصحة العامة والخدمات العامة والشكاوى والاقتراحات من خلال مركز خدمة العملاء المتوفر على مدار الساعة\n',NULL),(4,'### **Vision**\nA sustainable municipality that achieves quality of life for the community\n\n### **Message**\nProviding distinguished and smart municipal services in the Al-Bataeh area through optimal exploitation of available resources, building effective partnerships, and adopting best practices to ensure business continuity.\n \n ### **Important Works**\n- Al-Bataeh Municipality provides all municipal and public services to residents of the region within its geographical and administrative borders. It also undertakes the management and development of public facilities of a local nature that fall within its jurisdiction in accordance with the provisions of the law and its executive regulations, and its clients consist of citizens, residents, companies, government agencies, and suppliers.\n- Interior house cleaning and waste removal service.\n- Cleaning service for neighborhoods, residential areas, streets, and government buildings in the region.\n- Receiving sewage cleaning requests in residential neighborhoods and government departments.\n- Receiving reclamation requests for residential and industrial areas, farms, and roadbus requests\n- Receiving requests for seedlings and transplantation.\n- The service of receiving agricultural requests for cutting lawns in homes and government departments\n- Service for receiving insect and pest control requests.\n- Service for monitoring shops and reporting complaints from the public.\n- Building permits, inspection, and research into building-related complaints and building violations services\n- Plan approval service.\n- Receiving requests and complaints and following them up with all departments.\n- Certification service for residential and commercial investment and lease contracts, issuing a clearance certificate.\n- The service of receiving payment fees for services provided by the municipality.\n- Providing a suitable place for garden visitors and holding workshops and events.\n\n ### **Projects**\n1.  Infrastructure projects\n2. Development and service projects\n3. Renewing the contract with Bee’ah Company\n4. Environmental initiatives and improving the quality of life\n5. Community initiatives\n6. Humanitarian and charitable initiatives\n\n ### **Achievements**\n- Development and service projects\n- Livestock, birds and camels market\n- Friday market\n- Vegetable and fruit market\n- University bus station\n- Municipal slaughterhouse\n- Sharjah Cooperative Society (branch)\n- Shopping mall\n- Wedding Hall\n- Mobile food carts project\n- Administrative Development\n\n ### **Values**\n1. Commitment and belonging.\n2. Integrity and transparency.\n3. One team spirit.\n4. Happiness and positivity.\n5. CInitiative and innovation.\n\n ### **Goals**\n- Sustainable planning and infrastructure development.\n- Ensuring that environmental, health, public safety, and food safety requirements are met.\n- Effective communication with the community and building sustainable partnerships.\n- Ensuring the quality of services provided to satisfy those concerned.\n- Establishing a culture of innovation and risk to sustain efficient operations and institutional performance.','2024-03-23 11:15:32.514000','2024-03-28 17:56:46.201000','2024-03-23 11:15:53.077000',1,1,'Al-Bataeh City Municipality','بلدية منطقة البطائح','albataeh','https://www.bataehmun.ae/','+971-06-531191','https://www.google.com/maps/embed?pb=!1m18!1m12!1m3!1d3607.824384995038!2d55.7392752!3d25.276492399999995!2m3!1f0!2f0!3f0!3m2!1i1024!2i768!4f13.1!3m3!1m2!1s0x3ef5939e445274b9%3A0xa9b7000baedc668e!2sBatayeh%20Municipality!5e0!3m2!1sen!2sin!4v1706623677057!5m2!1sen!2sin','https://www.facebook.com/albataeh/','https://www.instagram.com/bataehmun/?hl=ar','https://twitter.com/bataehmun?lang=ar-x-fm',NULL,'### **رؤية**\nرؤية بلدية مستدامة تحقق جودة الحياة للمجتمع\n\n### **رسالة**\n توفير خدمات بلدية متميزة وذكية في منطقة البطائح من خلال استغلال الوسائل المتاحة بشكل أمثل، وبناء شراكات فعّالة، واعتماد أفضل الممارسات لضمان استمرارية الأعمال\n \n ### **أعمال هامة**\n- تقديم جميع الخدمات البلدية والعامة لسكان المنطقة ضمن حدودها الجغرافية والإدارية. كما تقوم بإدارة وتطوير المرافق العامة ذات الطابع المحلي التي تقع ضمن اختصاصها وفقاً لأحكام القانون ولوائحه التنفيذية، وزبائنها يتكونون من المواطنين والمقيمين والشركات والجهات الحكومية والموردين.\n- خدمة تنظيف داخل المنازل وإزالة النفايات.\n- خدمة تنظيف الأحياء والمناطق السكنية والشوارع والمباني الحكومية في المنطقة\n- استقبال طلبات تنظيف المجاري في الأحياء السكنية والجهات الحكومية\n- استقبال طلبات التجميل للمناطق السكنية والصناعية والمزارع وطلبات حافلات الطرق\n- استقبال طلبات البذر والنقل\n- خدمة استقبال الطلبات الزراعية لقطع العشب في المنازل والجهات الحكومية\n- خدمة استقبال طلبات مكافحة الحشرات والآفات\n- خدمة مراقبة المتاجر والإبلاغ عن شكاوى الجمهور\n- تصاريح البناء والتفتيش، وخدمات البحث في شكاوى البناء وانتهاكات البناء\n- خدمة الموافقة على الخطط\n- استقبال الطلبات والشكاوى ومتابعتها مع جميع الإدارات\n- خدمة التصديق على العقود السكنية والتجارية والاستثمارية وعقود التأجير، وإصدار شهادة التخليص\n- خدمة استقبال رسوم الدفع عن الخدمات التي تقدمها البلدية\n- توفير مكان مناسب لزوار الحدائق وعقد ورش العمل والفعاليات.\n\n ### **المشاريع**\n1.  مشاريع البنية التحتية\n2. مشاريع التطوير والخدمات\n3. تجديد العقد مع شركة البيئة\n4. المبادرات البيئية وتحسين جودة الحياة\n5. المبادرات المجتمعية\n6. المبادرات الإنسانية والخيرية\n\n ### **الإنجازات**\n- مشاريع التطوير والخدمات\n- سوق الماشية والطيور والإبل\n- السوق الجمعة\n- سوق الخضار والفواكه\n- محطة الحافلات الجامعية\n- مسلخ بلدي\n- الجمعية التعاونية للشارقة (فرع)\n- مركز تسوق\n- قاعة الأعراس\n- مشروع عربات الطعام المتنقلة\n- التطوير الإداري\n\n ### **قيم**\n1. الالتزام والانتماء.\n2. النزاهة والشفافية.\n3. روح الفريق الواحد.\n4. السعادة والإيجابية.\n5. المبادرة والابتكار.\n\n ### **الأهداف**\n- التخطيط المستدام وتطوير البنية التحتية.\n- ضمان الامتثال لمتطلبات البيئة والصحة والسلامة العامة وسلامة الغذاء.\n- التواصل الفعال مع المجتمع وبناء شراكات مستدامة.\n- ضمان جودة الخدمات المقدمة لإرضاء المعنيين.\n- تأسيس ثقافة الابتكار والمخاطرة لضمان استمرارية العمليات الفعّالة والأداء المؤسسي.','### **About Al-Bataeh City Municipality**\nAl Rafi’ah Municipality was established pursuant to Emiri Decree No. (10) of 2004 dated 10/13/2004 issued by His Highness Sheikh Dr. Sultan bin Muhammad Al Qasimi, Member of the Supreme Council of the Federation and Ruler of the Emirate of Sharjah (may God protect him). On 04/02/2005, the Emiri Decree was issued. No. (10) of 2005 amending the name of the municipality of Al-Rafiah to the municipality of Al-Bataeh area to include (Batha Al-Rafiah, Batha Al-Murrah, Batha Al-Manthar)','### **عن بلدية منطقة البطائح**\nتأسست بلدية الرافعة بموجب المرسوم الأميري رقم (10) لسنة 2004 المؤرخ 13/10/2004 الصادر عن صاحب السمو الشيخ الدكتور سلطان بن محمد القاسمي، عضو المجلس الأعلى حاكم الإمارة الشريفة، طيب الله ثراه، وفي 04/02/2005 تم إصدار المرسوم الأميري رقم (10) لسنة 2005 بتعديل اسم بلدية الرافعة إلى بلدية منطقة البطائح لتشمل (بطاح الرافعة، بطاح المرة، بطاح المنثر',NULL),(5,'### **Vision**\nThe nation expects a lot from us, the people look forward to our work, and we are all partners in responsibility. Sheikh Zayed bin Sultan - may God have mercy on him.\n\n### **Mission**\nAchieving the goal of the Government of the Emirate of Sharjah in providing diverse and distinguished services to citizens and residents, improving and developing the standard of living through coordination, supervision and control, and working to build an advanced structure through qualified cadres and advanced systems.\n\n### **Important Works**\n1. Al Madam Municipality seeks to achieve the goal of the Government of the Emirate of Sharjah.\n2. Providing diverse and distinguished services to citizens and residents.\n3. Improving and developing the standard of living through coordination, supervision, and monitoring.\n4. Working to build an advanced structure through qualified cadres and advanced systems.\n\n### **Achievements**\n- External departments building\n- The main building\n- Arboretum building\n- Al Mayassa Building\n- Al Shahla Building\n- Sanitation building\n- Heritage Village\n- Stores\n- Employee sports club','2024-03-23 15:29:07.451000','2024-03-28 17:57:00.970000','2024-03-23 15:29:25.326000',1,1,'Al Madam City Municipality','بلدية منطقة المدام','almadam','https://www.madammun.shj.ae/?lang=AR','+971-06-8012222','https://www.google.com/maps/embed?pb=!1m18!1m12!1m3!1d3616.8409865419976!2d55.77780109999999!3d24.9715242!2m3!1f0!2f0!3f0!3m2!1i1024!2i768!4f13.1!3m3!1m2!1s0x3ef575c0d32bda6b%3A0x91e3aa5f93ef114!2sAl%20Madam%20Municipality!5e0!3m2!1sen!2sin!4v1706623902216!5m2!1sen!2sin','https://www.facebook.com/almadam.municipality.9',NULL,NULL,NULL,'### **رؤية**\nتتوقع الأمة الكثير منا، يتطلع الناس إلى عملنا، ونحن جميعًا شركاء في المسؤولية. الشيخ زايد بن سلطان - رحمه الله\n\n### **مهمة**\nتحقيق هدف حكومة إمارة الشارقة في تقديم خدمات متنوعة ومتميزة للمواطنين والمقيمين، وتحسين وتطوير مستوى المعيشة من خلال التنسيق والإشراف والرقابة، والعمل على بناء هيكل متقدم من خلال كوادر مؤهلة وأنظمة متقدمة\n\n### **أعمال هامة**\n1. تسعى بلدية المدام لتحقيق هدف حكومة إمارة الشارقة.\n2. تقديم خدمات متنوعة ومتميزة للمواطنين والمقيمين.\n3. تحسين وتطوير مستوى المعيشة من خلال التنسيق والإشراف والرصد.\n4. العمل على بناء هيكل متقدم من خلال كوادر مؤهلة وأنظمة متقدمة.\n\n### **الإنجازات**\n- مبنى الإدارات الخارجية\n- المبنى الرئيسي\n- مبنى الأربوتيريوم\n- مبنى المياسة\n- مبنى الشهلا\n- مبنى الصرف الصحي\n- القرية التراثية\n- المتاجر\n- نادي الرياضي للموظفين','### **About Al Madam City Municipality**\nThe Municipality of Al Madam District is one of the government institutions affiliated with the Emirate of Sharjah. The municipality serves the people of Al Madam District, its residents, and its neighboring areas. The Municipality of Al Madam District was established by Emiri Decree No. (9) in 2004, and since then it has begun its work as a government department providing comprehensive services to the region.','### **عن بلدية منطقة المدام**\nبلدية منطقة المدام هي إحدى المؤسسات الحكومية التابعة لإمارة الشارقة. تخدم البلدية أهالي منطقة المدام وسكانها والمناطق المجاورة لها. تأسست بلدية منطقة المدام بموجب المرسوم الأميري رقم (9) لسنة 2004، ومنذ ذلك الحين بدأت عملها كإدارة حكومية تقدم خدمات شاملة للمنطقة',NULL),(6,'### **Vision**\nInnovative municipal works for a virtuous city\n\n### **Message**\n Optimal planning to develop municipal services for a sustainable city attractive to living and investment by providing innovative services and developing an integrated infrastructure environment that enhances the quality of life.\n \n  ### **Important Works**\n- Carrying out agricultural work in the city and public parks\n- Carrying out agricultural work inside homes, government departments, and schools\n- Controlling agricultural pests on farms and the city of Dibba Al-Hisn in general\n- Cleaning private farms in the city to combat pests and rodents\n- Managing cemeteries, cleaning them of agricultural waste, and taking care of them\n- Drainage of sewage for homes, shops, schools, and government agencies in the city\n- Issuing all types of building permits.\n- Demolishing old buildings and disposing of construction waste\n- Settlement and paving of sandy lands\n- Supervision of commercial licenses of all types\n- Managing the fish, meat, vegetables, fruits, and birds market\n- Maintaining the cleanliness of the city\n- Implementing all types of awareness-raising at the city level in accordance with municipal work\n- Continuous and continuous inspection of all areas in the city to document observations in coordination with government agencies.\n- Interlock maintenance in some city homes\n\n ### **Achievements**\n1. External departments building\n2. The main building\n3. Arboretum building\n4. Al Mayassa Building\n5. Al Shahla Building\n6. Sanitation building\n7. Heritage Village\n8. Stores\n9. Employee sports club\n\n  ### **Values**\n- Justice and integrity\n- Cooperation and participation\n- Responsibility\n- Positivity\n- Proactivity and innovation\n\n ### **Other Achievements**\n1. The municipality has an organizational structure and job descriptions for all job titles\n2. The existence of a municipal strategy for the years 2023-2025\n3. Obtaining the ISO 9001:2008 quality management system certificate, and updating it to the new version ISO 9001:2015.\n4. Obtaining the ISO 14001 environmental system certificate\n5. Obtaining the ISO 45001 occupational health and safety system certificate\n6. Obtaining the ISO 56002 Innovation Management System certificate\n7. Applying for the ISO 22301 Business Continuity System Certificate\n8. Preparing a comprehensive guide to municipal services\n9. Apply for the Blue Flag Program Certificate for Dibba City Beaches\n10. Managing the Maleh and Fishing Festival for 10 years\n11. Intelligent inspection system\n12. Managing National Day events in the city\n13. Participation in the 11 Suburbs Festival in Sharjah\n14. Participation in Sharjah Heritage Days\n15. Electric vehicle for agriculture\n16. Mobile workshop\n17. Effectiveness of the future engineer\n18. Afforestation week\n19. Bird watering initiative\n\n','2024-03-23 15:41:41.845000','2024-03-28 17:57:13.392000','2024-03-23 15:41:45.597000',1,1,'Dibba Al Hisn City Municipality','بلدية مدينة دبا الحصن','dibba','https://www.dhmun.shj.ae/','+971-09-2444204','https://www.google.com/maps/embed?pb=!1m18!1m12!1m3!1d3598.2742887087734!2d56.271752799999994!3d25.5958003!2m3!1f0!2f0!3f0!3m2!1i1024!2i768!4f13.1!3m3!1m2!1s0x3ef432386a112e67%3A0x965af62e6a8f794b!2sDibba%20Municipality!5e0!3m2!1sen!2sin!4v1706624077494!5m2!1sen!2sin','https://www.facebook.com/dibba.shj.mun?fref=ts','https://www.instagram.com/dibba_mun/','https://twitter.com/dibba_mun','https://www.youtube.com/channel/UC6ohrycKxgyJWQQxs0hEpYg','### **رؤية**\nالأعمال البلدية المبتكرة لمدينة فاضلة\n\n### **رسالة**\nتخطيط مثالي لتطوير الخدمات البلدية لمدينة مستدامة جاذبة للسكن والاستثمار من خلال تقديم خدمات مبتكرة وتطوير بيئة بنية تحتية متكاملة تعزز جودة الحياة\n \n  ### **أعمال هامة**\n- تنفيذ أعمال زراعية في المدينة والحدائق العامة\n- تنفيذ أعمال زراعية داخل المنازل والجهات الحكومية والمدارس\n- مكافحة الآفات الزراعية على المزارع ومدينة دبا الحصن بشكل عام\n- تنظيف المزارع الخاصة في المدينة لمكافحة الآفات والقوارض\n- إدارة المقابر، وتنظيفها من النفايات الزراعية، والاعتناء بها\n- تصريف الصرف الصحي للمنازل والمتاجر والمدارس والجهات الحكومية في المدينة\n- إصدار جميع أنواع التصاريح البنائية\n- هدم المباني القديمة والتخلص من نفايات البناء\n- تسوية وتعبيد الأراضي الرملية\n- الإشراف على التراخيص التجارية من جميع الأنواع\n- إدارة أسواق الأسماك واللحوم والخضروات والفواكه والطيور\n- الحفاظ على نظافة المدينة\n- تنفيذ جميع أنواع التوعية على مستوى المدينة وفقًا للعمل البلدي\n- تفتيش مستمر ومتواصل لجميع المناطق في المدينة لتوثيق الملاحظات بالتنسيق مع الجهات الحكومية\n- صيانة الانترلوك في بعض منازل المدينة\n\n ### **الإنجازات**\n1. مبنى الإدارات الخارجية\n2. المبنى الرئيسي\n3. مبنى الأربوتيريوم\n4. مبنى المياسة\n5. مبنى الشهلا\n6. مبنى الصرف الصحي\n7. القرية التراثية\n8. المتاجر\n9. نادي الرياضي للموظفين\n\n  ### **قيم**\n- العدل والنزاهة\n- التعاون والمشاركة\n- المسؤولية\n- الإيجابية\n- التفعيل والابتكار\n\n ### **إنجازات أخرى**\n1. تتوفر في البلدية هيكل تنظيمي ووصف وظيفي لجميع الوظائف\n2. وجود استراتيجية بلدية للسنوات 2023-2025\n3. الحصول على شهادة نظام إدارة الجودة ISO 9001:2008، وتحديثها إلى النسخة الجديدة ISO 9001:2015.\n4. الحصول على شهادة نظام البيئة ISO 14001\n5. الحصول على شهادة نظام الصحة والسلامة المهنية ISO 45001\n6. الحصول على شهادة نظام إدارة الابتكار ISO 56002\n7. تقديم طلب لشهادة نظام استمرارية الأعمال ISO 22301\n8. إعداد دليل شامل للخدمات البلدية\n9. تقديم طلب لشهادة برنامج الراية الزرقاء لشواطئ مدينة دبا\n10. إدارة مهرجان المالح والصيد لمدة 10 سنوات\n11. نظام تفتيش ذكي\n12. إدارة فعاليات اليوم الوطني في المدينة\n13. المشاركة في مهرجان 11 ضاحية في الشارقة\n14. المشاركة في أيام التراث في الشارقة\n15. مركبة كهربائية للزراعة\n16. ورشة عمل متنقلة\n17. فعالية المهندس المستقبلي\n18. أسبوع التحسينات البيئية\n19. مبادرة سقي الطيور','### **About Dibba Al Hisn City Municipality**\nThe municipality’s business was affiliated with the Sharjah Municipality, which was managed by the Khor Fakkan Municipality at the end of the sixties of the last century and consisted of the Cleaning Department (solid waste) and the Agriculture Department. Based on Law No. (2) of 2004 regarding municipalities in the Emirate of Sharjah, it was Establishment of the Dibba Al-Hisn Municipality.','### **عن بلدية مدينة دبا الحصن**\nكانت أعمال البلدية تابعة لبلدية الشارقة التي كانت تُدار من قبل بلدية خورفكان في نهاية ستينيات القرن الماضي وتتألف من قسم النظافة (النفايات الصلبة) وقسم الزراعة. استنادًا إلى القانون رقم (2) لسنة 2004 بشأن البلديات في إمارة الشارقة، تم إنشاء بلدية دبا الحصن',NULL),(7,'### **Vision**\nBuild a beautiful, conservative city that reflects a natural environment.\n\n### **Message**\nComplete loyalty to the wise leadership, and complete belonging to the homeland.Contributing to consolidating the foundations of the federal process.Focusing on the authenticity and ancient heritage of the distinguished city.Preserving the distinct character of the region or emirate.Maintaining family ties and ancient customs.Reflects an attractive natural environment.Enjoy a wonderful healthy environment.Its foundation is cooperation and integration with all honesty and sincerity.\n \n ### **Objectives**\n- Showing the aesthetic values ​​of the city of Dhaid and highlighting the city’s heritage dimension.\n- Improving the environmental situation and providing protection for environmental elements.\n- Improving and developing the city’s health status.\n- Controlling and directing construction in the city.\n- Connecting the city to a safe and comfortable road network.\n- Supporting all types of development elements in the local community.\n- Optimal investment of local resources.\n- Contributing to encouraging investment in the city.\n- Combating desertification and increasing green areas.\n- Partnership and communication with community institutions and the private sector.\n\n\n ### **Departments**\n1. Engineering Management\n2. Public Health Department\n3. Operations Management\n4. Finance Department\n5. Rental Regulation Department\n6. Legal Affairs Department\n7. General Services Department\n8. Municipal Safety and Inspection Department\n9. Department of Agriculture and Water\n10. Environmental Services Department\n11. Wastewater Treatment Department\n12. Transportation Department\n13. Human Resources Department\n14. Training and Development Department\n15. Information Technology Department\n16. Public Relations Department\n17. Government Communications Department\n18. Health Control Department\n19. Administrative Audit Department\n20. Food Control Department\n21. Warehouses Department\n22. Regulatory Documents Section\n\n','2024-03-23 16:54:36.512000','2024-03-28 17:57:27.025000','2024-03-23 16:54:37.892000',1,1,'Al Dhaid City Municipality','بلدية مدينة الذيد','aldhaid','http://dhm.gov.ae/','+971-06-8020888','https://www.google.com/maps/embed?pb=!1m18!1m12!1m3!1d3608.4454072941885!2d55.89751199999999!3d25.255598000000003!2m3!1f0!2f0!3f0!3m2!1i1024!2i768!4f13.1!3m3!1m2!1s0x3ef5bc498e34b59b%3A0x72075476e7a75e50!2sAl%20Dhaid%20Municipality!5e0!3m2!1sen!2sin!4v1706623791892!5m2!1sen!2sin','https://www.facebook.com/dhdmun','https://www.instagram.com/dhdmun/','https://twitter.com/dhdmun',NULL,'### **رؤية**\nبناء مدينة جميلة ومحافظة تعكس بيئة طبيعية.\n\n### **رسالة**\n الولاء الكامل للقيادة الحكيمة، والانتماء الكامل للوطن.المساهمة في ترسيخ مبادئ العمل الاتحادي.التركيز على أصالة وتراث المدينة المتميز.الحفاظ على الطابع المميز للمنطقة أو الإمارة.الحفاظ على الروابط العائلية والعادات القديمة.تعكس بيئة طبيعية جذابة.الاستمتاع ببيئة صحية رائعة.أساسها التعاون والتكامل بكل صدق وإخلاص.\n \n ### **أهداف**\n- عرض القيم الجمالية لمدينة الذيد وإبراز البعد التراثي للمدينة.\n- تحسين الوضع البيئي وتوفير الحماية للعناصر البيئية.\n- تحسين وتطوير الحالة الصحية للمدينة.\n- السيطرة والتوجيه على البناء في المدينة.\n- ربط المدينة بشبكة طرق آمنة ومريحة.\n- دعم جميع أنواع عناصر التنمية في المجتمع المحلي.\n- استثمار موارد محلية بشكل أمثل.\n- المساهمة في تشجيع الاستثمار في المدينة.\n- مكافحة التصحر وزيادة المساحات الخضراء.\n- الشراكة والتواصل مع مؤسسات المجتمع والقطاع الخاص.\n\n\n ### **الأقسام**\n1. إدارة الهندسة\n2. قسم الصحة العامة\n3. قسم الصحة العامة\n4. قسم المالية\n5. قسم تنظيم الإيجار\n6. قسم الشؤون القانونية\n7. قسم الخدمات العامة\n8. قسم السلامة البلدية والتفتيش\n9. قسم الزراعة والمياه\n10. قسم الخدمات البيئية\n11. قسم معالجة مياه الصرف الصحي\n12. قسم النقل\n13. قسم الموارد البشرية\n14. قسم التدريب والتطوير\n15. قسم تقنية المعلومات\n16. قسم العلاقات العامة\n17. قسم الاتصالات الحكومية\n18. قسم مراقبة الصحة\n19. قسم التدقيق الإداري\n20. قسم مراقبة الغذاء\n21. قسم المستودعات\n22. قسم الوثائق التنظيمية\n\n','### **About Al Dhaid City Municipality**\nIt is a government service department that provides services to citizens free of charge. Al Dhaid Municipality, located in the Al Dhaid region on Wishah Road, is considered one of the most important and best institutions in the city. Established in 1976 AD with approximately 28 employees working in two initial departments, the lands unit, and the cleaning unit, it began under the management of Mr. Muhammad Abdullah Sarhan, followed by Mr. Abdullah Abdul Wahab. In 2004 AD, a new building was established, and Mr. Ali Ahmed Saif Al-Tunaiji became the director. Later, Mr. Ali Musabah Al-Tunaiji took charge, contributing to the growth and prosperity of the municipality. With numerous young employees and women, the municipality now comprises various departments, divisions, and units. In 2023 AD, Resolution No. (15) appointed His Excellency Hamad Rashid Mohammed bin Masoud Al Tunaiji as the Director of the Municipality of the City of Al Dhaid, with the rank of director according to the special jobs system in the Sharjah Government.','### **About Al Dhaid City Municipality**\nهي إدارة خدمات حكومية تقدم خدمات للمواطنين مجانًا. تُعَد بلدية الذيد، الموجودة في منطقة الذيد على طريق الوشاح، أحد أهم وأفضل المؤسسات في المدينة. تأسست في عام 1976 ميلاديًا بحوالي 28 موظفًا يعملون في قسمين أساسيين، قسم الأراضي وقسم التنظيف، وبدأت تحت إدارة السيد محمد عبد الله سرحان، ثم السيد عبد الله عبد الوهاب. في عام 2004 ميلاديًا، تم إنشاء مبنى جديد، وأصبح السيد علي أحمد سيف الطنيجي مديرًا للبلدية. في وقت لاحق، تولى السيد علي مصباح الطنيجي المسؤولية، مساهماً في نمو وازدهار البلدية. وبوجود عدد كبير من الموظفين الشباب والنساء، تضم البلدية الآن مختلف الأقسام والشعب والوحدات. في عام 2023 ميلاديًا، أصدر القرار رقم (15) تعيين معالي حمد راشد محمد بن مسعود الطنيجي مديرًا لبلدية مدينة الذيد، برتبة مدير وفقًا لنظام الوظائف الخاصة في حكومة الشارقة',NULL),(8,NULL,'2024-03-23 17:03:28.168000','2024-03-28 17:57:37.703000','2024-03-23 17:03:29.219000',1,1,'Kalba City Municipality','بلدية مدينة كلباء','kalba','https://kalbacmc.ae/ar/municipal-council/','+971-09-2032222','https://www.google.com/maps/embed?pb=!1m18!1m12!1m3!1d3615.525201357073!2d56.3482036!3d25.0162446!2m3!1f0!2f0!3f0!3m2!1i1024!2i768!4f13.1!3m3!1m2!1s0x3ef4faf9daa2f0e7%3A0xea44f35d68005c98!2sKalba%20City%20Municipality!5e0!3m2!1sen!2sin!4v1706623957546!5m2!1sen!2sin',NULL,'https://www.instagram.com/kalbacouncil/?hl=ar','https://twitter.com/kalbacouncil?lang=ar',NULL,NULL,'### **About Kalba City Municipality**\nKalba is the most popular destination for ecotourism in the UAE, with opportunities to go wildlife spotting while trekking, kayaking, as well as scuba diving. Many come here to see the Arabian oryx, the national animal of the UAE, before heading to a Sharjah beach nearby. With plenty of scenic spots and glittering waters, the reserve is also a popular spot for picnics. There are several historical sites to visit in Kalba, with the Bait Sheikh Saeed bin Hamed Al Qassimi museum, a restored hisn (fort) and a sleepy seaside promenade. The museum was built in 1901 and used to serve as a royal residence, making it one of the most prominent places to visit in the country. With a wealth of activities to choose from in the setting of a nature reserve, Kalba is one of the must-visit Sharjah tourist places for wildlife and heritage lovers alike.','### **عن بلدية مدينة كلباء**\nتعد كلباء الوجهة الأكثر شعبية للسياحة البيئية في دولة الإمارات العربية المتحدة، حيث توفر فرصًا لاستكشاف الحياة البرية أثناء الرحلات والتجديف بالكاياك وكذلك الغوص. يأتي الكثيرون إلى هنا لرؤية المها العربي، الحيوان الوطني لدولة الإمارات العربية المتحدة، قبل التوجه إلى شاطئ الشارقة القريب. ومع وجود الكثير من المواقع ذات المناظر الخلابة والمياه المتلألئة، تعد المحمية أيضًا مكانًا شهيرًا للنزهات. هناك العديد من المواقع التاريخية التي يمكنك زيارتها في كلباء، مثل متحف بيت الشيخ سعيد بن حامد القاسمي، والحصن المُعاد ترميمه، والممشى الهادئ على شاطئ البحر. تم بناء المتحف عام 1901 وكان بمثابة مقر إقامة ملكي، مما يجعله من أبرز الأماكن التي يمكن زيارتها في البلاد. مع وجود مجموعة كبيرة من الأنشطة للاختيار من بينها في محمية طبيعية، تعد كلباء واحدة من الأماكن السياحية التي يجب زيارتها في الشارقة لمحبي الحياة البرية والتراث على حد سواء.',NULL),(9,NULL,'2024-03-28 17:48:27.418000','2024-03-28 17:55:30.014000','2024-03-28 17:48:33.455000',1,1,'Sharjah City Municipality','بلدية مدينة الشارقة','sharjah','https://portal.shjmun.gov.ae/en/pages/home.aspx','+971 6562 3333','https://www.google.com/maps/embed?pb=!1m23!1m12!1m3!1d115373.97418538308!2d55.31848587261117!3d25.356676869036047!2m3!1f0!2f0!3f0!3m2!1i1024!2i768!4f13.1!4m8!3e6!4m0!4m5!1s0x3e5f5a2a8bc33963%3A0x4223dbf662abeec5!2s9C42%2BM9C%20-%20Sheikh%20Zayed%20St%20-%20Al%20Mussalla%20-%20Al%20Gharb%20-%20Sharjah%20-%20United%20Arab%20Emirates!3m2!1d25.356699799999998!2d55.400887399999995!5e0!3m2!1sen!2sin!4v1711624445636!5m2!1sen!2sin','https://www.facebook.com/ShjMunicipality/','http://www.instagram.com/shjmunicipality/','https://twitter.com/shjmunicipality',NULL,NULL,'### **About Sharjah City Municipality**\nThe Emirate of Sharjah is distinguished by its ancient history and rich culture. The\nmodernity and authentic traditions are combined and reflexed in its cultural and \neducational edifices. It is located in the center of the United Arab Emirates and having\nborders with all other emirates of the state, and also with the Sultanate of Oman. It\npossesses the largest share of nature reserves in the UAE, like beaches, mangrove \nreserves, acacia forests and palm groves.\n\nThe city of Sharjah is one of the cities within the emirate and well located between two \nlakes. It is a vibrant city that is rich in culture and artistic treasures. The UNESCO declared \nSharjah city the capital of culture in the Arab world for its obvious efforts to preserve and \npromote Arab traditions. The artistic treasures of the city are exhibited through 20 \nmuseums, art galleries and architectural monuments spread across it. The cultural and \nentertainment activities are held in the city throughout the year.\n\nThe city of Sharjah is at the forefront of the Arab cities that care for afforestation and \nlandscaping. Most of its streets and squares are covered with greenery in exquisite \ngeometric shapes. The city has more than 60 public and neighborhood parks located\nthroughout its territory to provide residents with recreational attractions.\n\nThe city provides multiple facilities to the business sector, so it has become an attractive \ndestination for investors and business owners. That is only one of the factors that \npromote quality of life and welfare for its residents and visitors.','### **عن بلدية مدينة الشارقة**\nتتميز إمارة الشارقة بتاريخها العريق وثقافتها الغنية. ال\nيتم الجمع بين الحداثة والتقاليد الأصيلة وتنعكس في ثقافتها وثقافتها\nالصروح التعليمية. تقع في وسط دولة الإمارات العربية المتحدة ولها\nحدودها مع كافة إمارات الدولة الأخرى، وأيضاً مع سلطنة عمان. هو - هي\nتمتلك أكبر حصة من المحميات الطبيعية في دولة الإمارات العربية المتحدة، مثل الشواطئ وأشجار المانغروف\nالمحميات وغابات السنط وبساتين النخيل.\n\nمدينة الشارقة هي إحدى المدن داخل الإمارة وتتمتع بموقع جيد بين اثنتين\nالبحيرات. إنها مدينة نابضة بالحياة وغنية بالثقافة والكنوز الفنية. أعلنت منظمة اليونسكو\nمدينة الشارقة عاصمة الثقافة في العالم العربي لجهودها الواضحة في الحفاظ عليها\nتعزيز التقاليد العربية. يتم عرض الكنوز الفنية للمدينة من خلال 20\nوتنتشر في أرجائها المتاحف والمعارض الفنية والمعالم المعمارية. الثقافية و\nتقام الأنشطة الترفيهية في المدينة على مدار العام.\n\nتعتبر مدينة الشارقة في مقدمة المدن العربية التي تهتم بالتشجير والتشجير\nالمناظر الطبيعية. وتكسوت معظم شوارعها وساحاتها بالخضرة الرائعة\nالأشكال الهندسية. يوجد بالمدينة أكثر من 60 حديقة عامة وحيوية\nفي جميع أنحاء أراضيها لتزويد السكان بمناطق الجذب الترفيهية.\n\nتوفر المدينة مرافق متعددة لقطاع الأعمال، لذلك أصبحت وجهة جاذبة\nوجهة للمستثمرين وأصحاب الأعمال. وهذا ليس سوى واحد من العوامل التي\nتعزيز نوعية الحياة والرفاهية لسكانها وزوارها',NULL);
/*!40000 ALTER TABLE `municipalities` ENABLE KEYS */;
UNLOCK TABLES;

--
-- Table structure for table `news`
--

DROP TABLE IF EXISTS `news`;
/*!40101 SET @saved_cs_client     = @@character_set_client */;
/*!50503 SET character_set_client = utf8mb4 */;
CREATE TABLE `news` (
  `id` int unsigned NOT NULL AUTO_INCREMENT,
  `title` varchar(255) DEFAULT NULL,
  `title_a` varchar(255) DEFAULT NULL,
  `content` longtext,
  `content_a` longtext,
  `date` date DEFAULT NULL,
  `created_at` datetime(6) DEFAULT NULL,
  `updated_at` datetime(6) DEFAULT NULL,
  `published_at` datetime(6) DEFAULT NULL,
  `created_by_id` int unsigned DEFAULT NULL,
  `updated_by_id` int unsigned DEFAULT NULL,
  `author` varchar(255) DEFAULT NULL,
  `author_a` varchar(255) DEFAULT NULL,
  `desc` longtext,
  `desc_a` longtext,
  `desnew` json DEFAULT NULL,
  PRIMARY KEY (`id`),
  KEY `news_created_by_id_fk` (`created_by_id`),
  KEY `news_updated_by_id_fk` (`updated_by_id`),
  CONSTRAINT `news_created_by_id_fk` FOREIGN KEY (`created_by_id`) REFERENCES `admin_users` (`id`) ON DELETE SET NULL,
  CONSTRAINT `news_updated_by_id_fk` FOREIGN KEY (`updated_by_id`) REFERENCES `admin_users` (`id`) ON DELETE SET NULL
) ENGINE=InnoDB AUTO_INCREMENT=4 DEFAULT CHARSET=utf8mb4 COLLATE=utf8mb4_0900_ai_ci;
/*!40101 SET character_set_client = @saved_cs_client */;

--
-- Dumping data for table `news`
--

LOCK TABLES `news` WRITE;
/*!40000 ALTER TABLE `news` DISABLE KEYS */;
INSERT INTO `news` VALUES (1,'The Seventh Sharjah Municipal Forum draws a road map towards a more sustainable future for municipal work in the Emirate of Sharjah','ملتقى الشارقة البلدي السابع يرسم خارطة الطريق نحو مستقبل أكثر إستدامة للعمل البلدي في إمارة الشارقة','Under the generous patronage of His Highness Sheikh Sultan bin Mohammed bin Sultan Al Qasimi, Crown Prince, Deputy Ruler of Sharjah and Chairman of the Executive Council, the Department of Municipal Affairs, in cooperation with the Sharjah City Municipality, concluded yesterday (Thursday) the activities of the seventh edition of the Seventh Sharjah Municipal Forum under the slogan “Sharjah Thrives with Sustainability,” which It was held at the Sharjah Research, Technology and Innovation Park over two days full of fruitful discussions and events, amid a large public presence and diverse participation from the municipalities of the Emirate of Sharjah and various government and private agencies in the country, thus achieving a pioneering model to be emulated in applying sustainable development standards in the areas of municipal work and raising the efficiency of the quality of life. The gem in the Emirate of Sharjah. In its seventh edition, the Sharjah Municipal Forum shed light on the efforts of municipalities and municipal councils in the field of municipal work and sustainable development. The forum formed an important platform to encourage and motivate municipalities to move forward in achieving the country’s aspirations towards promoting sustainable development. It also reviewed the most prominent smart achievements of municipalities that contributed By raising the quality of decent living for citizens and residents of the Emirate of Sharjah. The objectives of the forum included reviewing the best strategic practices in the field of sustainable development in the Emirate of Sharjah and the UAE, in addition to enhancing community awareness of the importance of sustainability by involving students and the external public from the municipalities of cities and regions of the Emirate of Sharjah in interactive workshops aimed at enriching knowledge and contributing to the exchange of experiences. \n      His Excellency Dr. Sulaiman bin Sarhan Al Zaabi, Head of the Department of Municipal Affairs, confirmed that the forum comes in line with the visions and interest of His Highness Sheikh Dr. Sultan bin Muhammad Al Qasimi, Member of the Supreme Council and Ruler of Sharjah - may God protect him - and the aspirations of His Highness Sheikh Sultan bin Muhammad bin Sultan Al Qasimi, Crown Prince and Deputy Ruler. Sharjah Executive Council Chairman - may God protect him - aims to preserve the environment and achieve a more sustainable future for the emirate, as His Excellency states that the municipal councils and municipalities of the Emirate of Sharjah seek to implement best practices and achieve the highest standards of municipal work, provided that they are of a qualitative leap and supportive of international standards and sustainable development efforts. His Excellency pointed out that the Municipal Forum is an important event for exchanging ideas between various parties concerned with municipal work and sustainable development, and it also contributes effectively to raising the efficiency of municipal work and achieving joint cooperation and coordination between the municipalities of the Emirate of Sharjah and parties of common interest, which enhances the efficiency of municipal work in The Emirate of Sharjah and draws a road map for achieving the highest international standards. While His Excellency Sheikh Engineer Mohammed bin Abdullah Al Qasimi, Director of the Department of Municipal Affairs, indicated that the forum comes within the framework of the department’s keenness and interest to develop joint municipal work, and to enhance coordination and joint cooperation between the various municipal councils and municipalities of the Emirate of Sharjah, as the forum is a fruitful opportunity to exchange ideas and experiences, Uniting efforts towards municipal work contributes effectively to enhancing the comprehensive development witnessed by the Emirate of Sharjah.\n      His Excellency stated: The forum represents an important step towards achieving a sustainable future for our municipal work, which contributes to raising the quality of decent life for the citizens and residents of the Emirate of Sharjah. Many challenges related to municipal work and the most important effective solutions to them were discussed, and best practices in the field of work and sustainable development were also discussed. And accordingly, the forum came out with effective recommendations that will contribute to enhancing the achievement of future aspirations and goals for municipal work in the Emirate of Sharjah. The forum concluded by honoring the collaborators and lecturers, in addition to honoring the strategic partner of the forum, the Municipality of Sharjah City, and the sponsors (Sharjah Chamber of Commerce and Industry, Sharjah Expo Center, Shurooq, Al Mashreq Irrigation Services), in appreciation of their distinguished efforts in making the forum a success and achieving its goals, as the forum this year witnessed a remarkable development. Compared to previous years, thanks to the efforts of all participating parties, which in turn contributed to the success of the forum even more, as this success confirms the importance of the forum as a fruitful platform for exchanging ideas and experiences and promoting unified efforts towards achieving a bright future for municipal work in the Emirate of Sharjah.','تحت رعاية كريمة من سمو الشيخ سلطان بن محمد بن سلطان القاسمي ولي العهد نائب حاكم الشارقة رئيس المجلس التنفيذي، اختتمت دائرة شؤون البلديات بالتعاون مع بلديه مدينة الشارقة أمس (الخميس) فعاليات النسخة السابعة من ملتقى الشارقة البلدي السابع تحت شعار \"الشارقة تزدهر بالاستدامة\" والتي أقيمت في مجمع الشارقة للبحوث والتكنولوجيا والابتكار خلال يومين حافلين بالمناقشات والفعاليات المثمرة، وسط حضور جماهيري كبير ومشاركات متنوعة من بلديات إمارة الشارقة ومختلف الجهات الحكومية والخاصة في الدولة، محققين بذلك نموذجاً ريادي يحتذي به في تطبيق معايير التنمية المستدامة في مجالات العمل البلدي ورفع كفاءة جودة الحياة الكريمة في إمارة الشارقة.\nسلط  ملتقى الشارقة البلدي في نسخته السابعة الضوء على جهود البلديات والمجالس البلدية في مجال العمل البلدي والتنمية المستدامة، حيث شكل الملتقى منصة مهمة لتشجيع وتحفيز البلديات على المضي قدماً في تحقيق تطلعات الدولة نحو تعزيز التنمية المستدامة، كما استعرض ابرز الانجازات الذكية الخاصة بالبلديات و التي ساهمت برفع  جودة العيش الكريم لدى مواطني ومقيمي إمارة الشارقة.\nحيث تضمنت أهداف الملتقى الاطلاع على أفضل الممارسات الاستراتيجية في مجال التنمية المستدامة في إمارة الشارقة ودولة الإمارات، إضافتا إلى تعزيز الوعي المجتمعي بأهمية الاستدامة وذلك بإشراك الطلبة والجمهور الخارجي من بلديات مدن ومناطق إمارة الشارقة في ورش عمل تفاعلية تهدف إلى إثراء المعرفة وتساهم في تبادل الخبرات.\nكما حرصت دائرة شؤون البلديات من خلال تنظيم الملتقى إلى تعزيز جوانب الاستدامة، ومناقشة موضوعات الاستدامة في جلستين حواريتين الأولى بعنوان التنمية المستدامة والثانية بعنوان النسيج الحضري والعمراني، بالإضافة إلى معرض يستعرض ابرز مشاريع البلديات الذكية.\nأكد سعادة الدكتور سليمان بن سرحان الزعابي رئيس دائرة شؤون البلديات أن الملتقى يأتي تماشيا مع رؤى واهتمام صاحب السمو الشيخ الدكتور سلطان بن محمد القاسمي، عضو المجلس الأعلى حاكم الشارقة، -حفظه الله- وتطلعات سمو الشيخ سلطان بن محمد بن سلطان القاسمي ولي العهد نائب حاكم الشارقة رئيس المجلس التنفيذي -حفظه الله- الرامية إلى الحفاظ على البيئة وتحقيق مستقبل أكثر استدامة للإمارة، حيث يفيد سعادته بأن المجالس البلدية وبلديات إمارة الشارقة تسعى لتنفيذ أفضل الممارسات وتحقيق أعلى معايير العمل البلدي على أن تكون ذات نقلة نوعية وداعمة للمعايير العالمية وجهود التنمية المستدامة.\nولفت سعادته إلى أن الملتقى البلدي يعد حدثا هاما لتبادل الأفكار بين مختلف الجهات المعنية بالعمل البلدي والتنمية المستدامة، كما أنه يساهم بشكل فعال في رفع كفاءة العمل البلدي وتحقيق التعاون والتنسيق المشترك بين بلديات إمارة الشارقة والجهات ذات الاهتمام المشترك، مما يعزز برفع كفاءة العمل البلدي في إمارة الشارقة ويرسم لها خارطة الطريق لتحقيق أعلى المعايير العالمية.\nفي حين اشارسعادة الشيخ المهندس محمد بن عبد الله القاسمي مدير دائرة شؤون البلديات أن الملتقى يأتي في إطار حرص واهتمام الدائرة على تنمية العمل البلدي المشترك وتطويره، وتعزيز التنسيق والتعاون المشترك بين مختلف المجالس البلدية وبلديات إمارة الشارقة، حيث يعد الملتقى فرصة مثمرة لتبادل الأفكار والخبرات، وتوحيد الجهود نحو عمل بلدي يساهم بشكل فعال في تعزيز التنمية الشاملة التي تشهدها إمارة الشارقة.\nويفيد سعادته: بأن الملتقى يمثل خطوة مهمة نحو تحقيق مستقبل مستدام لعملنا البلدي بما يساهم برفع جودة الحياة الكريمة لمواطني ومقيمي إمارة الشارقة، حيث تم مناقشة العديد من التحديات الخاصة بالعمل البلدي واهم الحلول الفعالة لها، كذلك تم التباحث حول أفضل الممارسات في مجال العمل والتنمية المستدامة وتطبيقها، وعليه فقد  تم الخروج من الملتقى بتوصيات فعالة ستساهم في تعزيز تحقيق التطلعات والأهداف المستقبلية للعمل البلدي في إمارة الشارقة.\nواختتم الملتقى بتكريم المتعاونين والمحاضرين بالإضافة إلى تكريم الشريك الإستراتيجي للملتقى  بلدية مدينة الشارقة والرعاة  ( غرفة تجارة و صناعة الشارقة ، مركز أكسبو الشارقة ، شروق  ، المشرق لخدمات الري ) ، وذلك تقديرا لجهودهم المميزة في إنجاح الملتقى وتحقيق أهدافه، حيث شهد الملتقى هذا العام تطورا ملحوظا مقارنة بالأعوام السابقة بفضل جهود جميع الجهات المشاركة، والتي أسهمت بدورها في إنجاح الملتقى بشكل أكثر، حيث يؤكد هذا النجاح على أهمية الملتقى كمنصة مثمرة لتبادل الأفكار والخبرات وتعزيز توحيد الجهود نحو تحقيق مستقبل مشرق للعمل البلدي في إمارة الشارقة.','2024-02-23','2024-03-09 14:48:10.661000','2024-03-09 14:48:13.122000','2024-03-09 16:32:38.594000',1,1,'Admin','مسؤل','Under the generous patronage of His Highness Sheikh Sultan bin Mohammed bin Sultan Al Qasimi, Crown Prince, Deputy Ruler of Sharjah and Chairman of the Executive Council, the Department of Municipal Affairs, in cooperation with the Sharjah City','تحت رعاية كريمة من سمو الشيخ سلطان بن محمد بن سلطان القاسمي ولي العهد نائب حاكم الشارقة رئيس المجلس التنفيذي دائرة الشؤون البلدية بالتعاون مع مدينة الشارقة',NULL),(2,'The Department of Municipal Affairs organizes the sixth municipal forum for heads of municipal councils and directors of municipalities in the Emirate of Sharjah','دائرة الشؤون البلدية تنظم الملتقى البلدي السادس لرؤساء المجالس البلدية ومديري البلديات في إمارة الشارقة','The Department of Municipal Affairs, headed by His Excellency Dr. Sulaiman bin Rashan Al-Zaab, organized the event\nThe municipality, i.e. the head of the department responsible for the sixth series of heads of municipal councils and municipal directors\n Sharjah Safari in Al Dhaid, with the aim of enhancing constructive cooperation in the cities and regions of the emirate\nAnd develop your family, in order to ensure strong coordination and unify efforts to enhance ways\nTo advance business in the emirate and provide all services in accordance with the highest municipal standards\nGlobalism. His Excellency Dr. Sulaiman bin Sarhan Al Zaabi pointed out the need to develop ways to improve the municipal work system and provide the best standards in providing municipal services in a smooth and comfortable manner to customers, contributing to and enhancing the rapid renaissance witnessed by the emirate under the directives of His Highness Sheikh Dr. Sultan bin Muhammad Al Qasimi, Member of the Supreme Council and Ruler of Sharjah. And the follow-up of His Highness Sheikh Sultan bin Mohammed bin Sultan Al Qasimi, Crown Prince and Deputy Ruler of Sharjah, Chairman of the Executive Council of the Emirate of Sharjah. His Excellency explained that the forum reviewed the most important achievements of the department and municipalities, and opinions and proposals were exchanged regarding development and future projects that support the process of success and the crystallization of work plans for the current year, pointing out the necessity of concerted efforts and working under one umbrella in order to achieve more success and giving. At the conclusion of the forum, after completing the educational and entertainment tour throughout the Sharjah Safari, the Department of Municipal Affairs honored the Municipal Council, the Municipality of Sharjah City and the Al-Bataeh area, and the work team organizing the afforestation initiative of the Al-Mantahir Reserve in the Al-Bataeh area, in appreciation of their sincere efforts and contributions.','نظمت دائرة شؤون البلديات برئاسة سعادة الدكتور سليمان بن سرحان الزعابي رئيس الدائرة الملتقى البلدي السادس لرؤساء المجالس البلدية ومدراء بلديات مدن ومناطق الإمارة في سفاري الشارقة بمدينة الذيد، بهدف تعزيز التعاون البنّاء وتنمية أواصر التنسيق المشترك وذلك حرصاً على توحيد الجهود لتعزيز سبل الارتقاء بالعمل البلدي في الإمارة وتقديم كافة الخدمات وفق أعلى معايير الجودة العالمية.\nوأشار سعادة الدكتور سليمان بن سرحان الزعابي إلى ضرورة تنمية سبل الارتقاء بمنظومة العمل البلدي وتوفير أفضل المعايير في تقديم الخدمات البلدية بشكل سلس ومريح للمتعاملين مساهماً ومعززاً في النهضة السريعة التي تشهدها الإمارة في ظل توجيهات صاحب السمو الشيخ الدكتور سلطان بن محمد القاسمي عضو المجلس الأعلى حاكم الشارقة ومتابعة سمو الشيخ سلطان بن محمد بن سلطان القاسمي ولي عهد ونائب حاكم الشارقة رئيس المجلس التنفيذي لإمارة الشارقة.\nوأوضح سعادته أن الملتقى أستعرض اهم انجازات الدائرة والبلديات وتم فيــه تبادل الآراء والمقترحات تجاه المشاريع التطويرية والمستقبلية التي تدعم مسيرة النجاح وتبلور خطط العمل للعام الحالي، لافتا إلى ضرورة تضافر الجهود والعمل تحت مظلة واحدة من أجل تحقيق مزيداً من النجاح والعطاء.\nوفي ختام الملتقى وبعد الانتهاء من الجولة التثقيفية والترفيهية في ارجاء سفاري الشارقة، كرمت دائرة شؤون البلـديات كــــــــلً من المجلس البلدي وبلدية مدينة الشارقة ومنطقة البطائح وفريق العمل المنظم لمبادرة تشجير محمية المنتثر في منطقة البطائح، وذلك تقديرا لجهودهم وإسهاماتهم المخلصة. ','2023-02-16','2024-03-09 14:52:41.947000','2024-03-09 14:52:43.743000','2024-03-09 14:52:43.741000',1,1,'Admin','مسؤل','To advance business in the emirate and provide all services in accordance with the highest municipal standards Globalism. His Excellency Dr. Sulaiman bin Sarhan Al Zaabi pointed out the need to develop ways to improve the municipal work system','النهوض بالأعمال التجارية في الإمارة وتقديم كافة الخدمات وفق أعلى المعايير البلدية العالمية. وأشار سعادة الدكتور سليمان بن سرحان الزعابي إلى ضرورة تطوير سبل تحسين منظومة العمل البلدي\n',NULL),(3,'Launching the afforestation project of Al-Muntahir Reserve in the Al-Bataeh area','إطلاق مشروع تشجير محمية المنتصر بمنطقة البطائح','In implementation of the visions and directives of His Highness Sheikh Dr. Sultan bin Muhammad Al Qasimi, Member of the Supreme Council, Ruler of Sharjah, in preserving the environment, wildlife, and preserving biodiversity in the emirate, the Department of Municipal Affairs, in cooperation with the Sharjah City Municipality and the Municipality of Al Bataeh, organized the afforestation initiative of Al Muntahir Reserve in the Al Bataeh area. In order to enhance societal responsibility in preserving the desert environment and biodiversity, and encouraging agriculture to enhance the cultural and aesthetic appearance of the emirate and achieve environmental sustainability. The Department of Municipal Affairs celebrated the afforestation initiative of Al-Muntahir Reserve in the presence of Sheikh Majid bin Sultan bin Saqr Al Qasimi, Head of the Department of Suburbs and Villages Affairs, His Excellency Dr. Sulaiman bin Sarhan Al Zaabi, Head of the Department of Municipalities Affairs, His Excellency Dr. Engineer Khalifa bin Musabah Al Tunaiji, Head of the Department of Agriculture and Livestock, and His Excellency Salem Ali Al Muhairi, Chairman of the Municipal Council of the City of Sharjah, His Excellency Muhammad Abdullah bin Halis Al Ketbi, Chairman of the Municipal Council of the Al Bataeh Region, His Excellency Obaid Saeed Al Tunaiji, Director General of the Municipality of the City of Sharjah, His Excellency Abdullah Sultan bin Salumah Al Ketbi, Director of the Municipality of Al Bataeh, and the directors of the municipalities of the cities of the Emirate of Sharjah, and a group of officials. From government departments, bodies and institutions in Sharjah. In this context, His Excellency Dr. Sulaiman bin Sarhan Al Zaabi stressed that this initiative reflects the keenness of the Department of Municipal Affairs and the strategic partners to achieve the visions and directives of His Highness Sheikh Dr. Sultan bin Muhammad Al Qasimi, Member of the Supreme Council and Ruler of the Emirate of Sharjah, aimed at protecting and preserving environmental diversity and spreading community awareness. And the great interest in agriculture, which is considered one of the priorities of municipal work, because of its aesthetic, psychological and environmental dimensions, as the emirate is replete with large areas of green spaces, trees, various shrubs and flowers. \n      Al Zaabi pointed out that Al Muntahir Reserve is distinguished by its attractive desert nature, as it is located on the Sharjah-Mleiha Road, and has an area of ​​9.4 square kilometers. It has also been classified as a green belt that includes approximately one million Ghaf and Sidr trees, which were planted during the various afforestation campaigns held. Annually, noting that more than 5,000 Sidr and Ghaf trees were planted during this initiative. His Excellency the Head of the Department of Municipal Affairs also appreciated the constructive cooperation and great efforts made by the Municipality of Sharjah City and the Municipality of Al Bataeh in implementing this initiative, completing the agricultural work and providing agricultural seedlings, and the accompanying settlement work and the provision of irrigation networks and others. For his part, His Excellency Obaid Saeed Al Tunaiji, Director General of Sharjah City Municipality, confirmed that the Sharjah City Municipality pays great attention to agriculture and is keen to implement agricultural projects throughout the year, in implementation of the visions and directives of His Highness Sheikh Dr. Sultan bin Muhammad Al Qasimi, Member of the Supreme Council, Ruler of Sharjah, and to promote Cooperating with various parties to implement joint agricultural works and projects, as the municipality provided qualified work staff, tools, equipment, and heavy and light vehicles during its participation in the Al-Manthar Reserve afforestation initiative. Al-Tunaiji explained that the municipality carried out earth leveling work and provided 2,000 seedlings of Sidr and Ghaf trees from its nurseries. Work was also carried out on extending the necessary irrigation networks and installing tanks to ensure that irrigation lines and networks are fed around the clock with the required quantities of irrigation water, as these tanks are considered to have a storage capacity that guarantees Providing the necessary quantities of irrigation water. \n      In a related context, His Excellency Abdullah Sultan bin Salouma Al Ketbi, Director of the Municipality of Al Bataeh Region, indicated that this initiative embodies the great interest and joint work to spread awareness and the culture of preserving the environment, and to enhance the culture of volunteerism and social responsibility, as the success of this initiative reflects the great interest and continued cooperation between the various government agencies that It works within a joint work system, enhancing the cultural and aesthetic appearance of the emirate, as well as broad interest in natural reserves and spreading the green area. Bin Salumah Al Ketbi explained that the Municipality of Al Bataeh, since the beginning of the preparation for this initiative, has cooperated and coordinated with the Department of Municipal Affairs and the Municipality of Sharjah City to provide all the necessary needs for the success of afforestation of Al Muntahir Reserve, as it provided 3,000 seedlings of Ghaf and Sidr, which were planted and prepared in the municipal nursery according to the latest methods. The municipality, under the supervision of the cadres of the Agriculture Department and the Reserves and Services Department, provided all the necessary machinery and drilling equipment to carry out infrastructure work in order to provide and install the necessary water tanks, and extensions to modern irrigation networks, in addition to preparing the soil and planting sites in a way that suits the nature of the trees and contributes to their growth. Bin Saloma Al Ketbi stressed the constant follow-up by the municipality of the outcomes of all campaigns held in the reserve, where the seedlings are monitored and taken care of in terms of irrigation, care and cleanliness. Thanks to the directives of His Highness the Ruler of Sharjah, the reserve has become a natural environmental center that includes an integrated environmental system of trees and trees. Animals and birds.','تنفيذاً لرؤى وتوجيهات صاحب السمو الشيخ الدكتور سلطان بن محمد القاسمي، عضو المجلس الأعلى، حاكم الشارقة، في المحافظة على البيئة والحياة الفطرية وصيانة التنوع الحيوي في الإمارة، نظمت دائرة شؤون البلديات بالتعاون مع بلدية مدينة الشارقة وبلدية البطائح، مبادرة تشجير محمية المنتثر في منطقة البطائح تعزيزاً للمسؤولية المجتمعية في الحفاظ على البيئة الصحراوية والتنوع الحيوي، والتشجيع على الزراعة لتعزيز المظهر الحضاري والجمالي للإمارة وتحقيق الاستدامة البيئية.\n\nواحتفت دائرة شؤون البلديات بمبادرة تشجير محمية المنتثر بحضور كل من الشيخ ماجد بن سلطان بن صقر القاسمي، رئيس دائرة شؤون الضواحي والقرى، وسعادة الدكتور سليمان بن سرحان الزعابي رئيس دائرة شؤون البلديات، وسعادة الدكتور  المهندس خليفة بن مصبح الطنيجي رئيس دائرة الزراعة والثروة الحيوانية، وسعادة سالم علي المهيري رئيس المجلس البلدي لمدينة الشارقة، وسعادة محمد عبد الله بن حليس الكتبي رئيس المجلس البلدي لمنطقة البطائح، وسعادة عبيد سعيد الطنيجي مدير عام بلدية مدينة الشارقة وسعادة عبد الله سلطان بن سلومه الكتبي مدير بلدية البطائح ومدراء بلديات مدن إمارة الشارقة، ولفيف من المسؤلين من الدوائر والهيئات والمؤسسات الحكومية في الشارقة.\n\nوفي هذا السياق أكد سعادة الدكتور سليمان بن سرحان الزعابي أن هذه المبادرة تعكس حرص دائرة شؤون البلديات والشركاء الاستراتييجين على تحقيق رؤى وتوجيهات صاحب السمو الشيخ الدكتور سلطان بن محمد القاسمي، عضو المجلس الأعلى، حاكم إمارة الشارقة، الرامية إلى حماية وصون التنوع البيئي ونشر التوعية المجتمعية، والاهتمام الكبير بالزراعة التي تعتبر من أولويات العمل البلدي، لما لها من أبعاد جمالية ونفسية وبيئية، حيث تزخر الإمارة بمساحات واسعة من المسطحات الخضراء والأشجار والشجيرات المتنوعة والزهور.\n\nوأشار الزعابي إلى أن محمية المنتثر تمتاز بطبيعتها الصحراوية الجذابة، حيث تقع على طريق الشارقة -مليحة، وتبلغ مساحتها 9.4 كلم مربع، كما أنه تم تصنيفها كحزام أخضر يضم ما يقارب مليون شجرة من أشجار الغاف والسدر، والتي تمت زراعتها خلال حملات التشجير المتنوعة التي تقام سنوياً، مشيراً إلى أنه تمت زراعة أكثر من 5 آلاف شجرة من أشجار السدر والغاف خلال هذه المبادرة.\n\nكما ثمن سعادة رئيس دائرة شؤون البلديات التعاون البناء والجهود الكبيرة التي قامت بها بلدية مدينة الشارقة وبلدية البطائح في تنفيذ هذه المبادرة، وإنجاز أعمال الزراعة وتوفير الشتلات الزراعية، وما صاحبها من أعمال تسويات وتوفير شبكات الري وغيرها.\n\nمن جانبه أكد سعادة عبيد سعيد الطنيجي مدير عام بلدية مدينة الشارقة، أن بلدية مدينة الشارقة تولي الزراعة اهتماماً كبيراً وتحرص على تنفيذ المشاريع الزراعية على مدار العام، تنفيذاً لرؤى وتوجيهات صاحب السمو الشيخ الدكتور سلطان بن محمد القاسمي، عضو المجلس الأعلى، حاكم الشارقة، وتعزيز التعاون مع مختلف الجهات لتنفيذ أعمال ومشاريع زراعية مشتركة، حيث وفرت البلدية كادر عمل مؤهل وأدوات ومعدات ومركبات ثقيلة وخفيفة خلال مشاركتها في مبادرة تشجير محمية المنتثر.\n\nوأوضح الطنيجي أن البلدية قامت بأعمال التسويات الترابية وتوفير 2000 شتلة من أشجار السدر والغاف من مشاتلها، كما تم تنفيذ أعمال مد شبكات الريّ اللازمة وتركيب خزانات لضمان تغذية خطوط وشبكات الريّ على مدار الساعة بالكميات المطلوبة من مياه الريّ، حيث تعتبر هذه الخزانات ذات طاقة تخزينية تضمن توفير الكميات اللازمة من مياه الريّ.\n\nوفي سياق متصل أشار سعادة عبد الله سلطان بن سلومة الكتبي مدير بلدية منطقة البطائح أن هذه المبادرة تجسد الاهتمام الكبير والعمل المشترك لنشر التوعية وثقافة الحفاظ على البيئة وتعزيز ثقافة التطوع وحمل المسؤولية المجتمعية، حيث يعكس نجاح هذه المبادرة الاهتمام الكبير والتعاون المستمر بين مختلف الجهات الحكومية التي تعمل ضمن منظومة عمل مشتركة، وتعزيز المظهر الحضاري والجمالي للإمارة فضلاً عن الاهتمام الواسع بالمحميات الطبيعية ونشر الرقعة الخضراء.\n\nوأوضح بن سلومة الكتبي بأن بلدية البطائح ومنذ بداية التجهيز لهذه المبادرة قامت بالتعاون والتنسيق مع دائرة شؤون البلديات و بلدية مدينة الشارقة بتوفير كافة الاحتياجات اللازمة لإنجاح تشجير محمية المنتثر، حيث قامت بتوفير 3000 شتلة من الغاف والسدر والتي تم غرسها وتجهيزها في مشتل البلدية وفق أحدث السبل، كما قامت البلدية و بإشراف كوادر إدارة الزراعة و قسم المحميات والخدمات بتوفير كافة الآليات ومعدات الحفر الازمة لتنفيذ أعمال البنية التحتية وذلك لتوفير و تركيب خزانات المياه اللازمة، وتمديدات شبكات الري الحديثة إضافة إلى تجهيز التربة و مواقع الزراعة بما يتناسب مع طبيعتة الاشجار  ويساهم في نموها.\n\nوأكد بن سلومة الكتبي على المتابعة الدائمة من قبل البلدية لمخرجات كل الحملات التي تقام في المحمية حيث تتابع الشتلات ويتم العناية بها من ناحية الري و الاهتمام والنظافة، وقد أصبحت المحمية بفضل توجيهات صاحب السمو حاكم الشارقة مركزاً بيئيا طبيعياً يشتمل على منظومة بيئية متكاملة من الأشجار و الحيوانات والطيور.','2022-07-19','2024-03-09 14:55:22.573000','2024-03-09 14:55:23.422000','2024-03-09 19:33:19.467000',1,1,'Admin','مسؤل','In implementation of the visions and directives of His Highness Sheikh Dr. Sultan bin Muhammad Al Qasimi, Member of the Supreme Council, Ruler of Sharjah, in preserving the environment, wildlife, and preserving biodiversity in the emirate, the Department of Municipal Affairs','تنفيذاً لرؤى وتوجيهات صاحب السمو الشيخ الدكتور سلطان بن محمد القاسمي، عضو المجلس الأعلى حاكم الشارقة، في الحفاظ على البيئة والحياة الفطرية والحفاظ على التنوع البيولوجي في الإمارة، دائرة الشؤون البلدية',NULL);
/*!40000 ALTER TABLE `news` ENABLE KEYS */;
UNLOCK TABLES;

--
-- Table structure for table `queries`
--

DROP TABLE IF EXISTS `queries`;
/*!40101 SET @saved_cs_client     = @@character_set_client */;
/*!50503 SET character_set_client = utf8mb4 */;
CREATE TABLE `queries` (
  `id` int unsigned NOT NULL AUTO_INCREMENT,
  `name` varchar(255) DEFAULT NULL,
  `email` varchar(255) DEFAULT NULL,
  `phone` varchar(255) DEFAULT NULL,
  `subject` varchar(255) DEFAULT NULL,
  `message` longtext,
  `created_at` datetime(6) DEFAULT NULL,
  `updated_at` datetime(6) DEFAULT NULL,
  `published_at` datetime(6) DEFAULT NULL,
  `created_by_id` int unsigned DEFAULT NULL,
  `updated_by_id` int unsigned DEFAULT NULL,
  PRIMARY KEY (`id`),
  KEY `queries_created_by_id_fk` (`created_by_id`),
  KEY `queries_updated_by_id_fk` (`updated_by_id`),
  CONSTRAINT `queries_created_by_id_fk` FOREIGN KEY (`created_by_id`) REFERENCES `admin_users` (`id`) ON DELETE SET NULL,
  CONSTRAINT `queries_updated_by_id_fk` FOREIGN KEY (`updated_by_id`) REFERENCES `admin_users` (`id`) ON DELETE SET NULL
) ENGINE=InnoDB AUTO_INCREMENT=4 DEFAULT CHARSET=utf8mb4 COLLATE=utf8mb4_0900_ai_ci;
/*!40101 SET character_set_client = @saved_cs_client */;

--
-- Dumping data for table `queries`
--

LOCK TABLES `queries` WRITE;
/*!40000 ALTER TABLE `queries` DISABLE KEYS */;
INSERT INTO `queries` VALUES (1,'Vignesh','vi@gmail.com','978545213','Yes','Yes Working','2024-03-09 12:38:17.938000','2024-03-09 12:38:17.938000','2024-03-09 12:38:17.936000',NULL,NULL),(2,'Vignesh','vdsf@gmail.com','77889789','hi','h','2024-03-09 13:09:25.480000','2024-03-09 13:09:25.480000','2024-03-09 13:09:25.479000',NULL,NULL),(3,'Vignesh','vdsf@gmail.com','77889789','hi','h','2024-03-09 13:09:46.077000','2024-03-09 13:09:46.077000','2024-03-09 13:09:46.076000',NULL,NULL);
/*!40000 ALTER TABLE `queries` ENABLE KEYS */;
UNLOCK TABLES;

--
-- Table structure for table `strapi_api_token_permissions`
--

DROP TABLE IF EXISTS `strapi_api_token_permissions`;
/*!40101 SET @saved_cs_client     = @@character_set_client */;
/*!50503 SET character_set_client = utf8mb4 */;
CREATE TABLE `strapi_api_token_permissions` (
  `id` int unsigned NOT NULL AUTO_INCREMENT,
  `action` varchar(255) DEFAULT NULL,
  `created_at` datetime(6) DEFAULT NULL,
  `updated_at` datetime(6) DEFAULT NULL,
  `created_by_id` int unsigned DEFAULT NULL,
  `updated_by_id` int unsigned DEFAULT NULL,
  PRIMARY KEY (`id`),
  KEY `strapi_api_token_permissions_created_by_id_fk` (`created_by_id`),
  KEY `strapi_api_token_permissions_updated_by_id_fk` (`updated_by_id`),
  CONSTRAINT `strapi_api_token_permissions_created_by_id_fk` FOREIGN KEY (`created_by_id`) REFERENCES `admin_users` (`id`) ON DELETE SET NULL,
  CONSTRAINT `strapi_api_token_permissions_updated_by_id_fk` FOREIGN KEY (`updated_by_id`) REFERENCES `admin_users` (`id`) ON DELETE SET NULL
) ENGINE=InnoDB DEFAULT CHARSET=utf8mb4 COLLATE=utf8mb4_0900_ai_ci;
/*!40101 SET character_set_client = @saved_cs_client */;

--
-- Dumping data for table `strapi_api_token_permissions`
--

LOCK TABLES `strapi_api_token_permissions` WRITE;
/*!40000 ALTER TABLE `strapi_api_token_permissions` DISABLE KEYS */;
/*!40000 ALTER TABLE `strapi_api_token_permissions` ENABLE KEYS */;
UNLOCK TABLES;

--
-- Table structure for table `strapi_api_token_permissions_token_links`
--

DROP TABLE IF EXISTS `strapi_api_token_permissions_token_links`;
/*!40101 SET @saved_cs_client     = @@character_set_client */;
/*!50503 SET character_set_client = utf8mb4 */;
CREATE TABLE `strapi_api_token_permissions_token_links` (
  `id` int unsigned NOT NULL AUTO_INCREMENT,
  `api_token_permission_id` int unsigned DEFAULT NULL,
  `api_token_id` int unsigned DEFAULT NULL,
  `api_token_permission_order` double unsigned DEFAULT NULL,
  PRIMARY KEY (`id`),
  UNIQUE KEY `strapi_api_token_permissions_token_links_unique` (`api_token_permission_id`,`api_token_id`),
  KEY `strapi_api_token_permissions_token_links_fk` (`api_token_permission_id`),
  KEY `strapi_api_token_permissions_token_links_inv_fk` (`api_token_id`),
  KEY `strapi_api_token_permissions_token_links_order_inv_fk` (`api_token_permission_order`),
  CONSTRAINT `strapi_api_token_permissions_token_links_fk` FOREIGN KEY (`api_token_permission_id`) REFERENCES `strapi_api_token_permissions` (`id`) ON DELETE CASCADE,
  CONSTRAINT `strapi_api_token_permissions_token_links_inv_fk` FOREIGN KEY (`api_token_id`) REFERENCES `strapi_api_tokens` (`id`) ON DELETE CASCADE
) ENGINE=InnoDB DEFAULT CHARSET=utf8mb4 COLLATE=utf8mb4_0900_ai_ci;
/*!40101 SET character_set_client = @saved_cs_client */;

--
-- Dumping data for table `strapi_api_token_permissions_token_links`
--

LOCK TABLES `strapi_api_token_permissions_token_links` WRITE;
/*!40000 ALTER TABLE `strapi_api_token_permissions_token_links` DISABLE KEYS */;
/*!40000 ALTER TABLE `strapi_api_token_permissions_token_links` ENABLE KEYS */;
UNLOCK TABLES;

--
-- Table structure for table `strapi_api_tokens`
--

DROP TABLE IF EXISTS `strapi_api_tokens`;
/*!40101 SET @saved_cs_client     = @@character_set_client */;
/*!50503 SET character_set_client = utf8mb4 */;
CREATE TABLE `strapi_api_tokens` (
  `id` int unsigned NOT NULL AUTO_INCREMENT,
  `name` varchar(255) DEFAULT NULL,
  `description` varchar(255) DEFAULT NULL,
  `type` varchar(255) DEFAULT NULL,
  `access_key` varchar(255) DEFAULT NULL,
  `last_used_at` datetime(6) DEFAULT NULL,
  `expires_at` datetime(6) DEFAULT NULL,
  `lifespan` bigint DEFAULT NULL,
  `created_at` datetime(6) DEFAULT NULL,
  `updated_at` datetime(6) DEFAULT NULL,
  `created_by_id` int unsigned DEFAULT NULL,
  `updated_by_id` int unsigned DEFAULT NULL,
  PRIMARY KEY (`id`),
  KEY `strapi_api_tokens_created_by_id_fk` (`created_by_id`),
  KEY `strapi_api_tokens_updated_by_id_fk` (`updated_by_id`),
  CONSTRAINT `strapi_api_tokens_created_by_id_fk` FOREIGN KEY (`created_by_id`) REFERENCES `admin_users` (`id`) ON DELETE SET NULL,
  CONSTRAINT `strapi_api_tokens_updated_by_id_fk` FOREIGN KEY (`updated_by_id`) REFERENCES `admin_users` (`id`) ON DELETE SET NULL
) ENGINE=InnoDB AUTO_INCREMENT=2 DEFAULT CHARSET=utf8mb4 COLLATE=utf8mb4_0900_ai_ci;
/*!40101 SET character_set_client = @saved_cs_client */;

--
-- Dumping data for table `strapi_api_tokens`
--

LOCK TABLES `strapi_api_tokens` WRITE;
/*!40000 ALTER TABLE `strapi_api_tokens` DISABLE KEYS */;
INSERT INTO `strapi_api_tokens` VALUES (1,'apiToken','','full-access','438d2f9a610874577da1b8b4f286bbd015cfd1366da9365b731eeea71ff488b452f1a176352bbcaf61a7d9eee04c70e55ce802378627b63b4ae033cca1026273',NULL,NULL,NULL,'2024-03-05 12:07:37.250000','2024-03-05 12:07:37.250000',NULL,NULL);
/*!40000 ALTER TABLE `strapi_api_tokens` ENABLE KEYS */;
UNLOCK TABLES;

--
-- Table structure for table `strapi_core_store_settings`
--

DROP TABLE IF EXISTS `strapi_core_store_settings`;
/*!40101 SET @saved_cs_client     = @@character_set_client */;
/*!50503 SET character_set_client = utf8mb4 */;
CREATE TABLE `strapi_core_store_settings` (
  `id` int unsigned NOT NULL AUTO_INCREMENT,
  `key` varchar(255) DEFAULT NULL,
  `value` longtext,
  `type` varchar(255) DEFAULT NULL,
  `environment` varchar(255) DEFAULT NULL,
  `tag` varchar(255) DEFAULT NULL,
  PRIMARY KEY (`id`)
) ENGINE=InnoDB AUTO_INCREMENT=40 DEFAULT CHARSET=utf8mb4 COLLATE=utf8mb4_0900_ai_ci;
/*!40101 SET character_set_client = @saved_cs_client */;

--
-- Dumping data for table `strapi_core_store_settings`
--

LOCK TABLES `strapi_core_store_settings` WRITE;
/*!40000 ALTER TABLE `strapi_core_store_settings` DISABLE KEYS */;
INSERT INTO `strapi_core_store_settings` VALUES (1,'strapi_content_types_schema','{\"admin::permission\":{\"collectionName\":\"admin_permissions\",\"info\":{\"name\":\"Permission\",\"description\":\"\",\"singularName\":\"permission\",\"pluralName\":\"permissions\",\"displayName\":\"Permission\"},\"options\":{},\"pluginOptions\":{\"content-manager\":{\"visible\":false},\"content-type-builder\":{\"visible\":false}},\"attributes\":{\"action\":{\"type\":\"string\",\"minLength\":1,\"configurable\":false,\"required\":true},\"actionParameters\":{\"type\":\"json\",\"configurable\":false,\"required\":false,\"default\":{}},\"subject\":{\"type\":\"string\",\"minLength\":1,\"configurable\":false,\"required\":false},\"properties\":{\"type\":\"json\",\"configurable\":false,\"required\":false,\"default\":{}},\"conditions\":{\"type\":\"json\",\"configurable\":false,\"required\":false,\"default\":[]},\"role\":{\"configurable\":false,\"type\":\"relation\",\"relation\":\"manyToOne\",\"inversedBy\":\"permissions\",\"target\":\"admin::role\"},\"createdAt\":{\"type\":\"datetime\"},\"updatedAt\":{\"type\":\"datetime\"},\"createdBy\":{\"type\":\"relation\",\"relation\":\"oneToOne\",\"target\":\"admin::user\",\"configurable\":false,\"writable\":false,\"visible\":false,\"useJoinTable\":false,\"private\":true},\"updatedBy\":{\"type\":\"relation\",\"relation\":\"oneToOne\",\"target\":\"admin::user\",\"configurable\":false,\"writable\":false,\"visible\":false,\"useJoinTable\":false,\"private\":true}},\"kind\":\"collectionType\",\"__schema__\":{\"collectionName\":\"admin_permissions\",\"info\":{\"name\":\"Permission\",\"description\":\"\",\"singularName\":\"permission\",\"pluralName\":\"permissions\",\"displayName\":\"Permission\"},\"options\":{},\"pluginOptions\":{\"content-manager\":{\"visible\":false},\"content-type-builder\":{\"visible\":false}},\"attributes\":{\"action\":{\"type\":\"string\",\"minLength\":1,\"configurable\":false,\"required\":true},\"actionParameters\":{\"type\":\"json\",\"configurable\":false,\"required\":false,\"default\":{}},\"subject\":{\"type\":\"string\",\"minLength\":1,\"configurable\":false,\"required\":false},\"properties\":{\"type\":\"json\",\"configurable\":false,\"required\":false,\"default\":{}},\"conditions\":{\"type\":\"json\",\"configurable\":false,\"required\":false,\"default\":[]},\"role\":{\"configurable\":false,\"type\":\"relation\",\"relation\":\"manyToOne\",\"inversedBy\":\"permissions\",\"target\":\"admin::role\"}},\"kind\":\"collectionType\"},\"modelType\":\"contentType\",\"modelName\":\"permission\",\"connection\":\"default\",\"uid\":\"admin::permission\",\"plugin\":\"admin\",\"globalId\":\"AdminPermission\"},\"admin::user\":{\"collectionName\":\"admin_users\",\"info\":{\"name\":\"User\",\"description\":\"\",\"singularName\":\"user\",\"pluralName\":\"users\",\"displayName\":\"User\"},\"pluginOptions\":{\"content-manager\":{\"visible\":false},\"content-type-builder\":{\"visible\":false}},\"attributes\":{\"firstname\":{\"type\":\"string\",\"unique\":false,\"minLength\":1,\"configurable\":false,\"required\":false},\"lastname\":{\"type\":\"string\",\"unique\":false,\"minLength\":1,\"configurable\":false,\"required\":false},\"username\":{\"type\":\"string\",\"unique\":false,\"configurable\":false,\"required\":false},\"email\":{\"type\":\"email\",\"minLength\":6,\"configurable\":false,\"required\":true,\"unique\":true,\"private\":true},\"password\":{\"type\":\"password\",\"minLength\":6,\"configurable\":false,\"required\":false,\"private\":true,\"searchable\":false},\"resetPasswordToken\":{\"type\":\"string\",\"configurable\":false,\"private\":true,\"searchable\":false},\"registrationToken\":{\"type\":\"string\",\"configurable\":false,\"private\":true,\"searchable\":false},\"isActive\":{\"type\":\"boolean\",\"default\":false,\"configurable\":false,\"private\":true},\"roles\":{\"configurable\":false,\"private\":true,\"type\":\"relation\",\"relation\":\"manyToMany\",\"inversedBy\":\"users\",\"target\":\"admin::role\",\"collectionName\":\"strapi_users_roles\"},\"blocked\":{\"type\":\"boolean\",\"default\":false,\"configurable\":false,\"private\":true},\"preferedLanguage\":{\"type\":\"string\",\"configurable\":false,\"required\":false,\"searchable\":false},\"createdAt\":{\"type\":\"datetime\"},\"updatedAt\":{\"type\":\"datetime\"},\"createdBy\":{\"type\":\"relation\",\"relation\":\"oneToOne\",\"target\":\"admin::user\",\"configurable\":false,\"writable\":false,\"visible\":false,\"useJoinTable\":false,\"private\":true},\"updatedBy\":{\"type\":\"relation\",\"relation\":\"oneToOne\",\"target\":\"admin::user\",\"configurable\":false,\"writable\":false,\"visible\":false,\"useJoinTable\":false,\"private\":true}},\"config\":{\"attributes\":{\"resetPasswordToken\":{\"hidden\":true},\"registrationToken\":{\"hidden\":true}}},\"kind\":\"collectionType\",\"__schema__\":{\"collectionName\":\"admin_users\",\"info\":{\"name\":\"User\",\"description\":\"\",\"singularName\":\"user\",\"pluralName\":\"users\",\"displayName\":\"User\"},\"pluginOptions\":{\"content-manager\":{\"visible\":false},\"content-type-builder\":{\"visible\":false}},\"attributes\":{\"firstname\":{\"type\":\"string\",\"unique\":false,\"minLength\":1,\"configurable\":false,\"required\":false},\"lastname\":{\"type\":\"string\",\"unique\":false,\"minLength\":1,\"configurable\":false,\"required\":false},\"username\":{\"type\":\"string\",\"unique\":false,\"configurable\":false,\"required\":false},\"email\":{\"type\":\"email\",\"minLength\":6,\"configurable\":false,\"required\":true,\"unique\":true,\"private\":true},\"password\":{\"type\":\"password\",\"minLength\":6,\"configurable\":false,\"required\":false,\"private\":true,\"searchable\":false},\"resetPasswordToken\":{\"type\":\"string\",\"configurable\":false,\"private\":true,\"searchable\":false},\"registrationToken\":{\"type\":\"string\",\"configurable\":false,\"private\":true,\"searchable\":false},\"isActive\":{\"type\":\"boolean\",\"default\":false,\"configurable\":false,\"private\":true},\"roles\":{\"configurable\":false,\"private\":true,\"type\":\"relation\",\"relation\":\"manyToMany\",\"inversedBy\":\"users\",\"target\":\"admin::role\",\"collectionName\":\"strapi_users_roles\"},\"blocked\":{\"type\":\"boolean\",\"default\":false,\"configurable\":false,\"private\":true},\"preferedLanguage\":{\"type\":\"string\",\"configurable\":false,\"required\":false,\"searchable\":false}},\"kind\":\"collectionType\"},\"modelType\":\"contentType\",\"modelName\":\"user\",\"connection\":\"default\",\"uid\":\"admin::user\",\"plugin\":\"admin\",\"globalId\":\"AdminUser\"},\"admin::role\":{\"collectionName\":\"admin_roles\",\"info\":{\"name\":\"Role\",\"description\":\"\",\"singularName\":\"role\",\"pluralName\":\"roles\",\"displayName\":\"Role\"},\"options\":{},\"pluginOptions\":{\"content-manager\":{\"visible\":false},\"content-type-builder\":{\"visible\":false}},\"attributes\":{\"name\":{\"type\":\"string\",\"minLength\":1,\"unique\":true,\"configurable\":false,\"required\":true},\"code\":{\"type\":\"string\",\"minLength\":1,\"unique\":true,\"configurable\":false,\"required\":true},\"description\":{\"type\":\"string\",\"configurable\":false},\"users\":{\"configurable\":false,\"type\":\"relation\",\"relation\":\"manyToMany\",\"mappedBy\":\"roles\",\"target\":\"admin::user\"},\"permissions\":{\"configurable\":false,\"type\":\"relation\",\"relation\":\"oneToMany\",\"mappedBy\":\"role\",\"target\":\"admin::permission\"},\"createdAt\":{\"type\":\"datetime\"},\"updatedAt\":{\"type\":\"datetime\"},\"createdBy\":{\"type\":\"relation\",\"relation\":\"oneToOne\",\"target\":\"admin::user\",\"configurable\":false,\"writable\":false,\"visible\":false,\"useJoinTable\":false,\"private\":true},\"updatedBy\":{\"type\":\"relation\",\"relation\":\"oneToOne\",\"target\":\"admin::user\",\"configurable\":false,\"writable\":false,\"visible\":false,\"useJoinTable\":false,\"private\":true}},\"kind\":\"collectionType\",\"__schema__\":{\"collectionName\":\"admin_roles\",\"info\":{\"name\":\"Role\",\"description\":\"\",\"singularName\":\"role\",\"pluralName\":\"roles\",\"displayName\":\"Role\"},\"options\":{},\"pluginOptions\":{\"content-manager\":{\"visible\":false},\"content-type-builder\":{\"visible\":false}},\"attributes\":{\"name\":{\"type\":\"string\",\"minLength\":1,\"unique\":true,\"configurable\":false,\"required\":true},\"code\":{\"type\":\"string\",\"minLength\":1,\"unique\":true,\"configurable\":false,\"required\":true},\"description\":{\"type\":\"string\",\"configurable\":false},\"users\":{\"configurable\":false,\"type\":\"relation\",\"relation\":\"manyToMany\",\"mappedBy\":\"roles\",\"target\":\"admin::user\"},\"permissions\":{\"configurable\":false,\"type\":\"relation\",\"relation\":\"oneToMany\",\"mappedBy\":\"role\",\"target\":\"admin::permission\"}},\"kind\":\"collectionType\"},\"modelType\":\"contentType\",\"modelName\":\"role\",\"connection\":\"default\",\"uid\":\"admin::role\",\"plugin\":\"admin\",\"globalId\":\"AdminRole\"},\"admin::api-token\":{\"collectionName\":\"strapi_api_tokens\",\"info\":{\"name\":\"Api Token\",\"singularName\":\"api-token\",\"pluralName\":\"api-tokens\",\"displayName\":\"Api Token\",\"description\":\"\"},\"options\":{},\"pluginOptions\":{\"content-manager\":{\"visible\":false},\"content-type-builder\":{\"visible\":false}},\"attributes\":{\"name\":{\"type\":\"string\",\"minLength\":1,\"configurable\":false,\"required\":true,\"unique\":true},\"description\":{\"type\":\"string\",\"minLength\":1,\"configurable\":false,\"required\":false,\"default\":\"\"},\"type\":{\"type\":\"enumeration\",\"enum\":[\"read-only\",\"full-access\",\"custom\"],\"configurable\":false,\"required\":true,\"default\":\"read-only\"},\"accessKey\":{\"type\":\"string\",\"minLength\":1,\"configurable\":false,\"required\":true,\"searchable\":false},\"lastUsedAt\":{\"type\":\"datetime\",\"configurable\":false,\"required\":false},\"permissions\":{\"type\":\"relation\",\"target\":\"admin::api-token-permission\",\"relation\":\"oneToMany\",\"mappedBy\":\"token\",\"configurable\":false,\"required\":false},\"expiresAt\":{\"type\":\"datetime\",\"configurable\":false,\"required\":false},\"lifespan\":{\"type\":\"biginteger\",\"configurable\":false,\"required\":false},\"createdAt\":{\"type\":\"datetime\"},\"updatedAt\":{\"type\":\"datetime\"},\"createdBy\":{\"type\":\"relation\",\"relation\":\"oneToOne\",\"target\":\"admin::user\",\"configurable\":false,\"writable\":false,\"visible\":false,\"useJoinTable\":false,\"private\":true},\"updatedBy\":{\"type\":\"relation\",\"relation\":\"oneToOne\",\"target\":\"admin::user\",\"configurable\":false,\"writable\":false,\"visible\":false,\"useJoinTable\":false,\"private\":true}},\"kind\":\"collectionType\",\"__schema__\":{\"collectionName\":\"strapi_api_tokens\",\"info\":{\"name\":\"Api Token\",\"singularName\":\"api-token\",\"pluralName\":\"api-tokens\",\"displayName\":\"Api Token\",\"description\":\"\"},\"options\":{},\"pluginOptions\":{\"content-manager\":{\"visible\":false},\"content-type-builder\":{\"visible\":false}},\"attributes\":{\"name\":{\"type\":\"string\",\"minLength\":1,\"configurable\":false,\"required\":true,\"unique\":true},\"description\":{\"type\":\"string\",\"minLength\":1,\"configurable\":false,\"required\":false,\"default\":\"\"},\"type\":{\"type\":\"enumeration\",\"enum\":[\"read-only\",\"full-access\",\"custom\"],\"configurable\":false,\"required\":true,\"default\":\"read-only\"},\"accessKey\":{\"type\":\"string\",\"minLength\":1,\"configurable\":false,\"required\":true,\"searchable\":false},\"lastUsedAt\":{\"type\":\"datetime\",\"configurable\":false,\"required\":false},\"permissions\":{\"type\":\"relation\",\"target\":\"admin::api-token-permission\",\"relation\":\"oneToMany\",\"mappedBy\":\"token\",\"configurable\":false,\"required\":false},\"expiresAt\":{\"type\":\"datetime\",\"configurable\":false,\"required\":false},\"lifespan\":{\"type\":\"biginteger\",\"configurable\":false,\"required\":false}},\"kind\":\"collectionType\"},\"modelType\":\"contentType\",\"modelName\":\"api-token\",\"connection\":\"default\",\"uid\":\"admin::api-token\",\"plugin\":\"admin\",\"globalId\":\"AdminApiToken\"},\"admin::api-token-permission\":{\"collectionName\":\"strapi_api_token_permissions\",\"info\":{\"name\":\"API Token Permission\",\"description\":\"\",\"singularName\":\"api-token-permission\",\"pluralName\":\"api-token-permissions\",\"displayName\":\"API Token Permission\"},\"options\":{},\"pluginOptions\":{\"content-manager\":{\"visible\":false},\"content-type-builder\":{\"visible\":false}},\"attributes\":{\"action\":{\"type\":\"string\",\"minLength\":1,\"configurable\":false,\"required\":true},\"token\":{\"configurable\":false,\"type\":\"relation\",\"relation\":\"manyToOne\",\"inversedBy\":\"permissions\",\"target\":\"admin::api-token\"},\"createdAt\":{\"type\":\"datetime\"},\"updatedAt\":{\"type\":\"datetime\"},\"createdBy\":{\"type\":\"relation\",\"relation\":\"oneToOne\",\"target\":\"admin::user\",\"configurable\":false,\"writable\":false,\"visible\":false,\"useJoinTable\":false,\"private\":true},\"updatedBy\":{\"type\":\"relation\",\"relation\":\"oneToOne\",\"target\":\"admin::user\",\"configurable\":false,\"writable\":false,\"visible\":false,\"useJoinTable\":false,\"private\":true}},\"kind\":\"collectionType\",\"__schema__\":{\"collectionName\":\"strapi_api_token_permissions\",\"info\":{\"name\":\"API Token Permission\",\"description\":\"\",\"singularName\":\"api-token-permission\",\"pluralName\":\"api-token-permissions\",\"displayName\":\"API Token Permission\"},\"options\":{},\"pluginOptions\":{\"content-manager\":{\"visible\":false},\"content-type-builder\":{\"visible\":false}},\"attributes\":{\"action\":{\"type\":\"string\",\"minLength\":1,\"configurable\":false,\"required\":true},\"token\":{\"configurable\":false,\"type\":\"relation\",\"relation\":\"manyToOne\",\"inversedBy\":\"permissions\",\"target\":\"admin::api-token\"}},\"kind\":\"collectionType\"},\"modelType\":\"contentType\",\"modelName\":\"api-token-permission\",\"connection\":\"default\",\"uid\":\"admin::api-token-permission\",\"plugin\":\"admin\",\"globalId\":\"AdminApiTokenPermission\"},\"admin::transfer-token\":{\"collectionName\":\"strapi_transfer_tokens\",\"info\":{\"name\":\"Transfer Token\",\"singularName\":\"transfer-token\",\"pluralName\":\"transfer-tokens\",\"displayName\":\"Transfer Token\",\"description\":\"\"},\"options\":{},\"pluginOptions\":{\"content-manager\":{\"visible\":false},\"content-type-builder\":{\"visible\":false}},\"attributes\":{\"name\":{\"type\":\"string\",\"minLength\":1,\"configurable\":false,\"required\":true,\"unique\":true},\"description\":{\"type\":\"string\",\"minLength\":1,\"configurable\":false,\"required\":false,\"default\":\"\"},\"accessKey\":{\"type\":\"string\",\"minLength\":1,\"configurable\":false,\"required\":true},\"lastUsedAt\":{\"type\":\"datetime\",\"configurable\":false,\"required\":false},\"permissions\":{\"type\":\"relation\",\"target\":\"admin::transfer-token-permission\",\"relation\":\"oneToMany\",\"mappedBy\":\"token\",\"configurable\":false,\"required\":false},\"expiresAt\":{\"type\":\"datetime\",\"configurable\":false,\"required\":false},\"lifespan\":{\"type\":\"biginteger\",\"configurable\":false,\"required\":false},\"createdAt\":{\"type\":\"datetime\"},\"updatedAt\":{\"type\":\"datetime\"},\"createdBy\":{\"type\":\"relation\",\"relation\":\"oneToOne\",\"target\":\"admin::user\",\"configurable\":false,\"writable\":false,\"visible\":false,\"useJoinTable\":false,\"private\":true},\"updatedBy\":{\"type\":\"relation\",\"relation\":\"oneToOne\",\"target\":\"admin::user\",\"configurable\":false,\"writable\":false,\"visible\":false,\"useJoinTable\":false,\"private\":true}},\"kind\":\"collectionType\",\"__schema__\":{\"collectionName\":\"strapi_transfer_tokens\",\"info\":{\"name\":\"Transfer Token\",\"singularName\":\"transfer-token\",\"pluralName\":\"transfer-tokens\",\"displayName\":\"Transfer Token\",\"description\":\"\"},\"options\":{},\"pluginOptions\":{\"content-manager\":{\"visible\":false},\"content-type-builder\":{\"visible\":false}},\"attributes\":{\"name\":{\"type\":\"string\",\"minLength\":1,\"configurable\":false,\"required\":true,\"unique\":true},\"description\":{\"type\":\"string\",\"minLength\":1,\"configurable\":false,\"required\":false,\"default\":\"\"},\"accessKey\":{\"type\":\"string\",\"minLength\":1,\"configurable\":false,\"required\":true},\"lastUsedAt\":{\"type\":\"datetime\",\"configurable\":false,\"required\":false},\"permissions\":{\"type\":\"relation\",\"target\":\"admin::transfer-token-permission\",\"relation\":\"oneToMany\",\"mappedBy\":\"token\",\"configurable\":false,\"required\":false},\"expiresAt\":{\"type\":\"datetime\",\"configurable\":false,\"required\":false},\"lifespan\":{\"type\":\"biginteger\",\"configurable\":false,\"required\":false}},\"kind\":\"collectionType\"},\"modelType\":\"contentType\",\"modelName\":\"transfer-token\",\"connection\":\"default\",\"uid\":\"admin::transfer-token\",\"plugin\":\"admin\",\"globalId\":\"AdminTransferToken\"},\"admin::transfer-token-permission\":{\"collectionName\":\"strapi_transfer_token_permissions\",\"info\":{\"name\":\"Transfer Token Permission\",\"description\":\"\",\"singularName\":\"transfer-token-permission\",\"pluralName\":\"transfer-token-permissions\",\"displayName\":\"Transfer Token Permission\"},\"options\":{},\"pluginOptions\":{\"content-manager\":{\"visible\":false},\"content-type-builder\":{\"visible\":false}},\"attributes\":{\"action\":{\"type\":\"string\",\"minLength\":1,\"configurable\":false,\"required\":true},\"token\":{\"configurable\":false,\"type\":\"relation\",\"relation\":\"manyToOne\",\"inversedBy\":\"permissions\",\"target\":\"admin::transfer-token\"},\"createdAt\":{\"type\":\"datetime\"},\"updatedAt\":{\"type\":\"datetime\"},\"createdBy\":{\"type\":\"relation\",\"relation\":\"oneToOne\",\"target\":\"admin::user\",\"configurable\":false,\"writable\":false,\"visible\":false,\"useJoinTable\":false,\"private\":true},\"updatedBy\":{\"type\":\"relation\",\"relation\":\"oneToOne\",\"target\":\"admin::user\",\"configurable\":false,\"writable\":false,\"visible\":false,\"useJoinTable\":false,\"private\":true}},\"kind\":\"collectionType\",\"__schema__\":{\"collectionName\":\"strapi_transfer_token_permissions\",\"info\":{\"name\":\"Transfer Token Permission\",\"description\":\"\",\"singularName\":\"transfer-token-permission\",\"pluralName\":\"transfer-token-permissions\",\"displayName\":\"Transfer Token Permission\"},\"options\":{},\"pluginOptions\":{\"content-manager\":{\"visible\":false},\"content-type-builder\":{\"visible\":false}},\"attributes\":{\"action\":{\"type\":\"string\",\"minLength\":1,\"configurable\":false,\"required\":true},\"token\":{\"configurable\":false,\"type\":\"relation\",\"relation\":\"manyToOne\",\"inversedBy\":\"permissions\",\"target\":\"admin::transfer-token\"}},\"kind\":\"collectionType\"},\"modelType\":\"contentType\",\"modelName\":\"transfer-token-permission\",\"connection\":\"default\",\"uid\":\"admin::transfer-token-permission\",\"plugin\":\"admin\",\"globalId\":\"AdminTransferTokenPermission\"},\"plugin::upload.file\":{\"collectionName\":\"files\",\"info\":{\"singularName\":\"file\",\"pluralName\":\"files\",\"displayName\":\"File\",\"description\":\"\"},\"options\":{},\"pluginOptions\":{\"content-manager\":{\"visible\":false},\"content-type-builder\":{\"visible\":false}},\"attributes\":{\"name\":{\"type\":\"string\",\"configurable\":false,\"required\":true},\"alternativeText\":{\"type\":\"string\",\"configurable\":false},\"caption\":{\"type\":\"string\",\"configurable\":false},\"width\":{\"type\":\"integer\",\"configurable\":false},\"height\":{\"type\":\"integer\",\"configurable\":false},\"formats\":{\"type\":\"json\",\"configurable\":false},\"hash\":{\"type\":\"string\",\"configurable\":false,\"required\":true},\"ext\":{\"type\":\"string\",\"configurable\":false},\"mime\":{\"type\":\"string\",\"configurable\":false,\"required\":true},\"size\":{\"type\":\"decimal\",\"configurable\":false,\"required\":true},\"url\":{\"type\":\"string\",\"configurable\":false,\"required\":true},\"previewUrl\":{\"type\":\"string\",\"configurable\":false},\"provider\":{\"type\":\"string\",\"configurable\":false,\"required\":true},\"provider_metadata\":{\"type\":\"json\",\"configurable\":false},\"related\":{\"type\":\"relation\",\"relation\":\"morphToMany\",\"configurable\":false},\"folder\":{\"type\":\"relation\",\"relation\":\"manyToOne\",\"target\":\"plugin::upload.folder\",\"inversedBy\":\"files\",\"private\":true},\"folderPath\":{\"type\":\"string\",\"min\":1,\"required\":true,\"private\":true,\"searchable\":false},\"createdAt\":{\"type\":\"datetime\"},\"updatedAt\":{\"type\":\"datetime\"},\"createdBy\":{\"type\":\"relation\",\"relation\":\"oneToOne\",\"target\":\"admin::user\",\"configurable\":false,\"writable\":false,\"visible\":false,\"useJoinTable\":false,\"private\":true},\"updatedBy\":{\"type\":\"relation\",\"relation\":\"oneToOne\",\"target\":\"admin::user\",\"configurable\":false,\"writable\":false,\"visible\":false,\"useJoinTable\":false,\"private\":true}},\"indexes\":[{\"name\":\"upload_files_folder_path_index\",\"columns\":[\"folder_path\"],\"type\":null},{\"name\":\"upload_files_created_at_index\",\"columns\":[\"created_at\"],\"type\":null},{\"name\":\"upload_files_updated_at_index\",\"columns\":[\"updated_at\"],\"type\":null},{\"name\":\"upload_files_name_index\",\"columns\":[\"name\"],\"type\":null},{\"name\":\"upload_files_size_index\",\"columns\":[\"size\"],\"type\":null},{\"name\":\"upload_files_ext_index\",\"columns\":[\"ext\"],\"type\":null}],\"kind\":\"collectionType\",\"__schema__\":{\"collectionName\":\"files\",\"info\":{\"singularName\":\"file\",\"pluralName\":\"files\",\"displayName\":\"File\",\"description\":\"\"},\"options\":{},\"pluginOptions\":{\"content-manager\":{\"visible\":false},\"content-type-builder\":{\"visible\":false}},\"attributes\":{\"name\":{\"type\":\"string\",\"configurable\":false,\"required\":true},\"alternativeText\":{\"type\":\"string\",\"configurable\":false},\"caption\":{\"type\":\"string\",\"configurable\":false},\"width\":{\"type\":\"integer\",\"configurable\":false},\"height\":{\"type\":\"integer\",\"configurable\":false},\"formats\":{\"type\":\"json\",\"configurable\":false},\"hash\":{\"type\":\"string\",\"configurable\":false,\"required\":true},\"ext\":{\"type\":\"string\",\"configurable\":false},\"mime\":{\"type\":\"string\",\"configurable\":false,\"required\":true},\"size\":{\"type\":\"decimal\",\"configurable\":false,\"required\":true},\"url\":{\"type\":\"string\",\"configurable\":false,\"required\":true},\"previewUrl\":{\"type\":\"string\",\"configurable\":false},\"provider\":{\"type\":\"string\",\"configurable\":false,\"required\":true},\"provider_metadata\":{\"type\":\"json\",\"configurable\":false},\"related\":{\"type\":\"relation\",\"relation\":\"morphToMany\",\"configurable\":false},\"folder\":{\"type\":\"relation\",\"relation\":\"manyToOne\",\"target\":\"plugin::upload.folder\",\"inversedBy\":\"files\",\"private\":true},\"folderPath\":{\"type\":\"string\",\"min\":1,\"required\":true,\"private\":true,\"searchable\":false}},\"kind\":\"collectionType\"},\"modelType\":\"contentType\",\"modelName\":\"file\",\"connection\":\"default\",\"uid\":\"plugin::upload.file\",\"plugin\":\"upload\",\"globalId\":\"UploadFile\"},\"plugin::upload.folder\":{\"collectionName\":\"upload_folders\",\"info\":{\"singularName\":\"folder\",\"pluralName\":\"folders\",\"displayName\":\"Folder\"},\"options\":{},\"pluginOptions\":{\"content-manager\":{\"visible\":false},\"content-type-builder\":{\"visible\":false}},\"attributes\":{\"name\":{\"type\":\"string\",\"min\":1,\"required\":true},\"pathId\":{\"type\":\"integer\",\"unique\":true,\"required\":true},\"parent\":{\"type\":\"relation\",\"relation\":\"manyToOne\",\"target\":\"plugin::upload.folder\",\"inversedBy\":\"children\"},\"children\":{\"type\":\"relation\",\"relation\":\"oneToMany\",\"target\":\"plugin::upload.folder\",\"mappedBy\":\"parent\"},\"files\":{\"type\":\"relation\",\"relation\":\"oneToMany\",\"target\":\"plugin::upload.file\",\"mappedBy\":\"folder\"},\"path\":{\"type\":\"string\",\"min\":1,\"required\":true},\"createdAt\":{\"type\":\"datetime\"},\"updatedAt\":{\"type\":\"datetime\"},\"createdBy\":{\"type\":\"relation\",\"relation\":\"oneToOne\",\"target\":\"admin::user\",\"configurable\":false,\"writable\":false,\"visible\":false,\"useJoinTable\":false,\"private\":true},\"updatedBy\":{\"type\":\"relation\",\"relation\":\"oneToOne\",\"target\":\"admin::user\",\"configurable\":false,\"writable\":false,\"visible\":false,\"useJoinTable\":false,\"private\":true}},\"indexes\":[{\"name\":\"upload_folders_path_id_index\",\"columns\":[\"path_id\"],\"type\":\"unique\"},{\"name\":\"upload_folders_path_index\",\"columns\":[\"path\"],\"type\":\"unique\"}],\"kind\":\"collectionType\",\"__schema__\":{\"collectionName\":\"upload_folders\",\"info\":{\"singularName\":\"folder\",\"pluralName\":\"folders\",\"displayName\":\"Folder\"},\"options\":{},\"pluginOptions\":{\"content-manager\":{\"visible\":false},\"content-type-builder\":{\"visible\":false}},\"attributes\":{\"name\":{\"type\":\"string\",\"min\":1,\"required\":true},\"pathId\":{\"type\":\"integer\",\"unique\":true,\"required\":true},\"parent\":{\"type\":\"relation\",\"relation\":\"manyToOne\",\"target\":\"plugin::upload.folder\",\"inversedBy\":\"children\"},\"children\":{\"type\":\"relation\",\"relation\":\"oneToMany\",\"target\":\"plugin::upload.folder\",\"mappedBy\":\"parent\"},\"files\":{\"type\":\"relation\",\"relation\":\"oneToMany\",\"target\":\"plugin::upload.file\",\"mappedBy\":\"folder\"},\"path\":{\"type\":\"string\",\"min\":1,\"required\":true}},\"kind\":\"collectionType\"},\"modelType\":\"contentType\",\"modelName\":\"folder\",\"connection\":\"default\",\"uid\":\"plugin::upload.folder\",\"plugin\":\"upload\",\"globalId\":\"UploadFolder\"},\"plugin::content-releases.release\":{\"collectionName\":\"strapi_releases\",\"info\":{\"singularName\":\"release\",\"pluralName\":\"releases\",\"displayName\":\"Release\"},\"options\":{\"draftAndPublish\":false},\"pluginOptions\":{\"content-manager\":{\"visible\":false},\"content-type-builder\":{\"visible\":false}},\"attributes\":{\"name\":{\"type\":\"string\",\"required\":true},\"releasedAt\":{\"type\":\"datetime\"},\"scheduledAt\":{\"type\":\"datetime\"},\"timezone\":{\"type\":\"string\"},\"actions\":{\"type\":\"relation\",\"relation\":\"oneToMany\",\"target\":\"plugin::content-releases.release-action\",\"mappedBy\":\"release\"},\"createdAt\":{\"type\":\"datetime\"},\"updatedAt\":{\"type\":\"datetime\"},\"createdBy\":{\"type\":\"relation\",\"relation\":\"oneToOne\",\"target\":\"admin::user\",\"configurable\":false,\"writable\":false,\"visible\":false,\"useJoinTable\":false,\"private\":true},\"updatedBy\":{\"type\":\"relation\",\"relation\":\"oneToOne\",\"target\":\"admin::user\",\"configurable\":false,\"writable\":false,\"visible\":false,\"useJoinTable\":false,\"private\":true}},\"kind\":\"collectionType\",\"__schema__\":{\"collectionName\":\"strapi_releases\",\"info\":{\"singularName\":\"release\",\"pluralName\":\"releases\",\"displayName\":\"Release\"},\"options\":{\"draftAndPublish\":false},\"pluginOptions\":{\"content-manager\":{\"visible\":false},\"content-type-builder\":{\"visible\":false}},\"attributes\":{\"name\":{\"type\":\"string\",\"required\":true},\"releasedAt\":{\"type\":\"datetime\"},\"scheduledAt\":{\"type\":\"datetime\"},\"timezone\":{\"type\":\"string\"},\"actions\":{\"type\":\"relation\",\"relation\":\"oneToMany\",\"target\":\"plugin::content-releases.release-action\",\"mappedBy\":\"release\"}},\"kind\":\"collectionType\"},\"modelType\":\"contentType\",\"modelName\":\"release\",\"connection\":\"default\",\"uid\":\"plugin::content-releases.release\",\"plugin\":\"content-releases\",\"globalId\":\"ContentReleasesRelease\"},\"plugin::content-releases.release-action\":{\"collectionName\":\"strapi_release_actions\",\"info\":{\"singularName\":\"release-action\",\"pluralName\":\"release-actions\",\"displayName\":\"Release Action\"},\"options\":{\"draftAndPublish\":false},\"pluginOptions\":{\"content-manager\":{\"visible\":false},\"content-type-builder\":{\"visible\":false}},\"attributes\":{\"type\":{\"type\":\"enumeration\",\"enum\":[\"publish\",\"unpublish\"],\"required\":true},\"entry\":{\"type\":\"relation\",\"relation\":\"morphToOne\",\"configurable\":false},\"contentType\":{\"type\":\"string\",\"required\":true},\"locale\":{\"type\":\"string\"},\"release\":{\"type\":\"relation\",\"relation\":\"manyToOne\",\"target\":\"plugin::content-releases.release\",\"inversedBy\":\"actions\"},\"createdAt\":{\"type\":\"datetime\"},\"updatedAt\":{\"type\":\"datetime\"},\"createdBy\":{\"type\":\"relation\",\"relation\":\"oneToOne\",\"target\":\"admin::user\",\"configurable\":false,\"writable\":false,\"visible\":false,\"useJoinTable\":false,\"private\":true},\"updatedBy\":{\"type\":\"relation\",\"relation\":\"oneToOne\",\"target\":\"admin::user\",\"configurable\":false,\"writable\":false,\"visible\":false,\"useJoinTable\":false,\"private\":true}},\"kind\":\"collectionType\",\"__schema__\":{\"collectionName\":\"strapi_release_actions\",\"info\":{\"singularName\":\"release-action\",\"pluralName\":\"release-actions\",\"displayName\":\"Release Action\"},\"options\":{\"draftAndPublish\":false},\"pluginOptions\":{\"content-manager\":{\"visible\":false},\"content-type-builder\":{\"visible\":false}},\"attributes\":{\"type\":{\"type\":\"enumeration\",\"enum\":[\"publish\",\"unpublish\"],\"required\":true},\"entry\":{\"type\":\"relation\",\"relation\":\"morphToOne\",\"configurable\":false},\"contentType\":{\"type\":\"string\",\"required\":true},\"locale\":{\"type\":\"string\"},\"release\":{\"type\":\"relation\",\"relation\":\"manyToOne\",\"target\":\"plugin::content-releases.release\",\"inversedBy\":\"actions\"}},\"kind\":\"collectionType\"},\"modelType\":\"contentType\",\"modelName\":\"release-action\",\"connection\":\"default\",\"uid\":\"plugin::content-releases.release-action\",\"plugin\":\"content-releases\",\"globalId\":\"ContentReleasesReleaseAction\"},\"plugin::i18n.locale\":{\"info\":{\"singularName\":\"locale\",\"pluralName\":\"locales\",\"collectionName\":\"locales\",\"displayName\":\"Locale\",\"description\":\"\"},\"options\":{\"draftAndPublish\":false},\"pluginOptions\":{\"content-manager\":{\"visible\":false},\"content-type-builder\":{\"visible\":false}},\"attributes\":{\"name\":{\"type\":\"string\",\"min\":1,\"max\":50,\"configurable\":false},\"code\":{\"type\":\"string\",\"unique\":true,\"configurable\":false},\"createdAt\":{\"type\":\"datetime\"},\"updatedAt\":{\"type\":\"datetime\"},\"createdBy\":{\"type\":\"relation\",\"relation\":\"oneToOne\",\"target\":\"admin::user\",\"configurable\":false,\"writable\":false,\"visible\":false,\"useJoinTable\":false,\"private\":true},\"updatedBy\":{\"type\":\"relation\",\"relation\":\"oneToOne\",\"target\":\"admin::user\",\"configurable\":false,\"writable\":false,\"visible\":false,\"useJoinTable\":false,\"private\":true}},\"kind\":\"collectionType\",\"__schema__\":{\"info\":{\"singularName\":\"locale\",\"pluralName\":\"locales\",\"collectionName\":\"locales\",\"displayName\":\"Locale\",\"description\":\"\"},\"options\":{\"draftAndPublish\":false},\"pluginOptions\":{\"content-manager\":{\"visible\":false},\"content-type-builder\":{\"visible\":false}},\"attributes\":{\"name\":{\"type\":\"string\",\"min\":1,\"max\":50,\"configurable\":false},\"code\":{\"type\":\"string\",\"unique\":true,\"configurable\":false}},\"kind\":\"collectionType\"},\"modelType\":\"contentType\",\"modelName\":\"locale\",\"connection\":\"default\",\"uid\":\"plugin::i18n.locale\",\"plugin\":\"i18n\",\"collectionName\":\"i18n_locale\",\"globalId\":\"I18NLocale\"},\"plugin::users-permissions.permission\":{\"collectionName\":\"up_permissions\",\"info\":{\"name\":\"permission\",\"description\":\"\",\"singularName\":\"permission\",\"pluralName\":\"permissions\",\"displayName\":\"Permission\"},\"pluginOptions\":{\"content-manager\":{\"visible\":false},\"content-type-builder\":{\"visible\":false}},\"attributes\":{\"action\":{\"type\":\"string\",\"required\":true,\"configurable\":false},\"role\":{\"type\":\"relation\",\"relation\":\"manyToOne\",\"target\":\"plugin::users-permissions.role\",\"inversedBy\":\"permissions\",\"configurable\":false},\"createdAt\":{\"type\":\"datetime\"},\"updatedAt\":{\"type\":\"datetime\"},\"createdBy\":{\"type\":\"relation\",\"relation\":\"oneToOne\",\"target\":\"admin::user\",\"configurable\":false,\"writable\":false,\"visible\":false,\"useJoinTable\":false,\"private\":true},\"updatedBy\":{\"type\":\"relation\",\"relation\":\"oneToOne\",\"target\":\"admin::user\",\"configurable\":false,\"writable\":false,\"visible\":false,\"useJoinTable\":false,\"private\":true}},\"kind\":\"collectionType\",\"__schema__\":{\"collectionName\":\"up_permissions\",\"info\":{\"name\":\"permission\",\"description\":\"\",\"singularName\":\"permission\",\"pluralName\":\"permissions\",\"displayName\":\"Permission\"},\"pluginOptions\":{\"content-manager\":{\"visible\":false},\"content-type-builder\":{\"visible\":false}},\"attributes\":{\"action\":{\"type\":\"string\",\"required\":true,\"configurable\":false},\"role\":{\"type\":\"relation\",\"relation\":\"manyToOne\",\"target\":\"plugin::users-permissions.role\",\"inversedBy\":\"permissions\",\"configurable\":false}},\"kind\":\"collectionType\"},\"modelType\":\"contentType\",\"modelName\":\"permission\",\"connection\":\"default\",\"uid\":\"plugin::users-permissions.permission\",\"plugin\":\"users-permissions\",\"globalId\":\"UsersPermissionsPermission\"},\"plugin::users-permissions.role\":{\"collectionName\":\"up_roles\",\"info\":{\"name\":\"role\",\"description\":\"\",\"singularName\":\"role\",\"pluralName\":\"roles\",\"displayName\":\"Role\"},\"pluginOptions\":{\"content-manager\":{\"visible\":false},\"content-type-builder\":{\"visible\":false}},\"attributes\":{\"name\":{\"type\":\"string\",\"minLength\":3,\"required\":true,\"configurable\":false},\"description\":{\"type\":\"string\",\"configurable\":false},\"type\":{\"type\":\"string\",\"unique\":true,\"configurable\":false},\"permissions\":{\"type\":\"relation\",\"relation\":\"oneToMany\",\"target\":\"plugin::users-permissions.permission\",\"mappedBy\":\"role\",\"configurable\":false},\"users\":{\"type\":\"relation\",\"relation\":\"oneToMany\",\"target\":\"plugin::users-permissions.user\",\"mappedBy\":\"role\",\"configurable\":false},\"createdAt\":{\"type\":\"datetime\"},\"updatedAt\":{\"type\":\"datetime\"},\"createdBy\":{\"type\":\"relation\",\"relation\":\"oneToOne\",\"target\":\"admin::user\",\"configurable\":false,\"writable\":false,\"visible\":false,\"useJoinTable\":false,\"private\":true},\"updatedBy\":{\"type\":\"relation\",\"relation\":\"oneToOne\",\"target\":\"admin::user\",\"configurable\":false,\"writable\":false,\"visible\":false,\"useJoinTable\":false,\"private\":true}},\"kind\":\"collectionType\",\"__schema__\":{\"collectionName\":\"up_roles\",\"info\":{\"name\":\"role\",\"description\":\"\",\"singularName\":\"role\",\"pluralName\":\"roles\",\"displayName\":\"Role\"},\"pluginOptions\":{\"content-manager\":{\"visible\":false},\"content-type-builder\":{\"visible\":false}},\"attributes\":{\"name\":{\"type\":\"string\",\"minLength\":3,\"required\":true,\"configurable\":false},\"description\":{\"type\":\"string\",\"configurable\":false},\"type\":{\"type\":\"string\",\"unique\":true,\"configurable\":false},\"permissions\":{\"type\":\"relation\",\"relation\":\"oneToMany\",\"target\":\"plugin::users-permissions.permission\",\"mappedBy\":\"role\",\"configurable\":false},\"users\":{\"type\":\"relation\",\"relation\":\"oneToMany\",\"target\":\"plugin::users-permissions.user\",\"mappedBy\":\"role\",\"configurable\":false}},\"kind\":\"collectionType\"},\"modelType\":\"contentType\",\"modelName\":\"role\",\"connection\":\"default\",\"uid\":\"plugin::users-permissions.role\",\"plugin\":\"users-permissions\",\"globalId\":\"UsersPermissionsRole\"},\"plugin::users-permissions.user\":{\"collectionName\":\"up_users\",\"info\":{\"name\":\"user\",\"description\":\"\",\"singularName\":\"user\",\"pluralName\":\"users\",\"displayName\":\"User\"},\"options\":{\"draftAndPublish\":false,\"timestamps\":true},\"attributes\":{\"username\":{\"type\":\"string\",\"minLength\":3,\"unique\":true,\"configurable\":false,\"required\":true},\"email\":{\"type\":\"email\",\"minLength\":6,\"configurable\":false,\"required\":true},\"provider\":{\"type\":\"string\",\"configurable\":false},\"password\":{\"type\":\"password\",\"minLength\":6,\"configurable\":false,\"private\":true,\"searchable\":false},\"resetPasswordToken\":{\"type\":\"string\",\"configurable\":false,\"private\":true,\"searchable\":false},\"confirmationToken\":{\"type\":\"string\",\"configurable\":false,\"private\":true,\"searchable\":false},\"confirmed\":{\"type\":\"boolean\",\"default\":false,\"configurable\":false},\"blocked\":{\"type\":\"boolean\",\"default\":false,\"configurable\":false},\"role\":{\"type\":\"relation\",\"relation\":\"manyToOne\",\"target\":\"plugin::users-permissions.role\",\"inversedBy\":\"users\",\"configurable\":false},\"createdAt\":{\"type\":\"datetime\"},\"updatedAt\":{\"type\":\"datetime\"},\"createdBy\":{\"type\":\"relation\",\"relation\":\"oneToOne\",\"target\":\"admin::user\",\"configurable\":false,\"writable\":false,\"visible\":false,\"useJoinTable\":false,\"private\":true},\"updatedBy\":{\"type\":\"relation\",\"relation\":\"oneToOne\",\"target\":\"admin::user\",\"configurable\":false,\"writable\":false,\"visible\":false,\"useJoinTable\":false,\"private\":true}},\"config\":{\"attributes\":{\"resetPasswordToken\":{\"hidden\":true},\"confirmationToken\":{\"hidden\":true},\"provider\":{\"hidden\":true}}},\"kind\":\"collectionType\",\"__schema__\":{\"collectionName\":\"up_users\",\"info\":{\"name\":\"user\",\"description\":\"\",\"singularName\":\"user\",\"pluralName\":\"users\",\"displayName\":\"User\"},\"options\":{\"draftAndPublish\":false,\"timestamps\":true},\"attributes\":{\"username\":{\"type\":\"string\",\"minLength\":3,\"unique\":true,\"configurable\":false,\"required\":true},\"email\":{\"type\":\"email\",\"minLength\":6,\"configurable\":false,\"required\":true},\"provider\":{\"type\":\"string\",\"configurable\":false},\"password\":{\"type\":\"password\",\"minLength\":6,\"configurable\":false,\"private\":true,\"searchable\":false},\"resetPasswordToken\":{\"type\":\"string\",\"configurable\":false,\"private\":true,\"searchable\":false},\"confirmationToken\":{\"type\":\"string\",\"configurable\":false,\"private\":true,\"searchable\":false},\"confirmed\":{\"type\":\"boolean\",\"default\":false,\"configurable\":false},\"blocked\":{\"type\":\"boolean\",\"default\":false,\"configurable\":false},\"role\":{\"type\":\"relation\",\"relation\":\"manyToOne\",\"target\":\"plugin::users-permissions.role\",\"inversedBy\":\"users\",\"configurable\":false}},\"kind\":\"collectionType\"},\"modelType\":\"contentType\",\"modelName\":\"user\",\"connection\":\"default\",\"uid\":\"plugin::users-permissions.user\",\"plugin\":\"users-permissions\",\"globalId\":\"UsersPermissionsUser\"},\"api::about.about\":{\"kind\":\"collectionType\",\"collectionName\":\"abouts\",\"info\":{\"singularName\":\"about\",\"pluralName\":\"abouts\",\"displayName\":\"About\",\"description\":\"\"},\"options\":{\"draftAndPublish\":true},\"pluginOptions\":{},\"attributes\":{\"HeroImgs\":{\"type\":\"media\",\"multiple\":true,\"required\":true,\"allowedTypes\":[\"images\"]},\"KingImg\":{\"type\":\"media\",\"multiple\":false,\"required\":true,\"allowedTypes\":[\"images\"]},\"ChairmanImg\":{\"type\":\"media\",\"multiple\":false,\"required\":true,\"allowedTypes\":[\"images\"]},\"MemberImgs\":{\"allowedTypes\":[\"images\"],\"type\":\"media\",\"multiple\":true,\"required\":true},\"createdAt\":{\"type\":\"datetime\"},\"updatedAt\":{\"type\":\"datetime\"},\"publishedAt\":{\"type\":\"datetime\",\"configurable\":false,\"writable\":true,\"visible\":false},\"createdBy\":{\"type\":\"relation\",\"relation\":\"oneToOne\",\"target\":\"admin::user\",\"configurable\":false,\"writable\":false,\"visible\":false,\"useJoinTable\":false,\"private\":true},\"updatedBy\":{\"type\":\"relation\",\"relation\":\"oneToOne\",\"target\":\"admin::user\",\"configurable\":false,\"writable\":false,\"visible\":false,\"useJoinTable\":false,\"private\":true}},\"__schema__\":{\"collectionName\":\"abouts\",\"info\":{\"singularName\":\"about\",\"pluralName\":\"abouts\",\"displayName\":\"About\",\"description\":\"\"},\"options\":{\"draftAndPublish\":true},\"pluginOptions\":{},\"attributes\":{\"HeroImgs\":{\"type\":\"media\",\"multiple\":true,\"required\":true,\"allowedTypes\":[\"images\"]},\"KingImg\":{\"type\":\"media\",\"multiple\":false,\"required\":true,\"allowedTypes\":[\"images\"]},\"ChairmanImg\":{\"type\":\"media\",\"multiple\":false,\"required\":true,\"allowedTypes\":[\"images\"]},\"MemberImgs\":{\"allowedTypes\":[\"images\"],\"type\":\"media\",\"multiple\":true,\"required\":true}},\"kind\":\"collectionType\"},\"modelType\":\"contentType\",\"modelName\":\"about\",\"connection\":\"default\",\"uid\":\"api::about.about\",\"apiName\":\"about\",\"globalId\":\"About\",\"actions\":{},\"lifecycles\":{}},\"api::complaint.complaint\":{\"kind\":\"collectionType\",\"collectionName\":\"complaints\",\"info\":{\"singularName\":\"complaint\",\"pluralName\":\"complaints\",\"displayName\":\"Complaint\",\"description\":\"\"},\"options\":{\"draftAndPublish\":true},\"pluginOptions\":{},\"attributes\":{\"Name\":{\"type\":\"string\",\"required\":true},\"Complaints\":{\"type\":\"string\",\"required\":true},\"Email\":{\"type\":\"email\",\"required\":true},\"Message\":{\"type\":\"text\",\"required\":true},\"Number\":{\"type\":\"string\",\"required\":true},\"createdAt\":{\"type\":\"datetime\"},\"updatedAt\":{\"type\":\"datetime\"},\"publishedAt\":{\"type\":\"datetime\",\"configurable\":false,\"writable\":true,\"visible\":false},\"createdBy\":{\"type\":\"relation\",\"relation\":\"oneToOne\",\"target\":\"admin::user\",\"configurable\":false,\"writable\":false,\"visible\":false,\"useJoinTable\":false,\"private\":true},\"updatedBy\":{\"type\":\"relation\",\"relation\":\"oneToOne\",\"target\":\"admin::user\",\"configurable\":false,\"writable\":false,\"visible\":false,\"useJoinTable\":false,\"private\":true}},\"__schema__\":{\"collectionName\":\"complaints\",\"info\":{\"singularName\":\"complaint\",\"pluralName\":\"complaints\",\"displayName\":\"Complaint\",\"description\":\"\"},\"options\":{\"draftAndPublish\":true},\"pluginOptions\":{},\"attributes\":{\"Name\":{\"type\":\"string\",\"required\":true},\"Complaints\":{\"type\":\"string\",\"required\":true},\"Email\":{\"type\":\"email\",\"required\":true},\"Message\":{\"type\":\"text\",\"required\":true},\"Number\":{\"type\":\"string\",\"required\":true}},\"kind\":\"collectionType\"},\"modelType\":\"contentType\",\"modelName\":\"complaint\",\"connection\":\"default\",\"uid\":\"api::complaint.complaint\",\"apiName\":\"complaint\",\"globalId\":\"Complaint\",\"actions\":{},\"lifecycles\":{}},\"api::council.council\":{\"kind\":\"collectionType\",\"collectionName\":\"councils\",\"info\":{\"singularName\":\"council\",\"pluralName\":\"councils\",\"displayName\":\"Council\",\"description\":\"\"},\"options\":{\"draftAndPublish\":true},\"pluginOptions\":{},\"attributes\":{\"Title\":{\"type\":\"string\",\"required\":true,\"unique\":true},\"TitleArabic\":{\"type\":\"string\",\"required\":true},\"council_members\":{\"type\":\"relation\",\"relation\":\"oneToMany\",\"target\":\"api::council-member.council-member\",\"mappedBy\":\"council\"},\"CardImage\":{\"type\":\"media\",\"multiple\":false,\"required\":true,\"allowedTypes\":[\"images\"]},\"Logo\":{\"type\":\"media\",\"multiple\":false,\"required\":false,\"allowedTypes\":[\"images\"]},\"CouncilTitle\":{\"type\":\"string\",\"required\":true},\"CouncilTitleArabic\":{\"type\":\"string\",\"required\":true},\"createdAt\":{\"type\":\"datetime\"},\"updatedAt\":{\"type\":\"datetime\"},\"publishedAt\":{\"type\":\"datetime\",\"configurable\":false,\"writable\":true,\"visible\":false},\"createdBy\":{\"type\":\"relation\",\"relation\":\"oneToOne\",\"target\":\"admin::user\",\"configurable\":false,\"writable\":false,\"visible\":false,\"useJoinTable\":false,\"private\":true},\"updatedBy\":{\"type\":\"relation\",\"relation\":\"oneToOne\",\"target\":\"admin::user\",\"configurable\":false,\"writable\":false,\"visible\":false,\"useJoinTable\":false,\"private\":true}},\"__schema__\":{\"collectionName\":\"councils\",\"info\":{\"singularName\":\"council\",\"pluralName\":\"councils\",\"displayName\":\"Council\",\"description\":\"\"},\"options\":{\"draftAndPublish\":true},\"pluginOptions\":{},\"attributes\":{\"Title\":{\"type\":\"string\",\"required\":true,\"unique\":true},\"TitleArabic\":{\"type\":\"string\",\"required\":true},\"council_members\":{\"type\":\"relation\",\"relation\":\"oneToMany\",\"target\":\"api::council-member.council-member\",\"mappedBy\":\"council\"},\"CardImage\":{\"type\":\"media\",\"multiple\":false,\"required\":true,\"allowedTypes\":[\"images\"]},\"Logo\":{\"type\":\"media\",\"multiple\":false,\"required\":false,\"allowedTypes\":[\"images\"]},\"CouncilTitle\":{\"type\":\"string\",\"required\":true},\"CouncilTitleArabic\":{\"type\":\"string\",\"required\":true}},\"kind\":\"collectionType\"},\"modelType\":\"contentType\",\"modelName\":\"council\",\"connection\":\"default\",\"uid\":\"api::council.council\",\"apiName\":\"council\",\"globalId\":\"Council\",\"actions\":{},\"lifecycles\":{}},\"api::council-member.council-member\":{\"kind\":\"collectionType\",\"collectionName\":\"council_members\",\"info\":{\"singularName\":\"council-member\",\"pluralName\":\"council-members\",\"displayName\":\"CouncilMember\",\"description\":\"\"},\"options\":{\"draftAndPublish\":true},\"pluginOptions\":{},\"attributes\":{\"Photo\":{\"type\":\"media\",\"multiple\":false,\"required\":true,\"allowedTypes\":[\"images\"]},\"council\":{\"type\":\"relation\",\"relation\":\"manyToOne\",\"target\":\"api::council.council\",\"inversedBy\":\"council_members\"},\"Name\":{\"type\":\"string\",\"required\":true},\"NameArabic\":{\"type\":\"string\",\"required\":true},\"Role\":{\"type\":\"string\",\"required\":true,\"default\":\"Member\"},\"RoleArabic\":{\"type\":\"string\",\"required\":true,\"default\":\"عضو\"},\"createdAt\":{\"type\":\"datetime\"},\"updatedAt\":{\"type\":\"datetime\"},\"publishedAt\":{\"type\":\"datetime\",\"configurable\":false,\"writable\":true,\"visible\":false},\"createdBy\":{\"type\":\"relation\",\"relation\":\"oneToOne\",\"target\":\"admin::user\",\"configurable\":false,\"writable\":false,\"visible\":false,\"useJoinTable\":false,\"private\":true},\"updatedBy\":{\"type\":\"relation\",\"relation\":\"oneToOne\",\"target\":\"admin::user\",\"configurable\":false,\"writable\":false,\"visible\":false,\"useJoinTable\":false,\"private\":true}},\"__schema__\":{\"collectionName\":\"council_members\",\"info\":{\"singularName\":\"council-member\",\"pluralName\":\"council-members\",\"displayName\":\"CouncilMember\",\"description\":\"\"},\"options\":{\"draftAndPublish\":true},\"pluginOptions\":{},\"attributes\":{\"Photo\":{\"type\":\"media\",\"multiple\":false,\"required\":true,\"allowedTypes\":[\"images\"]},\"council\":{\"type\":\"relation\",\"relation\":\"manyToOne\",\"target\":\"api::council.council\",\"inversedBy\":\"council_members\"},\"Name\":{\"type\":\"string\",\"required\":true},\"NameArabic\":{\"type\":\"string\",\"required\":true},\"Role\":{\"type\":\"string\",\"required\":true,\"default\":\"Member\"},\"RoleArabic\":{\"type\":\"string\",\"required\":true,\"default\":\"عضو\"}},\"kind\":\"collectionType\"},\"modelType\":\"contentType\",\"modelName\":\"council-member\",\"connection\":\"default\",\"uid\":\"api::council-member.council-member\",\"apiName\":\"council-member\",\"globalId\":\"CouncilMember\",\"actions\":{},\"lifecycles\":{}},\"api::event.event\":{\"kind\":\"collectionType\",\"collectionName\":\"events\",\"info\":{\"singularName\":\"event\",\"pluralName\":\"events\",\"displayName\":\"Events\",\"description\":\"\"},\"options\":{\"draftAndPublish\":true},\"pluginOptions\":{},\"attributes\":{\"Event\":{\"type\":\"string\"},\"EventA\":{\"type\":\"string\"},\"Desc\":{\"type\":\"text\"},\"DescA\":{\"type\":\"text\"},\"StartDateTime\":{\"type\":\"datetime\",\"required\":true},\"EndDateTime\":{\"type\":\"datetime\"},\"Venue\":{\"type\":\"string\",\"required\":true},\"VenueA\":{\"type\":\"string\",\"required\":true},\"VenueMap\":{\"type\":\"text\",\"required\":true},\"Category\":{\"type\":\"string\",\"required\":true},\"CategoryArabic\":{\"type\":\"string\",\"required\":true},\"HeroImg\":{\"allowedTypes\":[\"images\"],\"type\":\"media\",\"multiple\":false,\"required\":true},\"createdAt\":{\"type\":\"datetime\"},\"updatedAt\":{\"type\":\"datetime\"},\"publishedAt\":{\"type\":\"datetime\",\"configurable\":false,\"writable\":true,\"visible\":false},\"createdBy\":{\"type\":\"relation\",\"relation\":\"oneToOne\",\"target\":\"admin::user\",\"configurable\":false,\"writable\":false,\"visible\":false,\"useJoinTable\":false,\"private\":true},\"updatedBy\":{\"type\":\"relation\",\"relation\":\"oneToOne\",\"target\":\"admin::user\",\"configurable\":false,\"writable\":false,\"visible\":false,\"useJoinTable\":false,\"private\":true}},\"__schema__\":{\"collectionName\":\"events\",\"info\":{\"singularName\":\"event\",\"pluralName\":\"events\",\"displayName\":\"Events\",\"description\":\"\"},\"options\":{\"draftAndPublish\":true},\"pluginOptions\":{},\"attributes\":{\"Event\":{\"type\":\"string\"},\"EventA\":{\"type\":\"string\"},\"Desc\":{\"type\":\"text\"},\"DescA\":{\"type\":\"text\"},\"StartDateTime\":{\"type\":\"datetime\",\"required\":true},\"EndDateTime\":{\"type\":\"datetime\"},\"Venue\":{\"type\":\"string\",\"required\":true},\"VenueA\":{\"type\":\"string\",\"required\":true},\"VenueMap\":{\"type\":\"text\",\"required\":true},\"Category\":{\"type\":\"string\",\"required\":true},\"CategoryArabic\":{\"type\":\"string\",\"required\":true},\"HeroImg\":{\"allowedTypes\":[\"images\"],\"type\":\"media\",\"multiple\":false,\"required\":true}},\"kind\":\"collectionType\"},\"modelType\":\"contentType\",\"modelName\":\"event\",\"connection\":\"default\",\"uid\":\"api::event.event\",\"apiName\":\"event\",\"globalId\":\"Event\",\"actions\":{},\"lifecycles\":{}},\"api::feedback.feedback\":{\"kind\":\"collectionType\",\"collectionName\":\"feedbacks\",\"info\":{\"singularName\":\"feedback\",\"pluralName\":\"feedbacks\",\"displayName\":\"Feedback\",\"description\":\"\"},\"options\":{\"draftAndPublish\":true},\"pluginOptions\":{},\"attributes\":{\"Name\":{\"type\":\"string\",\"required\":true},\"Email\":{\"type\":\"email\",\"required\":true},\"Feedback\":{\"type\":\"string\",\"required\":true},\"Message\":{\"type\":\"text\"},\"Number\":{\"type\":\"string\",\"required\":true},\"createdAt\":{\"type\":\"datetime\"},\"updatedAt\":{\"type\":\"datetime\"},\"publishedAt\":{\"type\":\"datetime\",\"configurable\":false,\"writable\":true,\"visible\":false},\"createdBy\":{\"type\":\"relation\",\"relation\":\"oneToOne\",\"target\":\"admin::user\",\"configurable\":false,\"writable\":false,\"visible\":false,\"useJoinTable\":false,\"private\":true},\"updatedBy\":{\"type\":\"relation\",\"relation\":\"oneToOne\",\"target\":\"admin::user\",\"configurable\":false,\"writable\":false,\"visible\":false,\"useJoinTable\":false,\"private\":true}},\"__schema__\":{\"collectionName\":\"feedbacks\",\"info\":{\"singularName\":\"feedback\",\"pluralName\":\"feedbacks\",\"displayName\":\"Feedback\",\"description\":\"\"},\"options\":{\"draftAndPublish\":true},\"pluginOptions\":{},\"attributes\":{\"Name\":{\"type\":\"string\",\"required\":true},\"Email\":{\"type\":\"email\",\"required\":true},\"Feedback\":{\"type\":\"string\",\"required\":true},\"Message\":{\"type\":\"text\"},\"Number\":{\"type\":\"string\",\"required\":true}},\"kind\":\"collectionType\"},\"modelType\":\"contentType\",\"modelName\":\"feedback\",\"connection\":\"default\",\"uid\":\"api::feedback.feedback\",\"apiName\":\"feedback\",\"globalId\":\"Feedback\",\"actions\":{},\"lifecycles\":{}},\"api::happy-meter.happy-meter\":{\"kind\":\"collectionType\",\"collectionName\":\"happy_meters\",\"info\":{\"singularName\":\"happy-meter\",\"pluralName\":\"happy-meters\",\"displayName\":\"HappyMeter\"},\"options\":{\"draftAndPublish\":true},\"pluginOptions\":{},\"attributes\":{\"Type\":{\"type\":\"string\",\"required\":true},\"Message\":{\"type\":\"text\"},\"createdAt\":{\"type\":\"datetime\"},\"updatedAt\":{\"type\":\"datetime\"},\"publishedAt\":{\"type\":\"datetime\",\"configurable\":false,\"writable\":true,\"visible\":false},\"createdBy\":{\"type\":\"relation\",\"relation\":\"oneToOne\",\"target\":\"admin::user\",\"configurable\":false,\"writable\":false,\"visible\":false,\"useJoinTable\":false,\"private\":true},\"updatedBy\":{\"type\":\"relation\",\"relation\":\"oneToOne\",\"target\":\"admin::user\",\"configurable\":false,\"writable\":false,\"visible\":false,\"useJoinTable\":false,\"private\":true}},\"__schema__\":{\"collectionName\":\"happy_meters\",\"info\":{\"singularName\":\"happy-meter\",\"pluralName\":\"happy-meters\",\"displayName\":\"HappyMeter\"},\"options\":{\"draftAndPublish\":true},\"pluginOptions\":{},\"attributes\":{\"Type\":{\"type\":\"string\",\"required\":true},\"Message\":{\"type\":\"text\"}},\"kind\":\"collectionType\"},\"modelType\":\"contentType\",\"modelName\":\"happy-meter\",\"connection\":\"default\",\"uid\":\"api::happy-meter.happy-meter\",\"apiName\":\"happy-meter\",\"globalId\":\"HappyMeter\",\"actions\":{},\"lifecycles\":{}},\"api::holiday.holiday\":{\"kind\":\"collectionType\",\"collectionName\":\"holidays\",\"info\":{\"singularName\":\"holiday\",\"pluralName\":\"holidays\",\"displayName\":\"Holiday\",\"description\":\"\"},\"options\":{\"draftAndPublish\":true},\"pluginOptions\":{},\"attributes\":{\"Date\":{\"type\":\"date\",\"required\":true},\"EventName\":{\"type\":\"string\",\"required\":true},\"EventNameArabic\":{\"type\":\"string\",\"required\":true},\"AboutEvent\":{\"type\":\"text\",\"required\":true},\"AboutEventArabic\":{\"type\":\"text\"},\"HeroImg\":{\"allowedTypes\":[\"images\"],\"type\":\"media\",\"multiple\":false,\"required\":true},\"createdAt\":{\"type\":\"datetime\"},\"updatedAt\":{\"type\":\"datetime\"},\"publishedAt\":{\"type\":\"datetime\",\"configurable\":false,\"writable\":true,\"visible\":false},\"createdBy\":{\"type\":\"relation\",\"relation\":\"oneToOne\",\"target\":\"admin::user\",\"configurable\":false,\"writable\":false,\"visible\":false,\"useJoinTable\":false,\"private\":true},\"updatedBy\":{\"type\":\"relation\",\"relation\":\"oneToOne\",\"target\":\"admin::user\",\"configurable\":false,\"writable\":false,\"visible\":false,\"useJoinTable\":false,\"private\":true}},\"__schema__\":{\"collectionName\":\"holidays\",\"info\":{\"singularName\":\"holiday\",\"pluralName\":\"holidays\",\"displayName\":\"Holiday\",\"description\":\"\"},\"options\":{\"draftAndPublish\":true},\"pluginOptions\":{},\"attributes\":{\"Date\":{\"type\":\"date\",\"required\":true},\"EventName\":{\"type\":\"string\",\"required\":true},\"EventNameArabic\":{\"type\":\"string\",\"required\":true},\"AboutEvent\":{\"type\":\"text\",\"required\":true},\"AboutEventArabic\":{\"type\":\"text\"},\"HeroImg\":{\"allowedTypes\":[\"images\"],\"type\":\"media\",\"multiple\":false,\"required\":true}},\"kind\":\"collectionType\"},\"modelType\":\"contentType\",\"modelName\":\"holiday\",\"connection\":\"default\",\"uid\":\"api::holiday.holiday\",\"apiName\":\"holiday\",\"globalId\":\"Holiday\",\"actions\":{},\"lifecycles\":{}},\"api::home.home\":{\"kind\":\"collectionType\",\"collectionName\":\"homes\",\"info\":{\"singularName\":\"home\",\"pluralName\":\"homes\",\"displayName\":\"Home\"},\"options\":{\"draftAndPublish\":true},\"pluginOptions\":{},\"attributes\":{\"HeroImgs\":{\"allowedTypes\":[\"images\"],\"type\":\"media\",\"multiple\":true,\"required\":true},\"createdAt\":{\"type\":\"datetime\"},\"updatedAt\":{\"type\":\"datetime\"},\"publishedAt\":{\"type\":\"datetime\",\"configurable\":false,\"writable\":true,\"visible\":false},\"createdBy\":{\"type\":\"relation\",\"relation\":\"oneToOne\",\"target\":\"admin::user\",\"configurable\":false,\"writable\":false,\"visible\":false,\"useJoinTable\":false,\"private\":true},\"updatedBy\":{\"type\":\"relation\",\"relation\":\"oneToOne\",\"target\":\"admin::user\",\"configurable\":false,\"writable\":false,\"visible\":false,\"useJoinTable\":false,\"private\":true}},\"__schema__\":{\"collectionName\":\"homes\",\"info\":{\"singularName\":\"home\",\"pluralName\":\"homes\",\"displayName\":\"Home\"},\"options\":{\"draftAndPublish\":true},\"pluginOptions\":{},\"attributes\":{\"HeroImgs\":{\"allowedTypes\":[\"images\"],\"type\":\"media\",\"multiple\":true,\"required\":true}},\"kind\":\"collectionType\"},\"modelType\":\"contentType\",\"modelName\":\"home\",\"connection\":\"default\",\"uid\":\"api::home.home\",\"apiName\":\"home\",\"globalId\":\"Home\",\"actions\":{},\"lifecycles\":{}},\"api::municipality.municipality\":{\"kind\":\"collectionType\",\"collectionName\":\"municipalities\",\"info\":{\"singularName\":\"municipality\",\"pluralName\":\"municipalities\",\"displayName\":\"Municipality\",\"description\":\"\"},\"options\":{\"draftAndPublish\":true},\"pluginOptions\":{},\"attributes\":{\"AddContent\":{\"type\":\"richtext\"},\"Title\":{\"type\":\"string\",\"required\":true},\"TitleArabic\":{\"type\":\"string\"},\"Sname\":{\"type\":\"string\",\"required\":true},\"Website\":{\"type\":\"string\"},\"Number\":{\"type\":\"string\"},\"Map\":{\"type\":\"text\",\"required\":true},\"Facebook\":{\"type\":\"string\"},\"Instagram\":{\"type\":\"string\"},\"Twitter\":{\"type\":\"string\"},\"YouTube\":{\"type\":\"string\"},\"CardImage\":{\"type\":\"media\",\"multiple\":false,\"required\":true,\"allowedTypes\":[\"images\"]},\"AddContentArabic\":{\"type\":\"richtext\"},\"AboutMunicipality\":{\"type\":\"richtext\",\"required\":true},\"AboutMunicipalityArabic\":{\"type\":\"richtext\",\"required\":true},\"check\":{\"type\":\"richtext\",\"options\":{\"preset\":\"toolbarBalloon\"},\"customField\":\"plugin::ckeditor5.CKEditor\"},\"Logo\":{\"allowedTypes\":[\"images\"],\"type\":\"media\",\"multiple\":false,\"required\":true},\"createdAt\":{\"type\":\"datetime\"},\"updatedAt\":{\"type\":\"datetime\"},\"publishedAt\":{\"type\":\"datetime\",\"configurable\":false,\"writable\":true,\"visible\":false},\"createdBy\":{\"type\":\"relation\",\"relation\":\"oneToOne\",\"target\":\"admin::user\",\"configurable\":false,\"writable\":false,\"visible\":false,\"useJoinTable\":false,\"private\":true},\"updatedBy\":{\"type\":\"relation\",\"relation\":\"oneToOne\",\"target\":\"admin::user\",\"configurable\":false,\"writable\":false,\"visible\":false,\"useJoinTable\":false,\"private\":true}},\"__schema__\":{\"collectionName\":\"municipalities\",\"info\":{\"singularName\":\"municipality\",\"pluralName\":\"municipalities\",\"displayName\":\"Municipality\",\"description\":\"\"},\"options\":{\"draftAndPublish\":true},\"pluginOptions\":{},\"attributes\":{\"AddContent\":{\"type\":\"richtext\"},\"Title\":{\"type\":\"string\",\"required\":true},\"TitleArabic\":{\"type\":\"string\"},\"Sname\":{\"type\":\"string\",\"required\":true},\"Website\":{\"type\":\"string\"},\"Number\":{\"type\":\"string\"},\"Map\":{\"type\":\"text\",\"required\":true},\"Facebook\":{\"type\":\"string\"},\"Instagram\":{\"type\":\"string\"},\"Twitter\":{\"type\":\"string\"},\"YouTube\":{\"type\":\"string\"},\"CardImage\":{\"type\":\"media\",\"multiple\":false,\"required\":true,\"allowedTypes\":[\"images\"]},\"AddContentArabic\":{\"type\":\"richtext\"},\"AboutMunicipality\":{\"type\":\"richtext\",\"required\":true},\"AboutMunicipalityArabic\":{\"type\":\"richtext\",\"required\":true},\"check\":{\"type\":\"customField\",\"options\":{\"preset\":\"toolbarBalloon\"},\"customField\":\"plugin::ckeditor5.CKEditor\"},\"Logo\":{\"allowedTypes\":[\"images\"],\"type\":\"media\",\"multiple\":false,\"required\":true}},\"kind\":\"collectionType\"},\"modelType\":\"contentType\",\"modelName\":\"municipality\",\"connection\":\"default\",\"uid\":\"api::municipality.municipality\",\"apiName\":\"municipality\",\"globalId\":\"Municipality\",\"actions\":{},\"lifecycles\":{}},\"api::new.new\":{\"kind\":\"collectionType\",\"collectionName\":\"news\",\"info\":{\"singularName\":\"new\",\"pluralName\":\"news\",\"displayName\":\"News\",\"description\":\"\"},\"options\":{\"draftAndPublish\":true},\"pluginOptions\":{},\"attributes\":{\"Title\":{\"type\":\"string\",\"required\":true},\"TitleA\":{\"type\":\"string\",\"required\":true},\"Content\":{\"type\":\"text\",\"required\":true},\"ContentA\":{\"type\":\"text\",\"required\":true},\"Date\":{\"type\":\"date\",\"required\":true},\"HeroImg\":{\"type\":\"media\",\"multiple\":false,\"required\":false,\"allowedTypes\":[\"images\",\"files\",\"videos\",\"audios\"]},\"Author\":{\"type\":\"string\",\"required\":true,\"default\":\"Admin\"},\"AuthorA\":{\"type\":\"string\",\"required\":true,\"default\":\"مسؤل\"},\"Desc\":{\"type\":\"text\",\"required\":true},\"DescA\":{\"type\":\"text\",\"required\":true},\"Desnew\":{\"type\":\"blocks\"},\"createdAt\":{\"type\":\"datetime\"},\"updatedAt\":{\"type\":\"datetime\"},\"publishedAt\":{\"type\":\"datetime\",\"configurable\":false,\"writable\":true,\"visible\":false},\"createdBy\":{\"type\":\"relation\",\"relation\":\"oneToOne\",\"target\":\"admin::user\",\"configurable\":false,\"writable\":false,\"visible\":false,\"useJoinTable\":false,\"private\":true},\"updatedBy\":{\"type\":\"relation\",\"relation\":\"oneToOne\",\"target\":\"admin::user\",\"configurable\":false,\"writable\":false,\"visible\":false,\"useJoinTable\":false,\"private\":true}},\"__schema__\":{\"collectionName\":\"news\",\"info\":{\"singularName\":\"new\",\"pluralName\":\"news\",\"displayName\":\"News\",\"description\":\"\"},\"options\":{\"draftAndPublish\":true},\"pluginOptions\":{},\"attributes\":{\"Title\":{\"type\":\"string\",\"required\":true},\"TitleA\":{\"type\":\"string\",\"required\":true},\"Content\":{\"type\":\"text\",\"required\":true},\"ContentA\":{\"type\":\"text\",\"required\":true},\"Date\":{\"type\":\"date\",\"required\":true},\"HeroImg\":{\"type\":\"media\",\"multiple\":false,\"required\":false,\"allowedTypes\":[\"images\",\"files\",\"videos\",\"audios\"]},\"Author\":{\"type\":\"string\",\"required\":true,\"default\":\"Admin\"},\"AuthorA\":{\"type\":\"string\",\"required\":true,\"default\":\"مسؤل\"},\"Desc\":{\"type\":\"text\",\"required\":true},\"DescA\":{\"type\":\"text\",\"required\":true},\"Desnew\":{\"type\":\"blocks\"}},\"kind\":\"collectionType\"},\"modelType\":\"contentType\",\"modelName\":\"new\",\"connection\":\"default\",\"uid\":\"api::new.new\",\"apiName\":\"new\",\"globalId\":\"New\",\"actions\":{},\"lifecycles\":{}},\"api::query.query\":{\"kind\":\"collectionType\",\"collectionName\":\"queries\",\"info\":{\"singularName\":\"query\",\"pluralName\":\"queries\",\"displayName\":\"Query\"},\"options\":{\"draftAndPublish\":true},\"pluginOptions\":{},\"attributes\":{\"Name\":{\"type\":\"string\",\"required\":true},\"Email\":{\"type\":\"email\",\"required\":true},\"Phone\":{\"type\":\"string\",\"required\":true},\"Subject\":{\"type\":\"string\",\"required\":true},\"Message\":{\"type\":\"text\",\"required\":true},\"createdAt\":{\"type\":\"datetime\"},\"updatedAt\":{\"type\":\"datetime\"},\"publishedAt\":{\"type\":\"datetime\",\"configurable\":false,\"writable\":true,\"visible\":false},\"createdBy\":{\"type\":\"relation\",\"relation\":\"oneToOne\",\"target\":\"admin::user\",\"configurable\":false,\"writable\":false,\"visible\":false,\"useJoinTable\":false,\"private\":true},\"updatedBy\":{\"type\":\"relation\",\"relation\":\"oneToOne\",\"target\":\"admin::user\",\"configurable\":false,\"writable\":false,\"visible\":false,\"useJoinTable\":false,\"private\":true}},\"__schema__\":{\"collectionName\":\"queries\",\"info\":{\"singularName\":\"query\",\"pluralName\":\"queries\",\"displayName\":\"Query\"},\"options\":{\"draftAndPublish\":true},\"pluginOptions\":{},\"attributes\":{\"Name\":{\"type\":\"string\",\"required\":true},\"Email\":{\"type\":\"email\",\"required\":true},\"Phone\":{\"type\":\"string\",\"required\":true},\"Subject\":{\"type\":\"string\",\"required\":true},\"Message\":{\"type\":\"text\",\"required\":true}},\"kind\":\"collectionType\"},\"modelType\":\"contentType\",\"modelName\":\"query\",\"connection\":\"default\",\"uid\":\"api::query.query\",\"apiName\":\"query\",\"globalId\":\"Query\",\"actions\":{},\"lifecycles\":{}}}','object',NULL,NULL),(2,'plugin_content_manager_configuration_content_types::admin::api-token-permission','{\"settings\":{\"bulkable\":true,\"filterable\":true,\"searchable\":true,\"pageSize\":10,\"mainField\":\"action\",\"defaultSortBy\":\"action\",\"defaultSortOrder\":\"ASC\"},\"metadatas\":{\"id\":{\"edit\":{},\"list\":{\"label\":\"id\",\"searchable\":true,\"sortable\":true}},\"action\":{\"edit\":{\"label\":\"action\",\"description\":\"\",\"placeholder\":\"\",\"visible\":true,\"editable\":true},\"list\":{\"label\":\"action\",\"searchable\":true,\"sortable\":true}},\"token\":{\"edit\":{\"label\":\"token\",\"description\":\"\",\"placeholder\":\"\",\"visible\":true,\"editable\":true,\"mainField\":\"name\"},\"list\":{\"label\":\"token\",\"searchable\":true,\"sortable\":true}},\"createdAt\":{\"edit\":{\"label\":\"createdAt\",\"description\":\"\",\"placeholder\":\"\",\"visible\":false,\"editable\":true},\"list\":{\"label\":\"createdAt\",\"searchable\":true,\"sortable\":true}},\"updatedAt\":{\"edit\":{\"label\":\"updatedAt\",\"description\":\"\",\"placeholder\":\"\",\"visible\":false,\"editable\":true},\"list\":{\"label\":\"updatedAt\",\"searchable\":true,\"sortable\":true}},\"createdBy\":{\"edit\":{\"label\":\"createdBy\",\"description\":\"\",\"placeholder\":\"\",\"visible\":false,\"editable\":true,\"mainField\":\"firstname\"},\"list\":{\"label\":\"createdBy\",\"searchable\":true,\"sortable\":true}},\"updatedBy\":{\"edit\":{\"label\":\"updatedBy\",\"description\":\"\",\"placeholder\":\"\",\"visible\":false,\"editable\":true,\"mainField\":\"firstname\"},\"list\":{\"label\":\"updatedBy\",\"searchable\":true,\"sortable\":true}}},\"layouts\":{\"list\":[\"id\",\"action\",\"token\",\"createdAt\"],\"edit\":[[{\"name\":\"action\",\"size\":6},{\"name\":\"token\",\"size\":6}]]},\"uid\":\"admin::api-token-permission\"}','object',NULL,NULL),(3,'plugin_content_manager_configuration_content_types::admin::transfer-token-permission','{\"settings\":{\"bulkable\":true,\"filterable\":true,\"searchable\":true,\"pageSize\":10,\"mainField\":\"action\",\"defaultSortBy\":\"action\",\"defaultSortOrder\":\"ASC\"},\"metadatas\":{\"id\":{\"edit\":{},\"list\":{\"label\":\"id\",\"searchable\":true,\"sortable\":true}},\"action\":{\"edit\":{\"label\":\"action\",\"description\":\"\",\"placeholder\":\"\",\"visible\":true,\"editable\":true},\"list\":{\"label\":\"action\",\"searchable\":true,\"sortable\":true}},\"token\":{\"edit\":{\"label\":\"token\",\"description\":\"\",\"placeholder\":\"\",\"visible\":true,\"editable\":true,\"mainField\":\"name\"},\"list\":{\"label\":\"token\",\"searchable\":true,\"sortable\":true}},\"createdAt\":{\"edit\":{\"label\":\"createdAt\",\"description\":\"\",\"placeholder\":\"\",\"visible\":false,\"editable\":true},\"list\":{\"label\":\"createdAt\",\"searchable\":true,\"sortable\":true}},\"updatedAt\":{\"edit\":{\"label\":\"updatedAt\",\"description\":\"\",\"placeholder\":\"\",\"visible\":false,\"editable\":true},\"list\":{\"label\":\"updatedAt\",\"searchable\":true,\"sortable\":true}},\"createdBy\":{\"edit\":{\"label\":\"createdBy\",\"description\":\"\",\"placeholder\":\"\",\"visible\":false,\"editable\":true,\"mainField\":\"firstname\"},\"list\":{\"label\":\"createdBy\",\"searchable\":true,\"sortable\":true}},\"updatedBy\":{\"edit\":{\"label\":\"updatedBy\",\"description\":\"\",\"placeholder\":\"\",\"visible\":false,\"editable\":true,\"mainField\":\"firstname\"},\"list\":{\"label\":\"updatedBy\",\"searchable\":true,\"sortable\":true}}},\"layouts\":{\"list\":[\"id\",\"action\",\"token\",\"createdAt\"],\"edit\":[[{\"name\":\"action\",\"size\":6},{\"name\":\"token\",\"size\":6}]]},\"uid\":\"admin::transfer-token-permission\"}','object',NULL,NULL),(4,'plugin_content_manager_configuration_content_types::admin::transfer-token','{\"settings\":{\"bulkable\":true,\"filterable\":true,\"searchable\":true,\"pageSize\":10,\"mainField\":\"name\",\"defaultSortBy\":\"name\",\"defaultSortOrder\":\"ASC\"},\"metadatas\":{\"id\":{\"edit\":{},\"list\":{\"label\":\"id\",\"searchable\":true,\"sortable\":true}},\"name\":{\"edit\":{\"label\":\"name\",\"description\":\"\",\"placeholder\":\"\",\"visible\":true,\"editable\":true},\"list\":{\"label\":\"name\",\"searchable\":true,\"sortable\":true}},\"description\":{\"edit\":{\"label\":\"description\",\"description\":\"\",\"placeholder\":\"\",\"visible\":true,\"editable\":true},\"list\":{\"label\":\"description\",\"searchable\":true,\"sortable\":true}},\"accessKey\":{\"edit\":{\"label\":\"accessKey\",\"description\":\"\",\"placeholder\":\"\",\"visible\":true,\"editable\":true},\"list\":{\"label\":\"accessKey\",\"searchable\":true,\"sortable\":true}},\"lastUsedAt\":{\"edit\":{\"label\":\"lastUsedAt\",\"description\":\"\",\"placeholder\":\"\",\"visible\":true,\"editable\":true},\"list\":{\"label\":\"lastUsedAt\",\"searchable\":true,\"sortable\":true}},\"permissions\":{\"edit\":{\"label\":\"permissions\",\"description\":\"\",\"placeholder\":\"\",\"visible\":true,\"editable\":true,\"mainField\":\"action\"},\"list\":{\"label\":\"permissions\",\"searchable\":false,\"sortable\":false}},\"expiresAt\":{\"edit\":{\"label\":\"expiresAt\",\"description\":\"\",\"placeholder\":\"\",\"visible\":true,\"editable\":true},\"list\":{\"label\":\"expiresAt\",\"searchable\":true,\"sortable\":true}},\"lifespan\":{\"edit\":{\"label\":\"lifespan\",\"description\":\"\",\"placeholder\":\"\",\"visible\":true,\"editable\":true},\"list\":{\"label\":\"lifespan\",\"searchable\":true,\"sortable\":true}},\"createdAt\":{\"edit\":{\"label\":\"createdAt\",\"description\":\"\",\"placeholder\":\"\",\"visible\":false,\"editable\":true},\"list\":{\"label\":\"createdAt\",\"searchable\":true,\"sortable\":true}},\"updatedAt\":{\"edit\":{\"label\":\"updatedAt\",\"description\":\"\",\"placeholder\":\"\",\"visible\":false,\"editable\":true},\"list\":{\"label\":\"updatedAt\",\"searchable\":true,\"sortable\":true}},\"createdBy\":{\"edit\":{\"label\":\"createdBy\",\"description\":\"\",\"placeholder\":\"\",\"visible\":false,\"editable\":true,\"mainField\":\"firstname\"},\"list\":{\"label\":\"createdBy\",\"searchable\":true,\"sortable\":true}},\"updatedBy\":{\"edit\":{\"label\":\"updatedBy\",\"description\":\"\",\"placeholder\":\"\",\"visible\":false,\"editable\":true,\"mainField\":\"firstname\"},\"list\":{\"label\":\"updatedBy\",\"searchable\":true,\"sortable\":true}}},\"layouts\":{\"list\":[\"id\",\"name\",\"description\",\"accessKey\"],\"edit\":[[{\"name\":\"name\",\"size\":6},{\"name\":\"description\",\"size\":6}],[{\"name\":\"accessKey\",\"size\":6},{\"name\":\"lastUsedAt\",\"size\":6}],[{\"name\":\"permissions\",\"size\":6},{\"name\":\"expiresAt\",\"size\":6}],[{\"name\":\"lifespan\",\"size\":4}]]},\"uid\":\"admin::transfer-token\"}','object',NULL,NULL),(5,'plugin_content_manager_configuration_content_types::plugin::upload.file','{\"settings\":{\"bulkable\":true,\"filterable\":true,\"searchable\":true,\"pageSize\":10,\"mainField\":\"name\",\"defaultSortBy\":\"name\",\"defaultSortOrder\":\"ASC\"},\"metadatas\":{\"id\":{\"edit\":{},\"list\":{\"label\":\"id\",\"searchable\":true,\"sortable\":true}},\"name\":{\"edit\":{\"label\":\"name\",\"description\":\"\",\"placeholder\":\"\",\"visible\":true,\"editable\":true},\"list\":{\"label\":\"name\",\"searchable\":true,\"sortable\":true}},\"alternativeText\":{\"edit\":{\"label\":\"alternativeText\",\"description\":\"\",\"placeholder\":\"\",\"visible\":true,\"editable\":true},\"list\":{\"label\":\"alternativeText\",\"searchable\":true,\"sortable\":true}},\"caption\":{\"edit\":{\"label\":\"caption\",\"description\":\"\",\"placeholder\":\"\",\"visible\":true,\"editable\":true},\"list\":{\"label\":\"caption\",\"searchable\":true,\"sortable\":true}},\"width\":{\"edit\":{\"label\":\"width\",\"description\":\"\",\"placeholder\":\"\",\"visible\":true,\"editable\":true},\"list\":{\"label\":\"width\",\"searchable\":true,\"sortable\":true}},\"height\":{\"edit\":{\"label\":\"height\",\"description\":\"\",\"placeholder\":\"\",\"visible\":true,\"editable\":true},\"list\":{\"label\":\"height\",\"searchable\":true,\"sortable\":true}},\"formats\":{\"edit\":{\"label\":\"formats\",\"description\":\"\",\"placeholder\":\"\",\"visible\":true,\"editable\":true},\"list\":{\"label\":\"formats\",\"searchable\":false,\"sortable\":false}},\"hash\":{\"edit\":{\"label\":\"hash\",\"description\":\"\",\"placeholder\":\"\",\"visible\":true,\"editable\":true},\"list\":{\"label\":\"hash\",\"searchable\":true,\"sortable\":true}},\"ext\":{\"edit\":{\"label\":\"ext\",\"description\":\"\",\"placeholder\":\"\",\"visible\":true,\"editable\":true},\"list\":{\"label\":\"ext\",\"searchable\":true,\"sortable\":true}},\"mime\":{\"edit\":{\"label\":\"mime\",\"description\":\"\",\"placeholder\":\"\",\"visible\":true,\"editable\":true},\"list\":{\"label\":\"mime\",\"searchable\":true,\"sortable\":true}},\"size\":{\"edit\":{\"label\":\"size\",\"description\":\"\",\"placeholder\":\"\",\"visible\":true,\"editable\":true},\"list\":{\"label\":\"size\",\"searchable\":true,\"sortable\":true}},\"url\":{\"edit\":{\"label\":\"url\",\"description\":\"\",\"placeholder\":\"\",\"visible\":true,\"editable\":true},\"list\":{\"label\":\"url\",\"searchable\":true,\"sortable\":true}},\"previewUrl\":{\"edit\":{\"label\":\"previewUrl\",\"description\":\"\",\"placeholder\":\"\",\"visible\":true,\"editable\":true},\"list\":{\"label\":\"previewUrl\",\"searchable\":true,\"sortable\":true}},\"provider\":{\"edit\":{\"label\":\"provider\",\"description\":\"\",\"placeholder\":\"\",\"visible\":true,\"editable\":true},\"list\":{\"label\":\"provider\",\"searchable\":true,\"sortable\":true}},\"provider_metadata\":{\"edit\":{\"label\":\"provider_metadata\",\"description\":\"\",\"placeholder\":\"\",\"visible\":true,\"editable\":true},\"list\":{\"label\":\"provider_metadata\",\"searchable\":false,\"sortable\":false}},\"folder\":{\"edit\":{\"label\":\"folder\",\"description\":\"\",\"placeholder\":\"\",\"visible\":true,\"editable\":true,\"mainField\":\"name\"},\"list\":{\"label\":\"folder\",\"searchable\":true,\"sortable\":true}},\"folderPath\":{\"edit\":{\"label\":\"folderPath\",\"description\":\"\",\"placeholder\":\"\",\"visible\":true,\"editable\":true},\"list\":{\"label\":\"folderPath\",\"searchable\":true,\"sortable\":true}},\"createdAt\":{\"edit\":{\"label\":\"createdAt\",\"description\":\"\",\"placeholder\":\"\",\"visible\":false,\"editable\":true},\"list\":{\"label\":\"createdAt\",\"searchable\":true,\"sortable\":true}},\"updatedAt\":{\"edit\":{\"label\":\"updatedAt\",\"description\":\"\",\"placeholder\":\"\",\"visible\":false,\"editable\":true},\"list\":{\"label\":\"updatedAt\",\"searchable\":true,\"sortable\":true}},\"createdBy\":{\"edit\":{\"label\":\"createdBy\",\"description\":\"\",\"placeholder\":\"\",\"visible\":false,\"editable\":true,\"mainField\":\"firstname\"},\"list\":{\"label\":\"createdBy\",\"searchable\":true,\"sortable\":true}},\"updatedBy\":{\"edit\":{\"label\":\"updatedBy\",\"description\":\"\",\"placeholder\":\"\",\"visible\":false,\"editable\":true,\"mainField\":\"firstname\"},\"list\":{\"label\":\"updatedBy\",\"searchable\":true,\"sortable\":true}}},\"layouts\":{\"list\":[\"id\",\"name\",\"alternativeText\",\"caption\"],\"edit\":[[{\"name\":\"name\",\"size\":6},{\"name\":\"alternativeText\",\"size\":6}],[{\"name\":\"caption\",\"size\":6},{\"name\":\"width\",\"size\":4}],[{\"name\":\"height\",\"size\":4}],[{\"name\":\"formats\",\"size\":12}],[{\"name\":\"hash\",\"size\":6},{\"name\":\"ext\",\"size\":6}],[{\"name\":\"mime\",\"size\":6},{\"name\":\"size\",\"size\":4}],[{\"name\":\"url\",\"size\":6},{\"name\":\"previewUrl\",\"size\":6}],[{\"name\":\"provider\",\"size\":6}],[{\"name\":\"provider_metadata\",\"size\":12}],[{\"name\":\"folder\",\"size\":6},{\"name\":\"folderPath\",\"size\":6}]]},\"uid\":\"plugin::upload.file\"}','object',NULL,NULL),(6,'plugin_content_manager_configuration_content_types::plugin::upload.folder','{\"settings\":{\"bulkable\":true,\"filterable\":true,\"searchable\":true,\"pageSize\":10,\"mainField\":\"name\",\"defaultSortBy\":\"name\",\"defaultSortOrder\":\"ASC\"},\"metadatas\":{\"id\":{\"edit\":{},\"list\":{\"label\":\"id\",\"searchable\":true,\"sortable\":true}},\"name\":{\"edit\":{\"label\":\"name\",\"description\":\"\",\"placeholder\":\"\",\"visible\":true,\"editable\":true},\"list\":{\"label\":\"name\",\"searchable\":true,\"sortable\":true}},\"pathId\":{\"edit\":{\"label\":\"pathId\",\"description\":\"\",\"placeholder\":\"\",\"visible\":true,\"editable\":true},\"list\":{\"label\":\"pathId\",\"searchable\":true,\"sortable\":true}},\"parent\":{\"edit\":{\"label\":\"parent\",\"description\":\"\",\"placeholder\":\"\",\"visible\":true,\"editable\":true,\"mainField\":\"name\"},\"list\":{\"label\":\"parent\",\"searchable\":true,\"sortable\":true}},\"children\":{\"edit\":{\"label\":\"children\",\"description\":\"\",\"placeholder\":\"\",\"visible\":true,\"editable\":true,\"mainField\":\"name\"},\"list\":{\"label\":\"children\",\"searchable\":false,\"sortable\":false}},\"files\":{\"edit\":{\"label\":\"files\",\"description\":\"\",\"placeholder\":\"\",\"visible\":true,\"editable\":true,\"mainField\":\"name\"},\"list\":{\"label\":\"files\",\"searchable\":false,\"sortable\":false}},\"path\":{\"edit\":{\"label\":\"path\",\"description\":\"\",\"placeholder\":\"\",\"visible\":true,\"editable\":true},\"list\":{\"label\":\"path\",\"searchable\":true,\"sortable\":true}},\"createdAt\":{\"edit\":{\"label\":\"createdAt\",\"description\":\"\",\"placeholder\":\"\",\"visible\":false,\"editable\":true},\"list\":{\"label\":\"createdAt\",\"searchable\":true,\"sortable\":true}},\"updatedAt\":{\"edit\":{\"label\":\"updatedAt\",\"description\":\"\",\"placeholder\":\"\",\"visible\":false,\"editable\":true},\"list\":{\"label\":\"updatedAt\",\"searchable\":true,\"sortable\":true}},\"createdBy\":{\"edit\":{\"label\":\"createdBy\",\"description\":\"\",\"placeholder\":\"\",\"visible\":false,\"editable\":true,\"mainField\":\"firstname\"},\"list\":{\"label\":\"createdBy\",\"searchable\":true,\"sortable\":true}},\"updatedBy\":{\"edit\":{\"label\":\"updatedBy\",\"description\":\"\",\"placeholder\":\"\",\"visible\":false,\"editable\":true,\"mainField\":\"firstname\"},\"list\":{\"label\":\"updatedBy\",\"searchable\":true,\"sortable\":true}}},\"layouts\":{\"list\":[\"id\",\"name\",\"pathId\",\"parent\"],\"edit\":[[{\"name\":\"name\",\"size\":6},{\"name\":\"pathId\",\"size\":4}],[{\"name\":\"parent\",\"size\":6},{\"name\":\"children\",\"size\":6}],[{\"name\":\"files\",\"size\":6},{\"name\":\"path\",\"size\":6}]]},\"uid\":\"plugin::upload.folder\"}','object',NULL,NULL),(7,'plugin_content_manager_configuration_content_types::admin::user','{\"settings\":{\"bulkable\":true,\"filterable\":true,\"searchable\":true,\"pageSize\":10,\"mainField\":\"firstname\",\"defaultSortBy\":\"firstname\",\"defaultSortOrder\":\"ASC\"},\"metadatas\":{\"id\":{\"edit\":{},\"list\":{\"label\":\"id\",\"searchable\":true,\"sortable\":true}},\"firstname\":{\"edit\":{\"label\":\"firstname\",\"description\":\"\",\"placeholder\":\"\",\"visible\":true,\"editable\":true},\"list\":{\"label\":\"firstname\",\"searchable\":true,\"sortable\":true}},\"lastname\":{\"edit\":{\"label\":\"lastname\",\"description\":\"\",\"placeholder\":\"\",\"visible\":true,\"editable\":true},\"list\":{\"label\":\"lastname\",\"searchable\":true,\"sortable\":true}},\"username\":{\"edit\":{\"label\":\"username\",\"description\":\"\",\"placeholder\":\"\",\"visible\":true,\"editable\":true},\"list\":{\"label\":\"username\",\"searchable\":true,\"sortable\":true}},\"email\":{\"edit\":{\"label\":\"email\",\"description\":\"\",\"placeholder\":\"\",\"visible\":true,\"editable\":true},\"list\":{\"label\":\"email\",\"searchable\":true,\"sortable\":true}},\"password\":{\"edit\":{\"label\":\"password\",\"description\":\"\",\"placeholder\":\"\",\"visible\":true,\"editable\":true},\"list\":{\"label\":\"password\",\"searchable\":true,\"sortable\":true}},\"resetPasswordToken\":{\"edit\":{\"label\":\"resetPasswordToken\",\"description\":\"\",\"placeholder\":\"\",\"visible\":false,\"editable\":true},\"list\":{\"label\":\"resetPasswordToken\",\"searchable\":true,\"sortable\":true}},\"registrationToken\":{\"edit\":{\"label\":\"registrationToken\",\"description\":\"\",\"placeholder\":\"\",\"visible\":false,\"editable\":true},\"list\":{\"label\":\"registrationToken\",\"searchable\":true,\"sortable\":true}},\"isActive\":{\"edit\":{\"label\":\"isActive\",\"description\":\"\",\"placeholder\":\"\",\"visible\":true,\"editable\":true},\"list\":{\"label\":\"isActive\",\"searchable\":true,\"sortable\":true}},\"roles\":{\"edit\":{\"label\":\"roles\",\"description\":\"\",\"placeholder\":\"\",\"visible\":true,\"editable\":true,\"mainField\":\"name\"},\"list\":{\"label\":\"roles\",\"searchable\":false,\"sortable\":false}},\"blocked\":{\"edit\":{\"label\":\"blocked\",\"description\":\"\",\"placeholder\":\"\",\"visible\":true,\"editable\":true},\"list\":{\"label\":\"blocked\",\"searchable\":true,\"sortable\":true}},\"preferedLanguage\":{\"edit\":{\"label\":\"preferedLanguage\",\"description\":\"\",\"placeholder\":\"\",\"visible\":true,\"editable\":true},\"list\":{\"label\":\"preferedLanguage\",\"searchable\":true,\"sortable\":true}},\"createdAt\":{\"edit\":{\"label\":\"createdAt\",\"description\":\"\",\"placeholder\":\"\",\"visible\":false,\"editable\":true},\"list\":{\"label\":\"createdAt\",\"searchable\":true,\"sortable\":true}},\"updatedAt\":{\"edit\":{\"label\":\"updatedAt\",\"description\":\"\",\"placeholder\":\"\",\"visible\":false,\"editable\":true},\"list\":{\"label\":\"updatedAt\",\"searchable\":true,\"sortable\":true}},\"createdBy\":{\"edit\":{\"label\":\"createdBy\",\"description\":\"\",\"placeholder\":\"\",\"visible\":false,\"editable\":true,\"mainField\":\"firstname\"},\"list\":{\"label\":\"createdBy\",\"searchable\":true,\"sortable\":true}},\"updatedBy\":{\"edit\":{\"label\":\"updatedBy\",\"description\":\"\",\"placeholder\":\"\",\"visible\":false,\"editable\":true,\"mainField\":\"firstname\"},\"list\":{\"label\":\"updatedBy\",\"searchable\":true,\"sortable\":true}}},\"layouts\":{\"list\":[\"id\",\"firstname\",\"lastname\",\"username\"],\"edit\":[[{\"name\":\"firstname\",\"size\":6},{\"name\":\"lastname\",\"size\":6}],[{\"name\":\"username\",\"size\":6},{\"name\":\"email\",\"size\":6}],[{\"name\":\"password\",\"size\":6},{\"name\":\"isActive\",\"size\":4}],[{\"name\":\"roles\",\"size\":6},{\"name\":\"blocked\",\"size\":4}],[{\"name\":\"preferedLanguage\",\"size\":6}]]},\"uid\":\"admin::user\"}','object',NULL,NULL),(8,'plugin_content_manager_configuration_content_types::plugin::content-releases.release','{\"settings\":{\"bulkable\":true,\"filterable\":true,\"searchable\":true,\"pageSize\":10,\"mainField\":\"name\",\"defaultSortBy\":\"name\",\"defaultSortOrder\":\"ASC\"},\"metadatas\":{\"id\":{\"edit\":{},\"list\":{\"label\":\"id\",\"searchable\":true,\"sortable\":true}},\"name\":{\"edit\":{\"label\":\"name\",\"description\":\"\",\"placeholder\":\"\",\"visible\":true,\"editable\":true},\"list\":{\"label\":\"name\",\"searchable\":true,\"sortable\":true}},\"releasedAt\":{\"edit\":{\"label\":\"releasedAt\",\"description\":\"\",\"placeholder\":\"\",\"visible\":true,\"editable\":true},\"list\":{\"label\":\"releasedAt\",\"searchable\":true,\"sortable\":true}},\"scheduledAt\":{\"edit\":{\"label\":\"scheduledAt\",\"description\":\"\",\"placeholder\":\"\",\"visible\":true,\"editable\":true},\"list\":{\"label\":\"scheduledAt\",\"searchable\":true,\"sortable\":true}},\"timezone\":{\"edit\":{\"label\":\"timezone\",\"description\":\"\",\"placeholder\":\"\",\"visible\":true,\"editable\":true},\"list\":{\"label\":\"timezone\",\"searchable\":true,\"sortable\":true}},\"actions\":{\"edit\":{\"label\":\"actions\",\"description\":\"\",\"placeholder\":\"\",\"visible\":true,\"editable\":true,\"mainField\":\"contentType\"},\"list\":{\"label\":\"actions\",\"searchable\":false,\"sortable\":false}},\"createdAt\":{\"edit\":{\"label\":\"createdAt\",\"description\":\"\",\"placeholder\":\"\",\"visible\":false,\"editable\":true},\"list\":{\"label\":\"createdAt\",\"searchable\":true,\"sortable\":true}},\"updatedAt\":{\"edit\":{\"label\":\"updatedAt\",\"description\":\"\",\"placeholder\":\"\",\"visible\":false,\"editable\":true},\"list\":{\"label\":\"updatedAt\",\"searchable\":true,\"sortable\":true}},\"createdBy\":{\"edit\":{\"label\":\"createdBy\",\"description\":\"\",\"placeholder\":\"\",\"visible\":false,\"editable\":true,\"mainField\":\"firstname\"},\"list\":{\"label\":\"createdBy\",\"searchable\":true,\"sortable\":true}},\"updatedBy\":{\"edit\":{\"label\":\"updatedBy\",\"description\":\"\",\"placeholder\":\"\",\"visible\":false,\"editable\":true,\"mainField\":\"firstname\"},\"list\":{\"label\":\"updatedBy\",\"searchable\":true,\"sortable\":true}}},\"layouts\":{\"list\":[\"id\",\"name\",\"releasedAt\",\"scheduledAt\"],\"edit\":[[{\"name\":\"name\",\"size\":6},{\"name\":\"releasedAt\",\"size\":6}],[{\"name\":\"scheduledAt\",\"size\":6},{\"name\":\"timezone\",\"size\":6}],[{\"name\":\"actions\",\"size\":6}]]},\"uid\":\"plugin::content-releases.release\"}','object',NULL,NULL),(9,'plugin_content_manager_configuration_content_types::plugin::content-releases.release-action','{\"settings\":{\"bulkable\":true,\"filterable\":true,\"searchable\":true,\"pageSize\":10,\"mainField\":\"contentType\",\"defaultSortBy\":\"contentType\",\"defaultSortOrder\":\"ASC\"},\"metadatas\":{\"id\":{\"edit\":{},\"list\":{\"label\":\"id\",\"searchable\":true,\"sortable\":true}},\"type\":{\"edit\":{\"label\":\"type\",\"description\":\"\",\"placeholder\":\"\",\"visible\":true,\"editable\":true},\"list\":{\"label\":\"type\",\"searchable\":true,\"sortable\":true}},\"contentType\":{\"edit\":{\"label\":\"contentType\",\"description\":\"\",\"placeholder\":\"\",\"visible\":true,\"editable\":true},\"list\":{\"label\":\"contentType\",\"searchable\":true,\"sortable\":true}},\"locale\":{\"edit\":{\"label\":\"locale\",\"description\":\"\",\"placeholder\":\"\",\"visible\":true,\"editable\":true},\"list\":{\"label\":\"locale\",\"searchable\":true,\"sortable\":true}},\"release\":{\"edit\":{\"label\":\"release\",\"description\":\"\",\"placeholder\":\"\",\"visible\":true,\"editable\":true,\"mainField\":\"name\"},\"list\":{\"label\":\"release\",\"searchable\":true,\"sortable\":true}},\"createdAt\":{\"edit\":{\"label\":\"createdAt\",\"description\":\"\",\"placeholder\":\"\",\"visible\":false,\"editable\":true},\"list\":{\"label\":\"createdAt\",\"searchable\":true,\"sortable\":true}},\"updatedAt\":{\"edit\":{\"label\":\"updatedAt\",\"description\":\"\",\"placeholder\":\"\",\"visible\":false,\"editable\":true},\"list\":{\"label\":\"updatedAt\",\"searchable\":true,\"sortable\":true}},\"createdBy\":{\"edit\":{\"label\":\"createdBy\",\"description\":\"\",\"placeholder\":\"\",\"visible\":false,\"editable\":true,\"mainField\":\"firstname\"},\"list\":{\"label\":\"createdBy\",\"searchable\":true,\"sortable\":true}},\"updatedBy\":{\"edit\":{\"label\":\"updatedBy\",\"description\":\"\",\"placeholder\":\"\",\"visible\":false,\"editable\":true,\"mainField\":\"firstname\"},\"list\":{\"label\":\"updatedBy\",\"searchable\":true,\"sortable\":true}}},\"layouts\":{\"list\":[\"id\",\"type\",\"contentType\",\"locale\"],\"edit\":[[{\"name\":\"type\",\"size\":6},{\"name\":\"contentType\",\"size\":6}],[{\"name\":\"locale\",\"size\":6},{\"name\":\"release\",\"size\":6}]]},\"uid\":\"plugin::content-releases.release-action\"}','object',NULL,NULL),(10,'plugin_content_manager_configuration_content_types::plugin::users-permissions.permission','{\"settings\":{\"bulkable\":true,\"filterable\":true,\"searchable\":true,\"pageSize\":10,\"mainField\":\"action\",\"defaultSortBy\":\"action\",\"defaultSortOrder\":\"ASC\"},\"metadatas\":{\"id\":{\"edit\":{},\"list\":{\"label\":\"id\",\"searchable\":true,\"sortable\":true}},\"action\":{\"edit\":{\"label\":\"action\",\"description\":\"\",\"placeholder\":\"\",\"visible\":true,\"editable\":true},\"list\":{\"label\":\"action\",\"searchable\":true,\"sortable\":true}},\"role\":{\"edit\":{\"label\":\"role\",\"description\":\"\",\"placeholder\":\"\",\"visible\":true,\"editable\":true,\"mainField\":\"name\"},\"list\":{\"label\":\"role\",\"searchable\":true,\"sortable\":true}},\"createdAt\":{\"edit\":{\"label\":\"createdAt\",\"description\":\"\",\"placeholder\":\"\",\"visible\":false,\"editable\":true},\"list\":{\"label\":\"createdAt\",\"searchable\":true,\"sortable\":true}},\"updatedAt\":{\"edit\":{\"label\":\"updatedAt\",\"description\":\"\",\"placeholder\":\"\",\"visible\":false,\"editable\":true},\"list\":{\"label\":\"updatedAt\",\"searchable\":true,\"sortable\":true}},\"createdBy\":{\"edit\":{\"label\":\"createdBy\",\"description\":\"\",\"placeholder\":\"\",\"visible\":false,\"editable\":true,\"mainField\":\"firstname\"},\"list\":{\"label\":\"createdBy\",\"searchable\":true,\"sortable\":true}},\"updatedBy\":{\"edit\":{\"label\":\"updatedBy\",\"description\":\"\",\"placeholder\":\"\",\"visible\":false,\"editable\":true,\"mainField\":\"firstname\"},\"list\":{\"label\":\"updatedBy\",\"searchable\":true,\"sortable\":true}}},\"layouts\":{\"list\":[\"id\",\"action\",\"role\",\"createdAt\"],\"edit\":[[{\"name\":\"action\",\"size\":6},{\"name\":\"role\",\"size\":6}]]},\"uid\":\"plugin::users-permissions.permission\"}','object',NULL,NULL),(11,'plugin_content_manager_configuration_content_types::admin::permission','{\"settings\":{\"bulkable\":true,\"filterable\":true,\"searchable\":true,\"pageSize\":10,\"mainField\":\"action\",\"defaultSortBy\":\"action\",\"defaultSortOrder\":\"ASC\"},\"metadatas\":{\"id\":{\"edit\":{},\"list\":{\"label\":\"id\",\"searchable\":true,\"sortable\":true}},\"action\":{\"edit\":{\"label\":\"action\",\"description\":\"\",\"placeholder\":\"\",\"visible\":true,\"editable\":true},\"list\":{\"label\":\"action\",\"searchable\":true,\"sortable\":true}},\"actionParameters\":{\"edit\":{\"label\":\"actionParameters\",\"description\":\"\",\"placeholder\":\"\",\"visible\":true,\"editable\":true},\"list\":{\"label\":\"actionParameters\",\"searchable\":false,\"sortable\":false}},\"subject\":{\"edit\":{\"label\":\"subject\",\"description\":\"\",\"placeholder\":\"\",\"visible\":true,\"editable\":true},\"list\":{\"label\":\"subject\",\"searchable\":true,\"sortable\":true}},\"properties\":{\"edit\":{\"label\":\"properties\",\"description\":\"\",\"placeholder\":\"\",\"visible\":true,\"editable\":true},\"list\":{\"label\":\"properties\",\"searchable\":false,\"sortable\":false}},\"conditions\":{\"edit\":{\"label\":\"conditions\",\"description\":\"\",\"placeholder\":\"\",\"visible\":true,\"editable\":true},\"list\":{\"label\":\"conditions\",\"searchable\":false,\"sortable\":false}},\"role\":{\"edit\":{\"label\":\"role\",\"description\":\"\",\"placeholder\":\"\",\"visible\":true,\"editable\":true,\"mainField\":\"name\"},\"list\":{\"label\":\"role\",\"searchable\":true,\"sortable\":true}},\"createdAt\":{\"edit\":{\"label\":\"createdAt\",\"description\":\"\",\"placeholder\":\"\",\"visible\":false,\"editable\":true},\"list\":{\"label\":\"createdAt\",\"searchable\":true,\"sortable\":true}},\"updatedAt\":{\"edit\":{\"label\":\"updatedAt\",\"description\":\"\",\"placeholder\":\"\",\"visible\":false,\"editable\":true},\"list\":{\"label\":\"updatedAt\",\"searchable\":true,\"sortable\":true}},\"createdBy\":{\"edit\":{\"label\":\"createdBy\",\"description\":\"\",\"placeholder\":\"\",\"visible\":false,\"editable\":true,\"mainField\":\"firstname\"},\"list\":{\"label\":\"createdBy\",\"searchable\":true,\"sortable\":true}},\"updatedBy\":{\"edit\":{\"label\":\"updatedBy\",\"description\":\"\",\"placeholder\":\"\",\"visible\":false,\"editable\":true,\"mainField\":\"firstname\"},\"list\":{\"label\":\"updatedBy\",\"searchable\":true,\"sortable\":true}}},\"layouts\":{\"list\":[\"id\",\"action\",\"subject\",\"role\"],\"edit\":[[{\"name\":\"action\",\"size\":6}],[{\"name\":\"actionParameters\",\"size\":12}],[{\"name\":\"subject\",\"size\":6}],[{\"name\":\"properties\",\"size\":12}],[{\"name\":\"conditions\",\"size\":12}],[{\"name\":\"role\",\"size\":6}]]},\"uid\":\"admin::permission\"}','object',NULL,NULL),(12,'plugin_content_manager_configuration_content_types::admin::role','{\"settings\":{\"bulkable\":true,\"filterable\":true,\"searchable\":true,\"pageSize\":10,\"mainField\":\"name\",\"defaultSortBy\":\"name\",\"defaultSortOrder\":\"ASC\"},\"metadatas\":{\"id\":{\"edit\":{},\"list\":{\"label\":\"id\",\"searchable\":true,\"sortable\":true}},\"name\":{\"edit\":{\"label\":\"name\",\"description\":\"\",\"placeholder\":\"\",\"visible\":true,\"editable\":true},\"list\":{\"label\":\"name\",\"searchable\":true,\"sortable\":true}},\"code\":{\"edit\":{\"label\":\"code\",\"description\":\"\",\"placeholder\":\"\",\"visible\":true,\"editable\":true},\"list\":{\"label\":\"code\",\"searchable\":true,\"sortable\":true}},\"description\":{\"edit\":{\"label\":\"description\",\"description\":\"\",\"placeholder\":\"\",\"visible\":true,\"editable\":true},\"list\":{\"label\":\"description\",\"searchable\":true,\"sortable\":true}},\"users\":{\"edit\":{\"label\":\"users\",\"description\":\"\",\"placeholder\":\"\",\"visible\":true,\"editable\":true,\"mainField\":\"firstname\"},\"list\":{\"label\":\"users\",\"searchable\":false,\"sortable\":false}},\"permissions\":{\"edit\":{\"label\":\"permissions\",\"description\":\"\",\"placeholder\":\"\",\"visible\":true,\"editable\":true,\"mainField\":\"action\"},\"list\":{\"label\":\"permissions\",\"searchable\":false,\"sortable\":false}},\"createdAt\":{\"edit\":{\"label\":\"createdAt\",\"description\":\"\",\"placeholder\":\"\",\"visible\":false,\"editable\":true},\"list\":{\"label\":\"createdAt\",\"searchable\":true,\"sortable\":true}},\"updatedAt\":{\"edit\":{\"label\":\"updatedAt\",\"description\":\"\",\"placeholder\":\"\",\"visible\":false,\"editable\":true},\"list\":{\"label\":\"updatedAt\",\"searchable\":true,\"sortable\":true}},\"createdBy\":{\"edit\":{\"label\":\"createdBy\",\"description\":\"\",\"placeholder\":\"\",\"visible\":false,\"editable\":true,\"mainField\":\"firstname\"},\"list\":{\"label\":\"createdBy\",\"searchable\":true,\"sortable\":true}},\"updatedBy\":{\"edit\":{\"label\":\"updatedBy\",\"description\":\"\",\"placeholder\":\"\",\"visible\":false,\"editable\":true,\"mainField\":\"firstname\"},\"list\":{\"label\":\"updatedBy\",\"searchable\":true,\"sortable\":true}}},\"layouts\":{\"list\":[\"id\",\"name\",\"code\",\"description\"],\"edit\":[[{\"name\":\"name\",\"size\":6},{\"name\":\"code\",\"size\":6}],[{\"name\":\"description\",\"size\":6},{\"name\":\"users\",\"size\":6}],[{\"name\":\"permissions\",\"size\":6}]]},\"uid\":\"admin::role\"}','object',NULL,NULL),(13,'plugin_content_manager_configuration_content_types::admin::api-token','{\"settings\":{\"bulkable\":true,\"filterable\":true,\"searchable\":true,\"pageSize\":10,\"mainField\":\"name\",\"defaultSortBy\":\"name\",\"defaultSortOrder\":\"ASC\"},\"metadatas\":{\"id\":{\"edit\":{},\"list\":{\"label\":\"id\",\"searchable\":true,\"sortable\":true}},\"name\":{\"edit\":{\"label\":\"name\",\"description\":\"\",\"placeholder\":\"\",\"visible\":true,\"editable\":true},\"list\":{\"label\":\"name\",\"searchable\":true,\"sortable\":true}},\"description\":{\"edit\":{\"label\":\"description\",\"description\":\"\",\"placeholder\":\"\",\"visible\":true,\"editable\":true},\"list\":{\"label\":\"description\",\"searchable\":true,\"sortable\":true}},\"type\":{\"edit\":{\"label\":\"type\",\"description\":\"\",\"placeholder\":\"\",\"visible\":true,\"editable\":true},\"list\":{\"label\":\"type\",\"searchable\":true,\"sortable\":true}},\"accessKey\":{\"edit\":{\"label\":\"accessKey\",\"description\":\"\",\"placeholder\":\"\",\"visible\":true,\"editable\":true},\"list\":{\"label\":\"accessKey\",\"searchable\":true,\"sortable\":true}},\"lastUsedAt\":{\"edit\":{\"label\":\"lastUsedAt\",\"description\":\"\",\"placeholder\":\"\",\"visible\":true,\"editable\":true},\"list\":{\"label\":\"lastUsedAt\",\"searchable\":true,\"sortable\":true}},\"permissions\":{\"edit\":{\"label\":\"permissions\",\"description\":\"\",\"placeholder\":\"\",\"visible\":true,\"editable\":true,\"mainField\":\"action\"},\"list\":{\"label\":\"permissions\",\"searchable\":false,\"sortable\":false}},\"expiresAt\":{\"edit\":{\"label\":\"expiresAt\",\"description\":\"\",\"placeholder\":\"\",\"visible\":true,\"editable\":true},\"list\":{\"label\":\"expiresAt\",\"searchable\":true,\"sortable\":true}},\"lifespan\":{\"edit\":{\"label\":\"lifespan\",\"description\":\"\",\"placeholder\":\"\",\"visible\":true,\"editable\":true},\"list\":{\"label\":\"lifespan\",\"searchable\":true,\"sortable\":true}},\"createdAt\":{\"edit\":{\"label\":\"createdAt\",\"description\":\"\",\"placeholder\":\"\",\"visible\":false,\"editable\":true},\"list\":{\"label\":\"createdAt\",\"searchable\":true,\"sortable\":true}},\"updatedAt\":{\"edit\":{\"label\":\"updatedAt\",\"description\":\"\",\"placeholder\":\"\",\"visible\":false,\"editable\":true},\"list\":{\"label\":\"updatedAt\",\"searchable\":true,\"sortable\":true}},\"createdBy\":{\"edit\":{\"label\":\"createdBy\",\"description\":\"\",\"placeholder\":\"\",\"visible\":false,\"editable\":true,\"mainField\":\"firstname\"},\"list\":{\"label\":\"createdBy\",\"searchable\":true,\"sortable\":true}},\"updatedBy\":{\"edit\":{\"label\":\"updatedBy\",\"description\":\"\",\"placeholder\":\"\",\"visible\":false,\"editable\":true,\"mainField\":\"firstname\"},\"list\":{\"label\":\"updatedBy\",\"searchable\":true,\"sortable\":true}}},\"layouts\":{\"list\":[\"id\",\"name\",\"description\",\"type\"],\"edit\":[[{\"name\":\"name\",\"size\":6},{\"name\":\"description\",\"size\":6}],[{\"name\":\"type\",\"size\":6},{\"name\":\"accessKey\",\"size\":6}],[{\"name\":\"lastUsedAt\",\"size\":6},{\"name\":\"permissions\",\"size\":6}],[{\"name\":\"expiresAt\",\"size\":6},{\"name\":\"lifespan\",\"size\":4}]]},\"uid\":\"admin::api-token\"}','object',NULL,NULL),(14,'plugin_content_manager_configuration_content_types::plugin::i18n.locale','{\"settings\":{\"bulkable\":true,\"filterable\":true,\"searchable\":true,\"pageSize\":10,\"mainField\":\"name\",\"defaultSortBy\":\"name\",\"defaultSortOrder\":\"ASC\"},\"metadatas\":{\"id\":{\"edit\":{},\"list\":{\"label\":\"id\",\"searchable\":true,\"sortable\":true}},\"name\":{\"edit\":{\"label\":\"name\",\"description\":\"\",\"placeholder\":\"\",\"visible\":true,\"editable\":true},\"list\":{\"label\":\"name\",\"searchable\":true,\"sortable\":true}},\"code\":{\"edit\":{\"label\":\"code\",\"description\":\"\",\"placeholder\":\"\",\"visible\":true,\"editable\":true},\"list\":{\"label\":\"code\",\"searchable\":true,\"sortable\":true}},\"createdAt\":{\"edit\":{\"label\":\"createdAt\",\"description\":\"\",\"placeholder\":\"\",\"visible\":false,\"editable\":true},\"list\":{\"label\":\"createdAt\",\"searchable\":true,\"sortable\":true}},\"updatedAt\":{\"edit\":{\"label\":\"updatedAt\",\"description\":\"\",\"placeholder\":\"\",\"visible\":false,\"editable\":true},\"list\":{\"label\":\"updatedAt\",\"searchable\":true,\"sortable\":true}},\"createdBy\":{\"edit\":{\"label\":\"createdBy\",\"description\":\"\",\"placeholder\":\"\",\"visible\":false,\"editable\":true,\"mainField\":\"firstname\"},\"list\":{\"label\":\"createdBy\",\"searchable\":true,\"sortable\":true}},\"updatedBy\":{\"edit\":{\"label\":\"updatedBy\",\"description\":\"\",\"placeholder\":\"\",\"visible\":false,\"editable\":true,\"mainField\":\"firstname\"},\"list\":{\"label\":\"updatedBy\",\"searchable\":true,\"sortable\":true}}},\"layouts\":{\"list\":[\"id\",\"name\",\"code\",\"createdAt\"],\"edit\":[[{\"name\":\"name\",\"size\":6},{\"name\":\"code\",\"size\":6}]]},\"uid\":\"plugin::i18n.locale\"}','object',NULL,NULL),(15,'plugin_content_manager_configuration_content_types::plugin::users-permissions.role','{\"settings\":{\"bulkable\":true,\"filterable\":true,\"searchable\":true,\"pageSize\":10,\"mainField\":\"name\",\"defaultSortBy\":\"name\",\"defaultSortOrder\":\"ASC\"},\"metadatas\":{\"id\":{\"edit\":{},\"list\":{\"label\":\"id\",\"searchable\":true,\"sortable\":true}},\"name\":{\"edit\":{\"label\":\"name\",\"description\":\"\",\"placeholder\":\"\",\"visible\":true,\"editable\":true},\"list\":{\"label\":\"name\",\"searchable\":true,\"sortable\":true}},\"description\":{\"edit\":{\"label\":\"description\",\"description\":\"\",\"placeholder\":\"\",\"visible\":true,\"editable\":true},\"list\":{\"label\":\"description\",\"searchable\":true,\"sortable\":true}},\"type\":{\"edit\":{\"label\":\"type\",\"description\":\"\",\"placeholder\":\"\",\"visible\":true,\"editable\":true},\"list\":{\"label\":\"type\",\"searchable\":true,\"sortable\":true}},\"permissions\":{\"edit\":{\"label\":\"permissions\",\"description\":\"\",\"placeholder\":\"\",\"visible\":true,\"editable\":true,\"mainField\":\"action\"},\"list\":{\"label\":\"permissions\",\"searchable\":false,\"sortable\":false}},\"users\":{\"edit\":{\"label\":\"users\",\"description\":\"\",\"placeholder\":\"\",\"visible\":true,\"editable\":true,\"mainField\":\"username\"},\"list\":{\"label\":\"users\",\"searchable\":false,\"sortable\":false}},\"createdAt\":{\"edit\":{\"label\":\"createdAt\",\"description\":\"\",\"placeholder\":\"\",\"visible\":false,\"editable\":true},\"list\":{\"label\":\"createdAt\",\"searchable\":true,\"sortable\":true}},\"updatedAt\":{\"edit\":{\"label\":\"updatedAt\",\"description\":\"\",\"placeholder\":\"\",\"visible\":false,\"editable\":true},\"list\":{\"label\":\"updatedAt\",\"searchable\":true,\"sortable\":true}},\"createdBy\":{\"edit\":{\"label\":\"createdBy\",\"description\":\"\",\"placeholder\":\"\",\"visible\":false,\"editable\":true,\"mainField\":\"firstname\"},\"list\":{\"label\":\"createdBy\",\"searchable\":true,\"sortable\":true}},\"updatedBy\":{\"edit\":{\"label\":\"updatedBy\",\"description\":\"\",\"placeholder\":\"\",\"visible\":false,\"editable\":true,\"mainField\":\"firstname\"},\"list\":{\"label\":\"updatedBy\",\"searchable\":true,\"sortable\":true}}},\"layouts\":{\"list\":[\"id\",\"name\",\"description\",\"type\"],\"edit\":[[{\"name\":\"name\",\"size\":6},{\"name\":\"description\",\"size\":6}],[{\"name\":\"type\",\"size\":6},{\"name\":\"permissions\",\"size\":6}],[{\"name\":\"users\",\"size\":6}]]},\"uid\":\"plugin::users-permissions.role\"}','object',NULL,NULL),(16,'plugin_content_manager_configuration_content_types::plugin::users-permissions.user','{\"settings\":{\"bulkable\":true,\"filterable\":true,\"searchable\":true,\"pageSize\":10,\"mainField\":\"username\",\"defaultSortBy\":\"username\",\"defaultSortOrder\":\"ASC\"},\"metadatas\":{\"id\":{\"edit\":{},\"list\":{\"label\":\"id\",\"searchable\":true,\"sortable\":true}},\"username\":{\"edit\":{\"label\":\"username\",\"description\":\"\",\"placeholder\":\"\",\"visible\":true,\"editable\":true},\"list\":{\"label\":\"username\",\"searchable\":true,\"sortable\":true}},\"email\":{\"edit\":{\"label\":\"email\",\"description\":\"\",\"placeholder\":\"\",\"visible\":true,\"editable\":true},\"list\":{\"label\":\"email\",\"searchable\":true,\"sortable\":true}},\"provider\":{\"edit\":{\"label\":\"provider\",\"description\":\"\",\"placeholder\":\"\",\"visible\":false,\"editable\":true},\"list\":{\"label\":\"provider\",\"searchable\":true,\"sortable\":true}},\"password\":{\"edit\":{\"label\":\"password\",\"description\":\"\",\"placeholder\":\"\",\"visible\":true,\"editable\":true},\"list\":{\"label\":\"password\",\"searchable\":true,\"sortable\":true}},\"resetPasswordToken\":{\"edit\":{\"label\":\"resetPasswordToken\",\"description\":\"\",\"placeholder\":\"\",\"visible\":false,\"editable\":true},\"list\":{\"label\":\"resetPasswordToken\",\"searchable\":true,\"sortable\":true}},\"confirmationToken\":{\"edit\":{\"label\":\"confirmationToken\",\"description\":\"\",\"placeholder\":\"\",\"visible\":false,\"editable\":true},\"list\":{\"label\":\"confirmationToken\",\"searchable\":true,\"sortable\":true}},\"confirmed\":{\"edit\":{\"label\":\"confirmed\",\"description\":\"\",\"placeholder\":\"\",\"visible\":true,\"editable\":true},\"list\":{\"label\":\"confirmed\",\"searchable\":true,\"sortable\":true}},\"blocked\":{\"edit\":{\"label\":\"blocked\",\"description\":\"\",\"placeholder\":\"\",\"visible\":true,\"editable\":true},\"list\":{\"label\":\"blocked\",\"searchable\":true,\"sortable\":true}},\"role\":{\"edit\":{\"label\":\"role\",\"description\":\"\",\"placeholder\":\"\",\"visible\":true,\"editable\":true,\"mainField\":\"name\"},\"list\":{\"label\":\"role\",\"searchable\":true,\"sortable\":true}},\"createdAt\":{\"edit\":{\"label\":\"createdAt\",\"description\":\"\",\"placeholder\":\"\",\"visible\":false,\"editable\":true},\"list\":{\"label\":\"createdAt\",\"searchable\":true,\"sortable\":true}},\"updatedAt\":{\"edit\":{\"label\":\"updatedAt\",\"description\":\"\",\"placeholder\":\"\",\"visible\":false,\"editable\":true},\"list\":{\"label\":\"updatedAt\",\"searchable\":true,\"sortable\":true}},\"createdBy\":{\"edit\":{\"label\":\"createdBy\",\"description\":\"\",\"placeholder\":\"\",\"visible\":false,\"editable\":true,\"mainField\":\"firstname\"},\"list\":{\"label\":\"createdBy\",\"searchable\":true,\"sortable\":true}},\"updatedBy\":{\"edit\":{\"label\":\"updatedBy\",\"description\":\"\",\"placeholder\":\"\",\"visible\":false,\"editable\":true,\"mainField\":\"firstname\"},\"list\":{\"label\":\"updatedBy\",\"searchable\":true,\"sortable\":true}}},\"layouts\":{\"list\":[\"id\",\"username\",\"email\",\"confirmed\"],\"edit\":[[{\"name\":\"username\",\"size\":6},{\"name\":\"email\",\"size\":6}],[{\"name\":\"password\",\"size\":6},{\"name\":\"confirmed\",\"size\":4}],[{\"name\":\"blocked\",\"size\":4},{\"name\":\"role\",\"size\":6}]]},\"uid\":\"plugin::users-permissions.user\"}','object',NULL,NULL),(17,'plugin_upload_settings','{\"sizeOptimization\":true,\"responsiveDimensions\":true,\"autoOrientation\":false}','object',NULL,NULL),(18,'plugin_upload_view_configuration','{\"pageSize\":10,\"sort\":\"createdAt:DESC\"}','object',NULL,NULL),(19,'plugin_upload_metrics','{\"weeklySchedule\":\"12 23 18 * * 1\",\"lastWeeklyUpdate\":1711376592026}','object',NULL,NULL),(20,'plugin_i18n_default_locale','\"en\"','string',NULL,NULL),(21,'plugin_users-permissions_grant','{\"email\":{\"enabled\":true,\"icon\":\"envelope\"},\"discord\":{\"enabled\":false,\"icon\":\"discord\",\"key\":\"\",\"secret\":\"\",\"callback\":\"api/auth/discord/callback\",\"scope\":[\"identify\",\"email\"]},\"facebook\":{\"enabled\":false,\"icon\":\"facebook-square\",\"key\":\"\",\"secret\":\"\",\"callback\":\"api/auth/facebook/callback\",\"scope\":[\"email\"]},\"google\":{\"enabled\":false,\"icon\":\"google\",\"key\":\"\",\"secret\":\"\",\"callback\":\"api/auth/google/callback\",\"scope\":[\"email\"]},\"github\":{\"enabled\":false,\"icon\":\"github\",\"key\":\"\",\"secret\":\"\",\"callback\":\"api/auth/github/callback\",\"scope\":[\"user\",\"user:email\"]},\"microsoft\":{\"enabled\":false,\"icon\":\"windows\",\"key\":\"\",\"secret\":\"\",\"callback\":\"api/auth/microsoft/callback\",\"scope\":[\"user.read\"]},\"twitter\":{\"enabled\":false,\"icon\":\"twitter\",\"key\":\"\",\"secret\":\"\",\"callback\":\"api/auth/twitter/callback\"},\"instagram\":{\"enabled\":false,\"icon\":\"instagram\",\"key\":\"\",\"secret\":\"\",\"callback\":\"api/auth/instagram/callback\",\"scope\":[\"user_profile\"]},\"vk\":{\"enabled\":false,\"icon\":\"vk\",\"key\":\"\",\"secret\":\"\",\"callback\":\"api/auth/vk/callback\",\"scope\":[\"email\"]},\"twitch\":{\"enabled\":false,\"icon\":\"twitch\",\"key\":\"\",\"secret\":\"\",\"callback\":\"api/auth/twitch/callback\",\"scope\":[\"user:read:email\"]},\"linkedin\":{\"enabled\":false,\"icon\":\"linkedin\",\"key\":\"\",\"secret\":\"\",\"callback\":\"api/auth/linkedin/callback\",\"scope\":[\"r_liteprofile\",\"r_emailaddress\"]},\"cognito\":{\"enabled\":false,\"icon\":\"aws\",\"key\":\"\",\"secret\":\"\",\"subdomain\":\"my.subdomain.com\",\"callback\":\"api/auth/cognito/callback\",\"scope\":[\"email\",\"openid\",\"profile\"]},\"reddit\":{\"enabled\":false,\"icon\":\"reddit\",\"key\":\"\",\"secret\":\"\",\"state\":true,\"callback\":\"api/auth/reddit/callback\",\"scope\":[\"identity\"]},\"auth0\":{\"enabled\":false,\"icon\":\"\",\"key\":\"\",\"secret\":\"\",\"subdomain\":\"my-tenant.eu\",\"callback\":\"api/auth/auth0/callback\",\"scope\":[\"openid\",\"email\",\"profile\"]},\"cas\":{\"enabled\":false,\"icon\":\"book\",\"key\":\"\",\"secret\":\"\",\"callback\":\"api/auth/cas/callback\",\"scope\":[\"openid email\"],\"subdomain\":\"my.subdomain.com/cas\"},\"patreon\":{\"enabled\":false,\"icon\":\"\",\"key\":\"\",\"secret\":\"\",\"callback\":\"api/auth/patreon/callback\",\"scope\":[\"identity\",\"identity[email]\"]}}','object',NULL,NULL),(22,'plugin_users-permissions_email','{\"reset_password\":{\"display\":\"Email.template.reset_password\",\"icon\":\"sync\",\"options\":{\"from\":{\"name\":\"Administration Panel\",\"email\":\"no-reply@strapi.io\"},\"response_email\":\"\",\"object\":\"Reset password\",\"message\":\"<p>We heard that you lost your password. Sorry about that!</p>\\n\\n<p>But don’t worry! You can use the following link to reset your password:</p>\\n<p><%= URL %>?code=<%= TOKEN %></p>\\n\\n<p>Thanks.</p>\"}},\"email_confirmation\":{\"display\":\"Email.template.email_confirmation\",\"icon\":\"check-square\",\"options\":{\"from\":{\"name\":\"Administration Panel\",\"email\":\"no-reply@strapi.io\"},\"response_email\":\"\",\"object\":\"Account confirmation\",\"message\":\"<p>Thank you for registering!</p>\\n\\n<p>You have to confirm your email address. Please click on the link below.</p>\\n\\n<p><%= URL %>?confirmation=<%= CODE %></p>\\n\\n<p>Thanks.</p>\"}}}','object',NULL,NULL),(23,'plugin_users-permissions_advanced','{\"unique_email\":true,\"allow_register\":true,\"email_confirmation\":false,\"email_reset_password\":null,\"email_confirmation_redirection\":null,\"default_role\":\"authenticated\"}','object',NULL,NULL),(24,'core_admin_auth','{\"providers\":{\"autoRegister\":false,\"defaultRole\":null,\"ssoLockedRoles\":null}}','object',NULL,NULL),(25,'plugin_content_manager_configuration_content_types::api::new.new','{\"settings\":{\"bulkable\":true,\"filterable\":true,\"searchable\":true,\"pageSize\":10,\"mainField\":\"Title\",\"defaultSortBy\":\"Title\",\"defaultSortOrder\":\"ASC\"},\"metadatas\":{\"id\":{\"edit\":{},\"list\":{\"label\":\"id\",\"searchable\":true,\"sortable\":true}},\"Title\":{\"edit\":{\"label\":\"Title\",\"description\":\"\",\"placeholder\":\"\",\"visible\":true,\"editable\":true},\"list\":{\"label\":\"Title\",\"searchable\":true,\"sortable\":true}},\"TitleA\":{\"edit\":{\"label\":\"TitleA\",\"description\":\"\",\"placeholder\":\"\",\"visible\":true,\"editable\":true},\"list\":{\"label\":\"TitleA\",\"searchable\":true,\"sortable\":true}},\"Content\":{\"edit\":{\"label\":\"Content\",\"description\":\"\",\"placeholder\":\"\",\"visible\":true,\"editable\":true},\"list\":{\"label\":\"Content\",\"searchable\":true,\"sortable\":true}},\"ContentA\":{\"edit\":{\"label\":\"ContentA\",\"description\":\"\",\"placeholder\":\"\",\"visible\":true,\"editable\":true},\"list\":{\"label\":\"ContentA\",\"searchable\":true,\"sortable\":true}},\"Date\":{\"edit\":{\"label\":\"Date\",\"description\":\"\",\"placeholder\":\"\",\"visible\":true,\"editable\":true},\"list\":{\"label\":\"Date\",\"searchable\":true,\"sortable\":true}},\"HeroImg\":{\"edit\":{\"label\":\"HeroImg\",\"description\":\"\",\"placeholder\":\"\",\"visible\":true,\"editable\":true},\"list\":{\"label\":\"HeroImg\",\"searchable\":false,\"sortable\":false}},\"Author\":{\"edit\":{\"label\":\"Author\",\"description\":\"\",\"placeholder\":\"\",\"visible\":true,\"editable\":true},\"list\":{\"label\":\"Author\",\"searchable\":true,\"sortable\":true}},\"AuthorA\":{\"edit\":{\"label\":\"AuthorA\",\"description\":\"\",\"placeholder\":\"\",\"visible\":true,\"editable\":true},\"list\":{\"label\":\"AuthorA\",\"searchable\":true,\"sortable\":true}},\"Desc\":{\"edit\":{\"label\":\"Desc\",\"description\":\"\",\"placeholder\":\"\",\"visible\":true,\"editable\":true},\"list\":{\"label\":\"Desc\",\"searchable\":true,\"sortable\":true}},\"DescA\":{\"edit\":{\"label\":\"DescA\",\"description\":\"\",\"placeholder\":\"\",\"visible\":true,\"editable\":true},\"list\":{\"label\":\"DescA\",\"searchable\":true,\"sortable\":true}},\"Desnew\":{\"edit\":{\"label\":\"Desnew\",\"description\":\"\",\"placeholder\":\"\",\"visible\":true,\"editable\":true},\"list\":{\"label\":\"Desnew\",\"searchable\":false,\"sortable\":false}},\"createdAt\":{\"edit\":{\"label\":\"createdAt\",\"description\":\"\",\"placeholder\":\"\",\"visible\":false,\"editable\":true},\"list\":{\"label\":\"createdAt\",\"searchable\":true,\"sortable\":true}},\"updatedAt\":{\"edit\":{\"label\":\"updatedAt\",\"description\":\"\",\"placeholder\":\"\",\"visible\":false,\"editable\":true},\"list\":{\"label\":\"updatedAt\",\"searchable\":true,\"sortable\":true}},\"createdBy\":{\"edit\":{\"label\":\"createdBy\",\"description\":\"\",\"placeholder\":\"\",\"visible\":false,\"editable\":true,\"mainField\":\"firstname\"},\"list\":{\"label\":\"createdBy\",\"searchable\":true,\"sortable\":true}},\"updatedBy\":{\"edit\":{\"label\":\"updatedBy\",\"description\":\"\",\"placeholder\":\"\",\"visible\":false,\"editable\":true,\"mainField\":\"firstname\"},\"list\":{\"label\":\"updatedBy\",\"searchable\":true,\"sortable\":true}}},\"layouts\":{\"list\":[\"id\",\"Title\",\"TitleA\",\"Content\"],\"edit\":[[{\"name\":\"Title\",\"size\":6},{\"name\":\"TitleA\",\"size\":6}],[{\"name\":\"Content\",\"size\":6},{\"name\":\"ContentA\",\"size\":6}],[{\"name\":\"Date\",\"size\":4},{\"name\":\"HeroImg\",\"size\":6}],[{\"name\":\"Author\",\"size\":6},{\"name\":\"AuthorA\",\"size\":6}],[{\"name\":\"Desc\",\"size\":6},{\"name\":\"DescA\",\"size\":6}],[{\"name\":\"Desnew\",\"size\":12}]]},\"uid\":\"api::new.new\"}','object',NULL,NULL),(26,'plugin_content_manager_configuration_content_types::api::feedback.feedback','{\"settings\":{\"bulkable\":true,\"filterable\":true,\"searchable\":true,\"pageSize\":10,\"mainField\":\"Name\",\"defaultSortBy\":\"Name\",\"defaultSortOrder\":\"ASC\"},\"metadatas\":{\"id\":{\"edit\":{},\"list\":{\"label\":\"id\",\"searchable\":true,\"sortable\":true}},\"Name\":{\"edit\":{\"label\":\"Name\",\"description\":\"\",\"placeholder\":\"\",\"visible\":true,\"editable\":true},\"list\":{\"label\":\"Name\",\"searchable\":true,\"sortable\":true}},\"Email\":{\"edit\":{\"label\":\"Email\",\"description\":\"\",\"placeholder\":\"\",\"visible\":true,\"editable\":true},\"list\":{\"label\":\"Email\",\"searchable\":true,\"sortable\":true}},\"Number\":{\"edit\":{\"label\":\"Number\",\"description\":\"\",\"placeholder\":\"\",\"visible\":true,\"editable\":true},\"list\":{\"label\":\"Number\",\"searchable\":true,\"sortable\":true}},\"Feedback\":{\"edit\":{\"label\":\"Feedback\",\"description\":\"\",\"placeholder\":\"\",\"visible\":true,\"editable\":true},\"list\":{\"label\":\"Feedback\",\"searchable\":true,\"sortable\":true}},\"Message\":{\"edit\":{\"label\":\"Message\",\"description\":\"\",\"placeholder\":\"\",\"visible\":true,\"editable\":true},\"list\":{\"label\":\"Message\",\"searchable\":true,\"sortable\":true}},\"createdAt\":{\"edit\":{\"label\":\"createdAt\",\"description\":\"\",\"placeholder\":\"\",\"visible\":false,\"editable\":true},\"list\":{\"label\":\"createdAt\",\"searchable\":true,\"sortable\":true}},\"updatedAt\":{\"edit\":{\"label\":\"updatedAt\",\"description\":\"\",\"placeholder\":\"\",\"visible\":false,\"editable\":true},\"list\":{\"label\":\"updatedAt\",\"searchable\":true,\"sortable\":true}},\"createdBy\":{\"edit\":{\"label\":\"createdBy\",\"description\":\"\",\"placeholder\":\"\",\"visible\":false,\"editable\":true,\"mainField\":\"firstname\"},\"list\":{\"label\":\"createdBy\",\"searchable\":true,\"sortable\":true}},\"updatedBy\":{\"edit\":{\"label\":\"updatedBy\",\"description\":\"\",\"placeholder\":\"\",\"visible\":false,\"editable\":true,\"mainField\":\"firstname\"},\"list\":{\"label\":\"updatedBy\",\"searchable\":true,\"sortable\":true}}},\"layouts\":{\"list\":[\"id\",\"Name\",\"Email\",\"Number\"],\"edit\":[[{\"name\":\"Name\",\"size\":6},{\"name\":\"Email\",\"size\":6}],[{\"name\":\"Number\",\"size\":4},{\"name\":\"Feedback\",\"size\":6}],[{\"name\":\"Message\",\"size\":6}]]},\"uid\":\"api::feedback.feedback\"}','object',NULL,NULL),(28,'plugin_content_manager_configuration_content_types::api::complaint.complaint','{\"settings\":{\"bulkable\":true,\"filterable\":true,\"searchable\":true,\"pageSize\":10,\"mainField\":\"Name\",\"defaultSortBy\":\"Name\",\"defaultSortOrder\":\"ASC\"},\"metadatas\":{\"id\":{\"edit\":{},\"list\":{\"label\":\"id\",\"searchable\":true,\"sortable\":true}},\"Name\":{\"edit\":{\"label\":\"Name\",\"description\":\"\",\"placeholder\":\"\",\"visible\":true,\"editable\":true},\"list\":{\"label\":\"Name\",\"searchable\":true,\"sortable\":true}},\"Complaints\":{\"edit\":{\"label\":\"Complaints\",\"description\":\"\",\"placeholder\":\"\",\"visible\":true,\"editable\":true},\"list\":{\"label\":\"Complaints\",\"searchable\":true,\"sortable\":true}},\"Email\":{\"edit\":{\"label\":\"Email\",\"description\":\"\",\"placeholder\":\"\",\"visible\":true,\"editable\":true},\"list\":{\"label\":\"Email\",\"searchable\":true,\"sortable\":true}},\"Message\":{\"edit\":{\"label\":\"Message\",\"description\":\"\",\"placeholder\":\"\",\"visible\":true,\"editable\":true},\"list\":{\"label\":\"Message\",\"searchable\":true,\"sortable\":true}},\"Number\":{\"edit\":{\"label\":\"Number\",\"description\":\"\",\"placeholder\":\"\",\"visible\":true,\"editable\":true},\"list\":{\"label\":\"Number\",\"searchable\":true,\"sortable\":true}},\"createdAt\":{\"edit\":{\"label\":\"createdAt\",\"description\":\"\",\"placeholder\":\"\",\"visible\":false,\"editable\":true},\"list\":{\"label\":\"createdAt\",\"searchable\":true,\"sortable\":true}},\"updatedAt\":{\"edit\":{\"label\":\"updatedAt\",\"description\":\"\",\"placeholder\":\"\",\"visible\":false,\"editable\":true},\"list\":{\"label\":\"updatedAt\",\"searchable\":true,\"sortable\":true}},\"createdBy\":{\"edit\":{\"label\":\"createdBy\",\"description\":\"\",\"placeholder\":\"\",\"visible\":false,\"editable\":true,\"mainField\":\"firstname\"},\"list\":{\"label\":\"createdBy\",\"searchable\":true,\"sortable\":true}},\"updatedBy\":{\"edit\":{\"label\":\"updatedBy\",\"description\":\"\",\"placeholder\":\"\",\"visible\":false,\"editable\":true,\"mainField\":\"firstname\"},\"list\":{\"label\":\"updatedBy\",\"searchable\":true,\"sortable\":true}}},\"layouts\":{\"list\":[\"id\",\"Name\",\"Message\",\"createdAt\"],\"edit\":[[{\"name\":\"Name\",\"size\":6},{\"name\":\"Message\",\"size\":6}],[{\"name\":\"Complaints\",\"size\":6},{\"name\":\"Email\",\"size\":6}],[{\"name\":\"Number\",\"size\":4}]]},\"uid\":\"api::complaint.complaint\"}','object',NULL,NULL),(29,'plugin_content_manager_configuration_content_types::api::event.event','{\"settings\":{\"bulkable\":true,\"filterable\":true,\"searchable\":true,\"pageSize\":10,\"mainField\":\"Event\",\"defaultSortBy\":\"Event\",\"defaultSortOrder\":\"ASC\"},\"metadatas\":{\"id\":{\"edit\":{},\"list\":{\"label\":\"id\",\"searchable\":true,\"sortable\":true}},\"Event\":{\"edit\":{\"label\":\"Event\",\"description\":\"\",\"placeholder\":\"\",\"visible\":true,\"editable\":true},\"list\":{\"label\":\"Event\",\"searchable\":true,\"sortable\":true}},\"EventA\":{\"edit\":{\"label\":\"EventA\",\"description\":\"\",\"placeholder\":\"\",\"visible\":true,\"editable\":true},\"list\":{\"label\":\"EventA\",\"searchable\":true,\"sortable\":true}},\"Desc\":{\"edit\":{\"label\":\"Desc\",\"description\":\"\",\"placeholder\":\"\",\"visible\":true,\"editable\":true},\"list\":{\"label\":\"Desc\",\"searchable\":true,\"sortable\":true}},\"DescA\":{\"edit\":{\"label\":\"DescA\",\"description\":\"\",\"placeholder\":\"\",\"visible\":true,\"editable\":true},\"list\":{\"label\":\"DescA\",\"searchable\":true,\"sortable\":true}},\"StartDateTime\":{\"edit\":{\"label\":\"StartDateTime\",\"description\":\"\",\"placeholder\":\"\",\"visible\":true,\"editable\":true},\"list\":{\"label\":\"StartDateTime\",\"searchable\":true,\"sortable\":true}},\"EndDateTime\":{\"edit\":{\"label\":\"EndDateTime\",\"description\":\"\",\"placeholder\":\"\",\"visible\":true,\"editable\":true},\"list\":{\"label\":\"EndDateTime\",\"searchable\":true,\"sortable\":true}},\"Venue\":{\"edit\":{\"label\":\"Venue\",\"description\":\"\",\"placeholder\":\"\",\"visible\":true,\"editable\":true},\"list\":{\"label\":\"Venue\",\"searchable\":true,\"sortable\":true}},\"VenueA\":{\"edit\":{\"label\":\"VenueA\",\"description\":\"\",\"placeholder\":\"\",\"visible\":true,\"editable\":true},\"list\":{\"label\":\"VenueA\",\"searchable\":true,\"sortable\":true}},\"VenueMap\":{\"edit\":{\"label\":\"VenueMap\",\"description\":\"\",\"placeholder\":\"\",\"visible\":true,\"editable\":true},\"list\":{\"label\":\"VenueMap\",\"searchable\":true,\"sortable\":true}},\"Category\":{\"edit\":{\"label\":\"Category\",\"description\":\"\",\"placeholder\":\"\",\"visible\":true,\"editable\":true},\"list\":{\"label\":\"Category\",\"searchable\":true,\"sortable\":true}},\"CategoryArabic\":{\"edit\":{\"label\":\"CategoryArabic\",\"description\":\"\",\"placeholder\":\"\",\"visible\":true,\"editable\":true},\"list\":{\"label\":\"CategoryArabic\",\"searchable\":true,\"sortable\":true}},\"HeroImg\":{\"edit\":{\"label\":\"HeroImg\",\"description\":\"\",\"placeholder\":\"\",\"visible\":true,\"editable\":true},\"list\":{\"label\":\"HeroImg\",\"searchable\":false,\"sortable\":false}},\"createdAt\":{\"edit\":{\"label\":\"createdAt\",\"description\":\"\",\"placeholder\":\"\",\"visible\":false,\"editable\":true},\"list\":{\"label\":\"createdAt\",\"searchable\":true,\"sortable\":true}},\"updatedAt\":{\"edit\":{\"label\":\"updatedAt\",\"description\":\"\",\"placeholder\":\"\",\"visible\":false,\"editable\":true},\"list\":{\"label\":\"updatedAt\",\"searchable\":true,\"sortable\":true}},\"createdBy\":{\"edit\":{\"label\":\"createdBy\",\"description\":\"\",\"placeholder\":\"\",\"visible\":false,\"editable\":true,\"mainField\":\"firstname\"},\"list\":{\"label\":\"createdBy\",\"searchable\":true,\"sortable\":true}},\"updatedBy\":{\"edit\":{\"label\":\"updatedBy\",\"description\":\"\",\"placeholder\":\"\",\"visible\":false,\"editable\":true,\"mainField\":\"firstname\"},\"list\":{\"label\":\"updatedBy\",\"searchable\":true,\"sortable\":true}}},\"layouts\":{\"list\":[\"id\",\"Event\",\"createdAt\",\"updatedAt\"],\"edit\":[[{\"name\":\"Event\",\"size\":6},{\"name\":\"EventA\",\"size\":6}],[{\"name\":\"Desc\",\"size\":6},{\"name\":\"DescA\",\"size\":6}],[{\"name\":\"StartDateTime\",\"size\":6},{\"name\":\"EndDateTime\",\"size\":6}],[{\"name\":\"Venue\",\"size\":6},{\"name\":\"VenueA\",\"size\":6}],[{\"name\":\"Category\",\"size\":6},{\"name\":\"CategoryArabic\",\"size\":6}],[{\"name\":\"VenueMap\",\"size\":6},{\"name\":\"HeroImg\",\"size\":6}]]},\"uid\":\"api::event.event\"}','object',NULL,NULL),(30,'plugin_content_manager_configuration_content_types::api::happy-meter.happy-meter','{\"settings\":{\"bulkable\":true,\"filterable\":true,\"searchable\":true,\"pageSize\":10,\"mainField\":\"Type\",\"defaultSortBy\":\"Type\",\"defaultSortOrder\":\"ASC\"},\"metadatas\":{\"id\":{\"edit\":{},\"list\":{\"label\":\"id\",\"searchable\":true,\"sortable\":true}},\"Type\":{\"edit\":{\"label\":\"Type\",\"description\":\"\",\"placeholder\":\"\",\"visible\":true,\"editable\":true},\"list\":{\"label\":\"Type\",\"searchable\":true,\"sortable\":true}},\"Message\":{\"edit\":{\"label\":\"Message\",\"description\":\"\",\"placeholder\":\"\",\"visible\":true,\"editable\":true},\"list\":{\"label\":\"Message\",\"searchable\":true,\"sortable\":true}},\"createdAt\":{\"edit\":{\"label\":\"createdAt\",\"description\":\"\",\"placeholder\":\"\",\"visible\":false,\"editable\":true},\"list\":{\"label\":\"createdAt\",\"searchable\":true,\"sortable\":true}},\"updatedAt\":{\"edit\":{\"label\":\"updatedAt\",\"description\":\"\",\"placeholder\":\"\",\"visible\":false,\"editable\":true},\"list\":{\"label\":\"updatedAt\",\"searchable\":true,\"sortable\":true}},\"createdBy\":{\"edit\":{\"label\":\"createdBy\",\"description\":\"\",\"placeholder\":\"\",\"visible\":false,\"editable\":true,\"mainField\":\"firstname\"},\"list\":{\"label\":\"createdBy\",\"searchable\":true,\"sortable\":true}},\"updatedBy\":{\"edit\":{\"label\":\"updatedBy\",\"description\":\"\",\"placeholder\":\"\",\"visible\":false,\"editable\":true,\"mainField\":\"firstname\"},\"list\":{\"label\":\"updatedBy\",\"searchable\":true,\"sortable\":true}}},\"layouts\":{\"list\":[\"id\",\"Type\",\"Message\",\"createdAt\"],\"edit\":[[{\"name\":\"Type\",\"size\":6},{\"name\":\"Message\",\"size\":6}]]},\"uid\":\"api::happy-meter.happy-meter\"}','object',NULL,NULL),(31,'plugin_content_manager_configuration_content_types::api::query.query','{\"settings\":{\"bulkable\":true,\"filterable\":true,\"searchable\":true,\"pageSize\":10,\"mainField\":\"Name\",\"defaultSortBy\":\"Name\",\"defaultSortOrder\":\"ASC\"},\"metadatas\":{\"id\":{\"edit\":{},\"list\":{\"label\":\"id\",\"searchable\":true,\"sortable\":true}},\"Name\":{\"edit\":{\"label\":\"Name\",\"description\":\"\",\"placeholder\":\"\",\"visible\":true,\"editable\":true},\"list\":{\"label\":\"Name\",\"searchable\":true,\"sortable\":true}},\"Email\":{\"edit\":{\"label\":\"Email\",\"description\":\"\",\"placeholder\":\"\",\"visible\":true,\"editable\":true},\"list\":{\"label\":\"Email\",\"searchable\":true,\"sortable\":true}},\"Phone\":{\"edit\":{\"label\":\"Phone\",\"description\":\"\",\"placeholder\":\"\",\"visible\":true,\"editable\":true},\"list\":{\"label\":\"Phone\",\"searchable\":true,\"sortable\":true}},\"Subject\":{\"edit\":{\"label\":\"Subject\",\"description\":\"\",\"placeholder\":\"\",\"visible\":true,\"editable\":true},\"list\":{\"label\":\"Subject\",\"searchable\":true,\"sortable\":true}},\"Message\":{\"edit\":{\"label\":\"Message\",\"description\":\"\",\"placeholder\":\"\",\"visible\":true,\"editable\":true},\"list\":{\"label\":\"Message\",\"searchable\":true,\"sortable\":true}},\"createdAt\":{\"edit\":{\"label\":\"createdAt\",\"description\":\"\",\"placeholder\":\"\",\"visible\":false,\"editable\":true},\"list\":{\"label\":\"createdAt\",\"searchable\":true,\"sortable\":true}},\"updatedAt\":{\"edit\":{\"label\":\"updatedAt\",\"description\":\"\",\"placeholder\":\"\",\"visible\":false,\"editable\":true},\"list\":{\"label\":\"updatedAt\",\"searchable\":true,\"sortable\":true}},\"createdBy\":{\"edit\":{\"label\":\"createdBy\",\"description\":\"\",\"placeholder\":\"\",\"visible\":false,\"editable\":true,\"mainField\":\"firstname\"},\"list\":{\"label\":\"createdBy\",\"searchable\":true,\"sortable\":true}},\"updatedBy\":{\"edit\":{\"label\":\"updatedBy\",\"description\":\"\",\"placeholder\":\"\",\"visible\":false,\"editable\":true,\"mainField\":\"firstname\"},\"list\":{\"label\":\"updatedBy\",\"searchable\":true,\"sortable\":true}}},\"layouts\":{\"list\":[\"id\",\"Name\",\"Email\",\"Phone\"],\"edit\":[[{\"name\":\"Name\",\"size\":6},{\"name\":\"Email\",\"size\":6}],[{\"name\":\"Phone\",\"size\":6},{\"name\":\"Subject\",\"size\":6}],[{\"name\":\"Message\",\"size\":6}]]},\"uid\":\"api::query.query\"}','object',NULL,NULL),(33,'plugin_content_manager_configuration_content_types::api::municipality.municipality','{\"settings\":{\"bulkable\":true,\"filterable\":true,\"searchable\":true,\"pageSize\":10,\"mainField\":\"id\",\"defaultSortBy\":\"id\",\"defaultSortOrder\":\"ASC\"},\"metadatas\":{\"id\":{\"edit\":{},\"list\":{\"label\":\"id\",\"searchable\":true,\"sortable\":true}},\"AddContent\":{\"edit\":{\"label\":\"AddContent\",\"description\":\"\",\"placeholder\":\"\",\"visible\":true,\"editable\":true},\"list\":{\"label\":\"AddContent\",\"searchable\":false,\"sortable\":false}},\"Title\":{\"edit\":{\"label\":\"Title\",\"description\":\"\",\"placeholder\":\"\",\"visible\":true,\"editable\":true},\"list\":{\"label\":\"Title\",\"searchable\":true,\"sortable\":true}},\"TitleArabic\":{\"edit\":{\"label\":\"TitleArabic\",\"description\":\"\",\"placeholder\":\"\",\"visible\":true,\"editable\":true},\"list\":{\"label\":\"TitleArabic\",\"searchable\":true,\"sortable\":true}},\"Sname\":{\"edit\":{\"label\":\"Sname\",\"description\":\"\",\"placeholder\":\"\",\"visible\":true,\"editable\":true},\"list\":{\"label\":\"Sname\",\"searchable\":true,\"sortable\":true}},\"Website\":{\"edit\":{\"label\":\"Website\",\"description\":\"\",\"placeholder\":\"\",\"visible\":true,\"editable\":true},\"list\":{\"label\":\"Website\",\"searchable\":true,\"sortable\":true}},\"Number\":{\"edit\":{\"label\":\"Number\",\"description\":\"\",\"placeholder\":\"\",\"visible\":true,\"editable\":true},\"list\":{\"label\":\"Number\",\"searchable\":true,\"sortable\":true}},\"Map\":{\"edit\":{\"label\":\"Map\",\"description\":\"\",\"placeholder\":\"\",\"visible\":true,\"editable\":true},\"list\":{\"label\":\"Map\",\"searchable\":true,\"sortable\":true}},\"Facebook\":{\"edit\":{\"label\":\"Facebook\",\"description\":\"\",\"placeholder\":\"\",\"visible\":true,\"editable\":true},\"list\":{\"label\":\"Facebook\",\"searchable\":true,\"sortable\":true}},\"Instagram\":{\"edit\":{\"label\":\"Instagram\",\"description\":\"\",\"placeholder\":\"\",\"visible\":true,\"editable\":true},\"list\":{\"label\":\"Instagram\",\"searchable\":true,\"sortable\":true}},\"Twitter\":{\"edit\":{\"label\":\"Twitter\",\"description\":\"\",\"placeholder\":\"\",\"visible\":true,\"editable\":true},\"list\":{\"label\":\"Twitter\",\"searchable\":true,\"sortable\":true}},\"YouTube\":{\"edit\":{\"label\":\"YouTube\",\"description\":\"\",\"placeholder\":\"\",\"visible\":true,\"editable\":true},\"list\":{\"label\":\"YouTube\",\"searchable\":true,\"sortable\":true}},\"CardImage\":{\"edit\":{\"label\":\"CardImage\",\"description\":\"\",\"placeholder\":\"\",\"visible\":true,\"editable\":true},\"list\":{\"label\":\"CardImage\",\"searchable\":false,\"sortable\":false}},\"AddContentArabic\":{\"edit\":{\"label\":\"AddContentArabic\",\"description\":\"\",\"placeholder\":\"\",\"visible\":true,\"editable\":true},\"list\":{\"label\":\"AddContentArabic\",\"searchable\":false,\"sortable\":false}},\"AboutMunicipality\":{\"edit\":{\"label\":\"AboutMunicipality\",\"description\":\"\",\"placeholder\":\"\",\"visible\":true,\"editable\":true},\"list\":{\"label\":\"AboutMunicipality\",\"searchable\":false,\"sortable\":false}},\"AboutMunicipalityArabic\":{\"edit\":{\"label\":\"AboutMunicipalityArabic\",\"description\":\"\",\"placeholder\":\"\",\"visible\":true,\"editable\":true},\"list\":{\"label\":\"AboutMunicipalityArabic\",\"searchable\":false,\"sortable\":false}},\"check\":{\"edit\":{\"label\":\"check\",\"description\":\"\",\"placeholder\":\"\",\"visible\":true,\"editable\":true},\"list\":{\"label\":\"check\",\"searchable\":false,\"sortable\":false}},\"Logo\":{\"edit\":{\"label\":\"Logo\",\"description\":\"\",\"placeholder\":\"\",\"visible\":true,\"editable\":true},\"list\":{\"label\":\"Logo\",\"searchable\":false,\"sortable\":false}},\"createdAt\":{\"edit\":{\"label\":\"createdAt\",\"description\":\"\",\"placeholder\":\"\",\"visible\":false,\"editable\":true},\"list\":{\"label\":\"createdAt\",\"searchable\":true,\"sortable\":true}},\"updatedAt\":{\"edit\":{\"label\":\"updatedAt\",\"description\":\"\",\"placeholder\":\"\",\"visible\":false,\"editable\":true},\"list\":{\"label\":\"updatedAt\",\"searchable\":true,\"sortable\":true}},\"createdBy\":{\"edit\":{\"label\":\"createdBy\",\"description\":\"\",\"placeholder\":\"\",\"visible\":false,\"editable\":true,\"mainField\":\"firstname\"},\"list\":{\"label\":\"createdBy\",\"searchable\":true,\"sortable\":true}},\"updatedBy\":{\"edit\":{\"label\":\"updatedBy\",\"description\":\"\",\"placeholder\":\"\",\"visible\":false,\"editable\":true,\"mainField\":\"firstname\"},\"list\":{\"label\":\"updatedBy\",\"searchable\":true,\"sortable\":true}}},\"layouts\":{\"edit\":[[{\"name\":\"Title\",\"size\":6},{\"name\":\"TitleArabic\",\"size\":6}],[{\"name\":\"Twitter\",\"size\":6},{\"name\":\"Facebook\",\"size\":6}],[{\"name\":\"Sname\",\"size\":6},{\"name\":\"YouTube\",\"size\":6}],[{\"name\":\"Website\",\"size\":6},{\"name\":\"Number\",\"size\":6}],[{\"name\":\"Instagram\",\"size\":6},{\"name\":\"Map\",\"size\":6}],[{\"name\":\"CardImage\",\"size\":6},{\"name\":\"Logo\",\"size\":6}],[{\"name\":\"AboutMunicipality\",\"size\":12}],[{\"name\":\"AboutMunicipalityArabic\",\"size\":12}],[{\"name\":\"AddContent\",\"size\":12}],[{\"name\":\"AddContentArabic\",\"size\":12}],[{\"name\":\"check\",\"size\":12}]],\"list\":[\"id\",\"Title\",\"CardImage\",\"Number\",\"createdAt\"]},\"uid\":\"api::municipality.municipality\"}','object',NULL,NULL),(34,'plugin_content_manager_configuration_content_types::api::council.council','{\"settings\":{\"bulkable\":true,\"filterable\":true,\"searchable\":true,\"pageSize\":10,\"mainField\":\"Title\",\"defaultSortBy\":\"Title\",\"defaultSortOrder\":\"ASC\"},\"metadatas\":{\"id\":{\"edit\":{},\"list\":{\"label\":\"id\",\"searchable\":true,\"sortable\":true}},\"Title\":{\"edit\":{\"label\":\"Title\",\"description\":\"\",\"placeholder\":\"\",\"visible\":true,\"editable\":true},\"list\":{\"label\":\"Title\",\"searchable\":true,\"sortable\":true}},\"TitleArabic\":{\"edit\":{\"label\":\"TitleArabic\",\"description\":\"\",\"placeholder\":\"\",\"visible\":true,\"editable\":true},\"list\":{\"label\":\"TitleArabic\",\"searchable\":true,\"sortable\":true}},\"council_members\":{\"edit\":{\"label\":\"council_members\",\"description\":\"\",\"placeholder\":\"\",\"visible\":true,\"editable\":true,\"mainField\":\"id\"},\"list\":{\"label\":\"council_members\",\"searchable\":false,\"sortable\":false}},\"CardImage\":{\"edit\":{\"label\":\"CardImage\",\"description\":\"\",\"placeholder\":\"\",\"visible\":true,\"editable\":true},\"list\":{\"label\":\"CardImage\",\"searchable\":false,\"sortable\":false}},\"Logo\":{\"edit\":{\"label\":\"Logo\",\"description\":\"\",\"placeholder\":\"\",\"visible\":true,\"editable\":true},\"list\":{\"label\":\"Logo\",\"searchable\":false,\"sortable\":false}},\"CouncilTitle\":{\"edit\":{\"label\":\"CouncilTitle\",\"description\":\"\",\"placeholder\":\"\",\"visible\":true,\"editable\":true},\"list\":{\"label\":\"CouncilTitle\",\"searchable\":true,\"sortable\":true}},\"CouncilTitleArabic\":{\"edit\":{\"label\":\"CouncilTitleArabic\",\"description\":\"\",\"placeholder\":\"\",\"visible\":true,\"editable\":true},\"list\":{\"label\":\"CouncilTitleArabic\",\"searchable\":true,\"sortable\":true}},\"createdAt\":{\"edit\":{\"label\":\"createdAt\",\"description\":\"\",\"placeholder\":\"\",\"visible\":false,\"editable\":true},\"list\":{\"label\":\"createdAt\",\"searchable\":true,\"sortable\":true}},\"updatedAt\":{\"edit\":{\"label\":\"updatedAt\",\"description\":\"\",\"placeholder\":\"\",\"visible\":false,\"editable\":true},\"list\":{\"label\":\"updatedAt\",\"searchable\":true,\"sortable\":true}},\"createdBy\":{\"edit\":{\"label\":\"createdBy\",\"description\":\"\",\"placeholder\":\"\",\"visible\":false,\"editable\":true,\"mainField\":\"firstname\"},\"list\":{\"label\":\"createdBy\",\"searchable\":true,\"sortable\":true}},\"updatedBy\":{\"edit\":{\"label\":\"updatedBy\",\"description\":\"\",\"placeholder\":\"\",\"visible\":false,\"editable\":true,\"mainField\":\"firstname\"},\"list\":{\"label\":\"updatedBy\",\"searchable\":true,\"sortable\":true}}},\"layouts\":{\"edit\":[[{\"name\":\"Title\",\"size\":6},{\"name\":\"TitleArabic\",\"size\":6}],[{\"name\":\"CouncilTitle\",\"size\":6},{\"name\":\"CouncilTitleArabic\",\"size\":6}],[{\"name\":\"council_members\",\"size\":6}],[{\"name\":\"CardImage\",\"size\":6},{\"name\":\"Logo\",\"size\":6}]],\"list\":[\"id\",\"createdAt\",\"council_members\",\"Title\"]},\"uid\":\"api::council.council\"}','object',NULL,NULL),(35,'plugin_content_manager_configuration_content_types::api::council-member.council-member','{\"settings\":{\"bulkable\":true,\"filterable\":true,\"searchable\":true,\"pageSize\":50,\"mainField\":\"id\",\"defaultSortBy\":\"id\",\"defaultSortOrder\":\"ASC\"},\"metadatas\":{\"id\":{\"edit\":{},\"list\":{\"label\":\"id\",\"searchable\":true,\"sortable\":true}},\"Photo\":{\"edit\":{\"label\":\"Photo\",\"description\":\"\",\"placeholder\":\"\",\"visible\":true,\"editable\":true},\"list\":{\"label\":\"Photo\",\"searchable\":false,\"sortable\":false}},\"council\":{\"edit\":{\"label\":\"council\",\"description\":\"\",\"placeholder\":\"\",\"visible\":true,\"editable\":true,\"mainField\":\"Title\"},\"list\":{\"label\":\"council\",\"searchable\":true,\"sortable\":true}},\"Name\":{\"edit\":{\"label\":\"Name\",\"description\":\"\",\"placeholder\":\"\",\"visible\":true,\"editable\":true},\"list\":{\"label\":\"Name\",\"searchable\":true,\"sortable\":true}},\"NameArabic\":{\"edit\":{\"label\":\"NameArabic\",\"description\":\"\",\"placeholder\":\"\",\"visible\":true,\"editable\":true},\"list\":{\"label\":\"NameArabic\",\"searchable\":true,\"sortable\":true}},\"Role\":{\"edit\":{\"label\":\"Role\",\"description\":\"\",\"placeholder\":\"\",\"visible\":true,\"editable\":true},\"list\":{\"label\":\"Role\",\"searchable\":true,\"sortable\":true}},\"RoleArabic\":{\"edit\":{\"label\":\"RoleArabic\",\"description\":\"\",\"placeholder\":\"\",\"visible\":true,\"editable\":true},\"list\":{\"label\":\"RoleArabic\",\"searchable\":true,\"sortable\":true}},\"createdAt\":{\"edit\":{\"label\":\"createdAt\",\"description\":\"\",\"placeholder\":\"\",\"visible\":false,\"editable\":true},\"list\":{\"label\":\"createdAt\",\"searchable\":true,\"sortable\":true}},\"updatedAt\":{\"edit\":{\"label\":\"updatedAt\",\"description\":\"\",\"placeholder\":\"\",\"visible\":false,\"editable\":true},\"list\":{\"label\":\"updatedAt\",\"searchable\":true,\"sortable\":true}},\"createdBy\":{\"edit\":{\"label\":\"createdBy\",\"description\":\"\",\"placeholder\":\"\",\"visible\":false,\"editable\":true,\"mainField\":\"firstname\"},\"list\":{\"label\":\"createdBy\",\"searchable\":true,\"sortable\":true}},\"updatedBy\":{\"edit\":{\"label\":\"updatedBy\",\"description\":\"\",\"placeholder\":\"\",\"visible\":false,\"editable\":true,\"mainField\":\"firstname\"},\"list\":{\"label\":\"updatedBy\",\"searchable\":true,\"sortable\":true}}},\"layouts\":{\"list\":[\"id\",\"Photo\",\"council\",\"Name\",\"Role\"],\"edit\":[[{\"name\":\"Photo\",\"size\":6},{\"name\":\"council\",\"size\":6}],[{\"name\":\"Name\",\"size\":6},{\"name\":\"NameArabic\",\"size\":6}],[{\"name\":\"Role\",\"size\":6},{\"name\":\"RoleArabic\",\"size\":6}]]},\"uid\":\"api::council-member.council-member\"}','object',NULL,NULL),(36,'plugin_content_manager_configuration_content_types::api::home.home','{\"settings\":{\"bulkable\":true,\"filterable\":true,\"searchable\":true,\"pageSize\":10,\"mainField\":\"id\",\"defaultSortBy\":\"id\",\"defaultSortOrder\":\"ASC\"},\"metadatas\":{\"id\":{\"edit\":{},\"list\":{\"label\":\"id\",\"searchable\":true,\"sortable\":true}},\"HeroImgs\":{\"edit\":{\"label\":\"HeroImgs\",\"description\":\"\",\"placeholder\":\"\",\"visible\":true,\"editable\":true},\"list\":{\"label\":\"HeroImgs\",\"searchable\":false,\"sortable\":false}},\"createdAt\":{\"edit\":{\"label\":\"createdAt\",\"description\":\"\",\"placeholder\":\"\",\"visible\":false,\"editable\":true},\"list\":{\"label\":\"createdAt\",\"searchable\":true,\"sortable\":true}},\"updatedAt\":{\"edit\":{\"label\":\"updatedAt\",\"description\":\"\",\"placeholder\":\"\",\"visible\":false,\"editable\":true},\"list\":{\"label\":\"updatedAt\",\"searchable\":true,\"sortable\":true}},\"createdBy\":{\"edit\":{\"label\":\"createdBy\",\"description\":\"\",\"placeholder\":\"\",\"visible\":false,\"editable\":true,\"mainField\":\"firstname\"},\"list\":{\"label\":\"createdBy\",\"searchable\":true,\"sortable\":true}},\"updatedBy\":{\"edit\":{\"label\":\"updatedBy\",\"description\":\"\",\"placeholder\":\"\",\"visible\":false,\"editable\":true,\"mainField\":\"firstname\"},\"list\":{\"label\":\"updatedBy\",\"searchable\":true,\"sortable\":true}}},\"layouts\":{\"list\":[\"id\",\"HeroImgs\",\"createdAt\",\"updatedAt\"],\"edit\":[[{\"name\":\"HeroImgs\",\"size\":6}]]},\"uid\":\"api::home.home\"}','object',NULL,NULL),(37,'plugin_content_manager_configuration_content_types::api::about.about','{\"settings\":{\"bulkable\":true,\"filterable\":true,\"searchable\":true,\"pageSize\":10,\"mainField\":\"id\",\"defaultSortBy\":\"id\",\"defaultSortOrder\":\"ASC\"},\"metadatas\":{\"id\":{\"edit\":{},\"list\":{\"label\":\"id\",\"searchable\":true,\"sortable\":true}},\"HeroImgs\":{\"edit\":{\"label\":\"HeroImgs\",\"description\":\"\",\"placeholder\":\"\",\"visible\":true,\"editable\":true},\"list\":{\"label\":\"HeroImgs\",\"searchable\":false,\"sortable\":false}},\"KingImg\":{\"edit\":{\"label\":\"KingImg\",\"description\":\"\",\"placeholder\":\"\",\"visible\":true,\"editable\":true},\"list\":{\"label\":\"KingImg\",\"searchable\":false,\"sortable\":false}},\"ChairmanImg\":{\"edit\":{\"label\":\"ChairmanImg\",\"description\":\"\",\"placeholder\":\"\",\"visible\":true,\"editable\":true},\"list\":{\"label\":\"ChairmanImg\",\"searchable\":false,\"sortable\":false}},\"MemberImgs\":{\"edit\":{\"label\":\"MemberImgs\",\"description\":\"\",\"placeholder\":\"\",\"visible\":true,\"editable\":true},\"list\":{\"label\":\"MemberImgs\",\"searchable\":false,\"sortable\":false}},\"createdAt\":{\"edit\":{\"label\":\"createdAt\",\"description\":\"\",\"placeholder\":\"\",\"visible\":false,\"editable\":true},\"list\":{\"label\":\"createdAt\",\"searchable\":true,\"sortable\":true}},\"updatedAt\":{\"edit\":{\"label\":\"updatedAt\",\"description\":\"\",\"placeholder\":\"\",\"visible\":false,\"editable\":true},\"list\":{\"label\":\"updatedAt\",\"searchable\":true,\"sortable\":true}},\"createdBy\":{\"edit\":{\"label\":\"createdBy\",\"description\":\"\",\"placeholder\":\"\",\"visible\":false,\"editable\":true,\"mainField\":\"firstname\"},\"list\":{\"label\":\"createdBy\",\"searchable\":true,\"sortable\":true}},\"updatedBy\":{\"edit\":{\"label\":\"updatedBy\",\"description\":\"\",\"placeholder\":\"\",\"visible\":false,\"editable\":true,\"mainField\":\"firstname\"},\"list\":{\"label\":\"updatedBy\",\"searchable\":true,\"sortable\":true}}},\"layouts\":{\"list\":[\"id\",\"HeroImgs\",\"createdAt\",\"updatedAt\"],\"edit\":[[{\"name\":\"HeroImgs\",\"size\":6},{\"name\":\"KingImg\",\"size\":6}],[{\"name\":\"ChairmanImg\",\"size\":6},{\"name\":\"MemberImgs\",\"size\":6}]]},\"uid\":\"api::about.about\"}','object',NULL,NULL),(38,'plugin_content_manager_configuration_content_types::api::holiday.holiday','{\"settings\":{\"bulkable\":true,\"filterable\":true,\"searchable\":true,\"pageSize\":10,\"mainField\":\"EventName\",\"defaultSortBy\":\"Date\",\"defaultSortOrder\":\"ASC\"},\"metadatas\":{\"id\":{\"edit\":{},\"list\":{\"label\":\"id\",\"searchable\":true,\"sortable\":true}},\"Date\":{\"edit\":{\"label\":\"Date\",\"description\":\"\",\"placeholder\":\"\",\"visible\":true,\"editable\":true},\"list\":{\"label\":\"Date\",\"searchable\":true,\"sortable\":true}},\"EventName\":{\"edit\":{\"label\":\"EventName\",\"description\":\"\",\"placeholder\":\"\",\"visible\":true,\"editable\":true},\"list\":{\"label\":\"EventName\",\"searchable\":true,\"sortable\":true}},\"EventNameArabic\":{\"edit\":{\"label\":\"EventNameArabic\",\"description\":\"\",\"placeholder\":\"\",\"visible\":true,\"editable\":true},\"list\":{\"label\":\"EventNameArabic\",\"searchable\":true,\"sortable\":true}},\"AboutEvent\":{\"edit\":{\"label\":\"AboutEvent\",\"description\":\"\",\"placeholder\":\"\",\"visible\":true,\"editable\":true},\"list\":{\"label\":\"AboutEvent\",\"searchable\":true,\"sortable\":true}},\"AboutEventArabic\":{\"edit\":{\"label\":\"AboutEventArabic\",\"description\":\"\",\"placeholder\":\"\",\"visible\":true,\"editable\":true},\"list\":{\"label\":\"AboutEventArabic\",\"searchable\":true,\"sortable\":true}},\"HeroImg\":{\"edit\":{\"label\":\"HeroImg\",\"description\":\"\",\"placeholder\":\"\",\"visible\":true,\"editable\":true},\"list\":{\"label\":\"HeroImg\",\"searchable\":false,\"sortable\":false}},\"createdAt\":{\"edit\":{\"label\":\"createdAt\",\"description\":\"\",\"placeholder\":\"\",\"visible\":false,\"editable\":true},\"list\":{\"label\":\"createdAt\",\"searchable\":true,\"sortable\":true}},\"updatedAt\":{\"edit\":{\"label\":\"updatedAt\",\"description\":\"\",\"placeholder\":\"\",\"visible\":false,\"editable\":true},\"list\":{\"label\":\"updatedAt\",\"searchable\":true,\"sortable\":true}},\"createdBy\":{\"edit\":{\"label\":\"createdBy\",\"description\":\"\",\"placeholder\":\"\",\"visible\":false,\"editable\":true,\"mainField\":\"firstname\"},\"list\":{\"label\":\"createdBy\",\"searchable\":true,\"sortable\":true}},\"updatedBy\":{\"edit\":{\"label\":\"updatedBy\",\"description\":\"\",\"placeholder\":\"\",\"visible\":false,\"editable\":true,\"mainField\":\"firstname\"},\"list\":{\"label\":\"updatedBy\",\"searchable\":true,\"sortable\":true}}},\"layouts\":{\"list\":[\"id\",\"Date\",\"EventName\",\"EventNameArabic\"],\"edit\":[[{\"name\":\"Date\",\"size\":4},{\"name\":\"EventName\",\"size\":6}],[{\"name\":\"EventNameArabic\",\"size\":6},{\"name\":\"AboutEvent\",\"size\":6}],[{\"name\":\"AboutEventArabic\",\"size\":6},{\"name\":\"HeroImg\",\"size\":6}]]},\"uid\":\"api::holiday.holiday\"}','object',NULL,NULL),(39,'plugin_content_manager_configuration_components::dsfadf.sdff','{\"settings\":{\"bulkable\":true,\"filterable\":true,\"searchable\":true,\"pageSize\":10,\"mainField\":\"name\",\"defaultSortBy\":\"id\",\"defaultSortOrder\":\"ASC\"},\"metadatas\":{\"id\":{\"edit\":{},\"list\":{\"label\":\"id\",\"searchable\":false,\"sortable\":false}},\"ghdfg\":{\"edit\":{\"label\":\"ghdfg\",\"description\":\"\",\"placeholder\":\"\",\"visible\":true,\"editable\":true},\"list\":{\"label\":\"ghdfg\",\"searchable\":false,\"sortable\":false}},\"name\":{\"edit\":{\"label\":\"name\",\"description\":\"\",\"placeholder\":\"\",\"visible\":true,\"editable\":true},\"list\":{\"label\":\"name\",\"searchable\":true,\"sortable\":true}},\"sdaf\":{\"edit\":{\"label\":\"sdaf\",\"description\":\"\",\"placeholder\":\"\",\"visible\":true,\"editable\":true},\"list\":{\"label\":\"sdaf\",\"searchable\":true,\"sortable\":true}}},\"layouts\":{\"list\":[\"id\",\"ghdfg\",\"name\",\"sdaf\"],\"edit\":[[{\"name\":\"ghdfg\",\"size\":6},{\"name\":\"name\",\"size\":6}],[{\"name\":\"sdaf\",\"size\":4}]]},\"uid\":\"dsfadf.sdff\",\"isComponent\":true}','object',NULL,NULL);
/*!40000 ALTER TABLE `strapi_core_store_settings` ENABLE KEYS */;
UNLOCK TABLES;

--
-- Table structure for table `strapi_database_schema`
--

DROP TABLE IF EXISTS `strapi_database_schema`;
/*!40101 SET @saved_cs_client     = @@character_set_client */;
/*!50503 SET character_set_client = utf8mb4 */;
CREATE TABLE `strapi_database_schema` (
  `id` int unsigned NOT NULL AUTO_INCREMENT,
  `schema` json DEFAULT NULL,
  `time` datetime DEFAULT NULL,
  `hash` varchar(255) DEFAULT NULL,
  PRIMARY KEY (`id`)
) ENGINE=InnoDB AUTO_INCREMENT=62 DEFAULT CHARSET=utf8mb4 COLLATE=utf8mb4_0900_ai_ci;
/*!40101 SET character_set_client = @saved_cs_client */;

--
-- Dumping data for table `strapi_database_schema`
--

LOCK TABLES `strapi_database_schema` WRITE;
/*!40000 ALTER TABLE `strapi_database_schema` DISABLE KEYS */;
INSERT INTO `strapi_database_schema` VALUES (61,'{\"tables\": [{\"name\": \"strapi_core_store_settings\", \"columns\": [{\"args\": [{\"primary\": true, \"primaryKey\": true}], \"name\": \"id\", \"type\": \"increments\", \"unsigned\": false, \"defaultTo\": null, \"notNullable\": true}, {\"args\": [], \"name\": \"key\", \"type\": \"string\", \"unsigned\": false, \"defaultTo\": null, \"notNullable\": false}, {\"args\": [\"longtext\"], \"name\": \"value\", \"type\": \"text\", \"unsigned\": false, \"defaultTo\": null, \"notNullable\": false}, {\"args\": [], \"name\": \"type\", \"type\": \"string\", \"unsigned\": false, \"defaultTo\": null, \"notNullable\": false}, {\"args\": [], \"name\": \"environment\", \"type\": \"string\", \"unsigned\": false, \"defaultTo\": null, \"notNullable\": false}, {\"args\": [], \"name\": \"tag\", \"type\": \"string\", \"unsigned\": false, \"defaultTo\": null, \"notNullable\": false}], \"indexes\": [], \"foreignKeys\": []}, {\"name\": \"strapi_webhooks\", \"columns\": [{\"args\": [{\"primary\": true, \"primaryKey\": true}], \"name\": \"id\", \"type\": \"increments\", \"unsigned\": false, \"defaultTo\": null, \"notNullable\": true}, {\"args\": [], \"name\": \"name\", \"type\": \"string\", \"unsigned\": false, \"defaultTo\": null, \"notNullable\": false}, {\"args\": [\"longtext\"], \"name\": \"url\", \"type\": \"text\", \"unsigned\": false, \"defaultTo\": null, \"notNullable\": false}, {\"args\": [], \"name\": \"headers\", \"type\": \"jsonb\", \"unsigned\": false, \"defaultTo\": null, \"notNullable\": false}, {\"args\": [], \"name\": \"events\", \"type\": \"jsonb\", \"unsigned\": false, \"defaultTo\": null, \"notNullable\": false}, {\"args\": [], \"name\": \"enabled\", \"type\": \"boolean\", \"unsigned\": false, \"defaultTo\": null, \"notNullable\": false}], \"indexes\": [], \"foreignKeys\": []}, {\"name\": \"admin_permissions\", \"columns\": [{\"args\": [{\"primary\": true, \"primaryKey\": true}], \"name\": \"id\", \"type\": \"increments\", \"unsigned\": false, \"defaultTo\": null, \"notNullable\": true}, {\"args\": [], \"name\": \"action\", \"type\": \"string\", \"unsigned\": false, \"defaultTo\": null, \"notNullable\": false}, {\"args\": [], \"name\": \"action_parameters\", \"type\": \"jsonb\", \"unsigned\": false, \"defaultTo\": null, \"notNullable\": false}, {\"args\": [], \"name\": \"subject\", \"type\": \"string\", \"unsigned\": false, \"defaultTo\": null, \"notNullable\": false}, {\"args\": [], \"name\": \"properties\", \"type\": \"jsonb\", \"unsigned\": false, \"defaultTo\": null, \"notNullable\": false}, {\"args\": [], \"name\": \"conditions\", \"type\": \"jsonb\", \"unsigned\": false, \"defaultTo\": null, \"notNullable\": false}, {\"args\": [{\"useTz\": false, \"precision\": 6}], \"name\": \"created_at\", \"type\": \"datetime\", \"unsigned\": false, \"defaultTo\": null, \"notNullable\": false}, {\"args\": [{\"useTz\": false, \"precision\": 6}], \"name\": \"updated_at\", \"type\": \"datetime\", \"unsigned\": false, \"defaultTo\": null, \"notNullable\": false}, {\"args\": [], \"name\": \"created_by_id\", \"type\": \"integer\", \"unsigned\": true, \"defaultTo\": null, \"notNullable\": false}, {\"args\": [], \"name\": \"updated_by_id\", \"type\": \"integer\", \"unsigned\": true, \"defaultTo\": null, \"notNullable\": false}], \"indexes\": [{\"name\": \"admin_permissions_created_by_id_fk\", \"columns\": [\"created_by_id\"]}, {\"name\": \"admin_permissions_updated_by_id_fk\", \"columns\": [\"updated_by_id\"]}], \"foreignKeys\": [{\"name\": \"admin_permissions_created_by_id_fk\", \"columns\": [\"created_by_id\"], \"onDelete\": \"SET NULL\", \"referencedTable\": \"admin_users\", \"referencedColumns\": [\"id\"]}, {\"name\": \"admin_permissions_updated_by_id_fk\", \"columns\": [\"updated_by_id\"], \"onDelete\": \"SET NULL\", \"referencedTable\": \"admin_users\", \"referencedColumns\": [\"id\"]}]}, {\"name\": \"admin_users\", \"columns\": [{\"args\": [{\"primary\": true, \"primaryKey\": true}], \"name\": \"id\", \"type\": \"increments\", \"unsigned\": false, \"defaultTo\": null, \"notNullable\": true}, {\"args\": [], \"name\": \"firstname\", \"type\": \"string\", \"unsigned\": false, \"defaultTo\": null, \"notNullable\": false}, {\"args\": [], \"name\": \"lastname\", \"type\": \"string\", \"unsigned\": false, \"defaultTo\": null, \"notNullable\": false}, {\"args\": [], \"name\": \"username\", \"type\": \"string\", \"unsigned\": false, \"defaultTo\": null, \"notNullable\": false}, {\"args\": [], \"name\": \"email\", \"type\": \"string\", \"unsigned\": false, \"defaultTo\": null, \"notNullable\": false}, {\"args\": [], \"name\": \"password\", \"type\": \"string\", \"unsigned\": false, \"defaultTo\": null, \"notNullable\": false}, {\"args\": [], \"name\": \"reset_password_token\", \"type\": \"string\", \"unsigned\": false, \"defaultTo\": null, \"notNullable\": false}, {\"args\": [], \"name\": \"registration_token\", \"type\": \"string\", \"unsigned\": false, \"defaultTo\": null, \"notNullable\": false}, {\"args\": [], \"name\": \"is_active\", \"type\": \"boolean\", \"unsigned\": false, \"defaultTo\": null, \"notNullable\": false}, {\"args\": [], \"name\": \"blocked\", \"type\": \"boolean\", \"unsigned\": false, \"defaultTo\": null, \"notNullable\": false}, {\"args\": [], \"name\": \"prefered_language\", \"type\": \"string\", \"unsigned\": false, \"defaultTo\": null, \"notNullable\": false}, {\"args\": [{\"useTz\": false, \"precision\": 6}], \"name\": \"created_at\", \"type\": \"datetime\", \"unsigned\": false, \"defaultTo\": null, \"notNullable\": false}, {\"args\": [{\"useTz\": false, \"precision\": 6}], \"name\": \"updated_at\", \"type\": \"datetime\", \"unsigned\": false, \"defaultTo\": null, \"notNullable\": false}, {\"args\": [], \"name\": \"created_by_id\", \"type\": \"integer\", \"unsigned\": true, \"defaultTo\": null, \"notNullable\": false}, {\"args\": [], \"name\": \"updated_by_id\", \"type\": \"integer\", \"unsigned\": true, \"defaultTo\": null, \"notNullable\": false}], \"indexes\": [{\"name\": \"admin_users_created_by_id_fk\", \"columns\": [\"created_by_id\"]}, {\"name\": \"admin_users_updated_by_id_fk\", \"columns\": [\"updated_by_id\"]}], \"foreignKeys\": [{\"name\": \"admin_users_created_by_id_fk\", \"columns\": [\"created_by_id\"], \"onDelete\": \"SET NULL\", \"referencedTable\": \"admin_users\", \"referencedColumns\": [\"id\"]}, {\"name\": \"admin_users_updated_by_id_fk\", \"columns\": [\"updated_by_id\"], \"onDelete\": \"SET NULL\", \"referencedTable\": \"admin_users\", \"referencedColumns\": [\"id\"]}]}, {\"name\": \"admin_roles\", \"columns\": [{\"args\": [{\"primary\": true, \"primaryKey\": true}], \"name\": \"id\", \"type\": \"increments\", \"unsigned\": false, \"defaultTo\": null, \"notNullable\": true}, {\"args\": [], \"name\": \"name\", \"type\": \"string\", \"unsigned\": false, \"defaultTo\": null, \"notNullable\": false}, {\"args\": [], \"name\": \"code\", \"type\": \"string\", \"unsigned\": false, \"defaultTo\": null, \"notNullable\": false}, {\"args\": [], \"name\": \"description\", \"type\": \"string\", \"unsigned\": false, \"defaultTo\": null, \"notNullable\": false}, {\"args\": [{\"useTz\": false, \"precision\": 6}], \"name\": \"created_at\", \"type\": \"datetime\", \"unsigned\": false, \"defaultTo\": null, \"notNullable\": false}, {\"args\": [{\"useTz\": false, \"precision\": 6}], \"name\": \"updated_at\", \"type\": \"datetime\", \"unsigned\": false, \"defaultTo\": null, \"notNullable\": false}, {\"args\": [], \"name\": \"created_by_id\", \"type\": \"integer\", \"unsigned\": true, \"defaultTo\": null, \"notNullable\": false}, {\"args\": [], \"name\": \"updated_by_id\", \"type\": \"integer\", \"unsigned\": true, \"defaultTo\": null, \"notNullable\": false}], \"indexes\": [{\"name\": \"admin_roles_created_by_id_fk\", \"columns\": [\"created_by_id\"]}, {\"name\": \"admin_roles_updated_by_id_fk\", \"columns\": [\"updated_by_id\"]}], \"foreignKeys\": [{\"name\": \"admin_roles_created_by_id_fk\", \"columns\": [\"created_by_id\"], \"onDelete\": \"SET NULL\", \"referencedTable\": \"admin_users\", \"referencedColumns\": [\"id\"]}, {\"name\": \"admin_roles_updated_by_id_fk\", \"columns\": [\"updated_by_id\"], \"onDelete\": \"SET NULL\", \"referencedTable\": \"admin_users\", \"referencedColumns\": [\"id\"]}]}, {\"name\": \"strapi_api_tokens\", \"columns\": [{\"args\": [{\"primary\": true, \"primaryKey\": true}], \"name\": \"id\", \"type\": \"increments\", \"unsigned\": false, \"defaultTo\": null, \"notNullable\": true}, {\"args\": [], \"name\": \"name\", \"type\": \"string\", \"unsigned\": false, \"defaultTo\": null, \"notNullable\": false}, {\"args\": [], \"name\": \"description\", \"type\": \"string\", \"unsigned\": false, \"defaultTo\": null, \"notNullable\": false}, {\"args\": [], \"name\": \"type\", \"type\": \"string\", \"unsigned\": false, \"defaultTo\": null, \"notNullable\": false}, {\"args\": [], \"name\": \"access_key\", \"type\": \"string\", \"unsigned\": false, \"defaultTo\": null, \"notNullable\": false}, {\"args\": [{\"useTz\": false, \"precision\": 6}], \"name\": \"last_used_at\", \"type\": \"datetime\", \"unsigned\": false, \"defaultTo\": null, \"notNullable\": false}, {\"args\": [{\"useTz\": false, \"precision\": 6}], \"name\": \"expires_at\", \"type\": \"datetime\", \"unsigned\": false, \"defaultTo\": null, \"notNullable\": false}, {\"args\": [], \"name\": \"lifespan\", \"type\": \"bigInteger\", \"unsigned\": false, \"defaultTo\": null, \"notNullable\": false}, {\"args\": [{\"useTz\": false, \"precision\": 6}], \"name\": \"created_at\", \"type\": \"datetime\", \"unsigned\": false, \"defaultTo\": null, \"notNullable\": false}, {\"args\": [{\"useTz\": false, \"precision\": 6}], \"name\": \"updated_at\", \"type\": \"datetime\", \"unsigned\": false, \"defaultTo\": null, \"notNullable\": false}, {\"args\": [], \"name\": \"created_by_id\", \"type\": \"integer\", \"unsigned\": true, \"defaultTo\": null, \"notNullable\": false}, {\"args\": [], \"name\": \"updated_by_id\", \"type\": \"integer\", \"unsigned\": true, \"defaultTo\": null, \"notNullable\": false}], \"indexes\": [{\"name\": \"strapi_api_tokens_created_by_id_fk\", \"columns\": [\"created_by_id\"]}, {\"name\": \"strapi_api_tokens_updated_by_id_fk\", \"columns\": [\"updated_by_id\"]}], \"foreignKeys\": [{\"name\": \"strapi_api_tokens_created_by_id_fk\", \"columns\": [\"created_by_id\"], \"onDelete\": \"SET NULL\", \"referencedTable\": \"admin_users\", \"referencedColumns\": [\"id\"]}, {\"name\": \"strapi_api_tokens_updated_by_id_fk\", \"columns\": [\"updated_by_id\"], \"onDelete\": \"SET NULL\", \"referencedTable\": \"admin_users\", \"referencedColumns\": [\"id\"]}]}, {\"name\": \"strapi_api_token_permissions\", \"columns\": [{\"args\": [{\"primary\": true, \"primaryKey\": true}], \"name\": \"id\", \"type\": \"increments\", \"unsigned\": false, \"defaultTo\": null, \"notNullable\": true}, {\"args\": [], \"name\": \"action\", \"type\": \"string\", \"unsigned\": false, \"defaultTo\": null, \"notNullable\": false}, {\"args\": [{\"useTz\": false, \"precision\": 6}], \"name\": \"created_at\", \"type\": \"datetime\", \"unsigned\": false, \"defaultTo\": null, \"notNullable\": false}, {\"args\": [{\"useTz\": false, \"precision\": 6}], \"name\": \"updated_at\", \"type\": \"datetime\", \"unsigned\": false, \"defaultTo\": null, \"notNullable\": false}, {\"args\": [], \"name\": \"created_by_id\", \"type\": \"integer\", \"unsigned\": true, \"defaultTo\": null, \"notNullable\": false}, {\"args\": [], \"name\": \"updated_by_id\", \"type\": \"integer\", \"unsigned\": true, \"defaultTo\": null, \"notNullable\": false}], \"indexes\": [{\"name\": \"strapi_api_token_permissions_created_by_id_fk\", \"columns\": [\"created_by_id\"]}, {\"name\": \"strapi_api_token_permissions_updated_by_id_fk\", \"columns\": [\"updated_by_id\"]}], \"foreignKeys\": [{\"name\": \"strapi_api_token_permissions_created_by_id_fk\", \"columns\": [\"created_by_id\"], \"onDelete\": \"SET NULL\", \"referencedTable\": \"admin_users\", \"referencedColumns\": [\"id\"]}, {\"name\": \"strapi_api_token_permissions_updated_by_id_fk\", \"columns\": [\"updated_by_id\"], \"onDelete\": \"SET NULL\", \"referencedTable\": \"admin_users\", \"referencedColumns\": [\"id\"]}]}, {\"name\": \"strapi_transfer_tokens\", \"columns\": [{\"args\": [{\"primary\": true, \"primaryKey\": true}], \"name\": \"id\", \"type\": \"increments\", \"unsigned\": false, \"defaultTo\": null, \"notNullable\": true}, {\"args\": [], \"name\": \"name\", \"type\": \"string\", \"unsigned\": false, \"defaultTo\": null, \"notNullable\": false}, {\"args\": [], \"name\": \"description\", \"type\": \"string\", \"unsigned\": false, \"defaultTo\": null, \"notNullable\": false}, {\"args\": [], \"name\": \"access_key\", \"type\": \"string\", \"unsigned\": false, \"defaultTo\": null, \"notNullable\": false}, {\"args\": [{\"useTz\": false, \"precision\": 6}], \"name\": \"last_used_at\", \"type\": \"datetime\", \"unsigned\": false, \"defaultTo\": null, \"notNullable\": false}, {\"args\": [{\"useTz\": false, \"precision\": 6}], \"name\": \"expires_at\", \"type\": \"datetime\", \"unsigned\": false, \"defaultTo\": null, \"notNullable\": false}, {\"args\": [], \"name\": \"lifespan\", \"type\": \"bigInteger\", \"unsigned\": false, \"defaultTo\": null, \"notNullable\": false}, {\"args\": [{\"useTz\": false, \"precision\": 6}], \"name\": \"created_at\", \"type\": \"datetime\", \"unsigned\": false, \"defaultTo\": null, \"notNullable\": false}, {\"args\": [{\"useTz\": false, \"precision\": 6}], \"name\": \"updated_at\", \"type\": \"datetime\", \"unsigned\": false, \"defaultTo\": null, \"notNullable\": false}, {\"args\": [], \"name\": \"created_by_id\", \"type\": \"integer\", \"unsigned\": true, \"defaultTo\": null, \"notNullable\": false}, {\"args\": [], \"name\": \"updated_by_id\", \"type\": \"integer\", \"unsigned\": true, \"defaultTo\": null, \"notNullable\": false}], \"indexes\": [{\"name\": \"strapi_transfer_tokens_created_by_id_fk\", \"columns\": [\"created_by_id\"]}, {\"name\": \"strapi_transfer_tokens_updated_by_id_fk\", \"columns\": [\"updated_by_id\"]}], \"foreignKeys\": [{\"name\": \"strapi_transfer_tokens_created_by_id_fk\", \"columns\": [\"created_by_id\"], \"onDelete\": \"SET NULL\", \"referencedTable\": \"admin_users\", \"referencedColumns\": [\"id\"]}, {\"name\": \"strapi_transfer_tokens_updated_by_id_fk\", \"columns\": [\"updated_by_id\"], \"onDelete\": \"SET NULL\", \"referencedTable\": \"admin_users\", \"referencedColumns\": [\"id\"]}]}, {\"name\": \"strapi_transfer_token_permissions\", \"columns\": [{\"args\": [{\"primary\": true, \"primaryKey\": true}], \"name\": \"id\", \"type\": \"increments\", \"unsigned\": false, \"defaultTo\": null, \"notNullable\": true}, {\"args\": [], \"name\": \"action\", \"type\": \"string\", \"unsigned\": false, \"defaultTo\": null, \"notNullable\": false}, {\"args\": [{\"useTz\": false, \"precision\": 6}], \"name\": \"created_at\", \"type\": \"datetime\", \"unsigned\": false, \"defaultTo\": null, \"notNullable\": false}, {\"args\": [{\"useTz\": false, \"precision\": 6}], \"name\": \"updated_at\", \"type\": \"datetime\", \"unsigned\": false, \"defaultTo\": null, \"notNullable\": false}, {\"args\": [], \"name\": \"created_by_id\", \"type\": \"integer\", \"unsigned\": true, \"defaultTo\": null, \"notNullable\": false}, {\"args\": [], \"name\": \"updated_by_id\", \"type\": \"integer\", \"unsigned\": true, \"defaultTo\": null, \"notNullable\": false}], \"indexes\": [{\"name\": \"strapi_transfer_token_permissions_created_by_id_fk\", \"columns\": [\"created_by_id\"]}, {\"name\": \"strapi_transfer_token_permissions_updated_by_id_fk\", \"columns\": [\"updated_by_id\"]}], \"foreignKeys\": [{\"name\": \"strapi_transfer_token_permissions_created_by_id_fk\", \"columns\": [\"created_by_id\"], \"onDelete\": \"SET NULL\", \"referencedTable\": \"admin_users\", \"referencedColumns\": [\"id\"]}, {\"name\": \"strapi_transfer_token_permissions_updated_by_id_fk\", \"columns\": [\"updated_by_id\"], \"onDelete\": \"SET NULL\", \"referencedTable\": \"admin_users\", \"referencedColumns\": [\"id\"]}]}, {\"name\": \"files\", \"columns\": [{\"args\": [{\"primary\": true, \"primaryKey\": true}], \"name\": \"id\", \"type\": \"increments\", \"unsigned\": false, \"defaultTo\": null, \"notNullable\": true}, {\"args\": [], \"name\": \"name\", \"type\": \"string\", \"unsigned\": false, \"defaultTo\": null, \"notNullable\": false}, {\"args\": [], \"name\": \"alternative_text\", \"type\": \"string\", \"unsigned\": false, \"defaultTo\": null, \"notNullable\": false}, {\"args\": [], \"name\": \"caption\", \"type\": \"string\", \"unsigned\": false, \"defaultTo\": null, \"notNullable\": false}, {\"args\": [], \"name\": \"width\", \"type\": \"integer\", \"unsigned\": false, \"defaultTo\": null, \"notNullable\": false}, {\"args\": [], \"name\": \"height\", \"type\": \"integer\", \"unsigned\": false, \"defaultTo\": null, \"notNullable\": false}, {\"args\": [], \"name\": \"formats\", \"type\": \"jsonb\", \"unsigned\": false, \"defaultTo\": null, \"notNullable\": false}, {\"args\": [], \"name\": \"hash\", \"type\": \"string\", \"unsigned\": false, \"defaultTo\": null, \"notNullable\": false}, {\"args\": [], \"name\": \"ext\", \"type\": \"string\", \"unsigned\": false, \"defaultTo\": null, \"notNullable\": false}, {\"args\": [], \"name\": \"mime\", \"type\": \"string\", \"unsigned\": false, \"defaultTo\": null, \"notNullable\": false}, {\"args\": [10, 2], \"name\": \"size\", \"type\": \"decimal\", \"unsigned\": false, \"defaultTo\": null, \"notNullable\": false}, {\"args\": [], \"name\": \"url\", \"type\": \"string\", \"unsigned\": false, \"defaultTo\": null, \"notNullable\": false}, {\"args\": [], \"name\": \"preview_url\", \"type\": \"string\", \"unsigned\": false, \"defaultTo\": null, \"notNullable\": false}, {\"args\": [], \"name\": \"provider\", \"type\": \"string\", \"unsigned\": false, \"defaultTo\": null, \"notNullable\": false}, {\"args\": [], \"name\": \"provider_metadata\", \"type\": \"jsonb\", \"unsigned\": false, \"defaultTo\": null, \"notNullable\": false}, {\"args\": [], \"name\": \"folder_path\", \"type\": \"string\", \"unsigned\": false, \"defaultTo\": null, \"notNullable\": false}, {\"args\": [{\"useTz\": false, \"precision\": 6}], \"name\": \"created_at\", \"type\": \"datetime\", \"unsigned\": false, \"defaultTo\": null, \"notNullable\": false}, {\"args\": [{\"useTz\": false, \"precision\": 6}], \"name\": \"updated_at\", \"type\": \"datetime\", \"unsigned\": false, \"defaultTo\": null, \"notNullable\": false}, {\"args\": [], \"name\": \"created_by_id\", \"type\": \"integer\", \"unsigned\": true, \"defaultTo\": null, \"notNullable\": false}, {\"args\": [], \"name\": \"updated_by_id\", \"type\": \"integer\", \"unsigned\": true, \"defaultTo\": null, \"notNullable\": false}], \"indexes\": [{\"name\": \"upload_files_folder_path_index\", \"type\": null, \"columns\": [\"folder_path\"]}, {\"name\": \"upload_files_created_at_index\", \"type\": null, \"columns\": [\"created_at\"]}, {\"name\": \"upload_files_updated_at_index\", \"type\": null, \"columns\": [\"updated_at\"]}, {\"name\": \"upload_files_name_index\", \"type\": null, \"columns\": [\"name\"]}, {\"name\": \"upload_files_size_index\", \"type\": null, \"columns\": [\"size\"]}, {\"name\": \"upload_files_ext_index\", \"type\": null, \"columns\": [\"ext\"]}, {\"name\": \"files_created_by_id_fk\", \"columns\": [\"created_by_id\"]}, {\"name\": \"files_updated_by_id_fk\", \"columns\": [\"updated_by_id\"]}], \"foreignKeys\": [{\"name\": \"files_created_by_id_fk\", \"columns\": [\"created_by_id\"], \"onDelete\": \"SET NULL\", \"referencedTable\": \"admin_users\", \"referencedColumns\": [\"id\"]}, {\"name\": \"files_updated_by_id_fk\", \"columns\": [\"updated_by_id\"], \"onDelete\": \"SET NULL\", \"referencedTable\": \"admin_users\", \"referencedColumns\": [\"id\"]}]}, {\"name\": \"upload_folders\", \"columns\": [{\"args\": [{\"primary\": true, \"primaryKey\": true}], \"name\": \"id\", \"type\": \"increments\", \"unsigned\": false, \"defaultTo\": null, \"notNullable\": true}, {\"args\": [], \"name\": \"name\", \"type\": \"string\", \"unsigned\": false, \"defaultTo\": null, \"notNullable\": false}, {\"args\": [], \"name\": \"path_id\", \"type\": \"integer\", \"unsigned\": false, \"defaultTo\": null, \"notNullable\": false}, {\"args\": [], \"name\": \"path\", \"type\": \"string\", \"unsigned\": false, \"defaultTo\": null, \"notNullable\": false}, {\"args\": [{\"useTz\": false, \"precision\": 6}], \"name\": \"created_at\", \"type\": \"datetime\", \"unsigned\": false, \"defaultTo\": null, \"notNullable\": false}, {\"args\": [{\"useTz\": false, \"precision\": 6}], \"name\": \"updated_at\", \"type\": \"datetime\", \"unsigned\": false, \"defaultTo\": null, \"notNullable\": false}, {\"args\": [], \"name\": \"created_by_id\", \"type\": \"integer\", \"unsigned\": true, \"defaultTo\": null, \"notNullable\": false}, {\"args\": [], \"name\": \"updated_by_id\", \"type\": \"integer\", \"unsigned\": true, \"defaultTo\": null, \"notNullable\": false}], \"indexes\": [{\"name\": \"upload_folders_path_id_index\", \"type\": \"unique\", \"columns\": [\"path_id\"]}, {\"name\": \"upload_folders_path_index\", \"type\": \"unique\", \"columns\": [\"path\"]}, {\"name\": \"upload_folders_created_by_id_fk\", \"columns\": [\"created_by_id\"]}, {\"name\": \"upload_folders_updated_by_id_fk\", \"columns\": [\"updated_by_id\"]}], \"foreignKeys\": [{\"name\": \"upload_folders_created_by_id_fk\", \"columns\": [\"created_by_id\"], \"onDelete\": \"SET NULL\", \"referencedTable\": \"admin_users\", \"referencedColumns\": [\"id\"]}, {\"name\": \"upload_folders_updated_by_id_fk\", \"columns\": [\"updated_by_id\"], \"onDelete\": \"SET NULL\", \"referencedTable\": \"admin_users\", \"referencedColumns\": [\"id\"]}]}, {\"name\": \"strapi_releases\", \"columns\": [{\"args\": [{\"primary\": true, \"primaryKey\": true}], \"name\": \"id\", \"type\": \"increments\", \"unsigned\": false, \"defaultTo\": null, \"notNullable\": true}, {\"args\": [], \"name\": \"name\", \"type\": \"string\", \"unsigned\": false, \"defaultTo\": null, \"notNullable\": false}, {\"args\": [{\"useTz\": false, \"precision\": 6}], \"name\": \"released_at\", \"type\": \"datetime\", \"unsigned\": false, \"defaultTo\": null, \"notNullable\": false}, {\"args\": [{\"useTz\": false, \"precision\": 6}], \"name\": \"scheduled_at\", \"type\": \"datetime\", \"unsigned\": false, \"defaultTo\": null, \"notNullable\": false}, {\"args\": [], \"name\": \"timezone\", \"type\": \"string\", \"unsigned\": false, \"defaultTo\": null, \"notNullable\": false}, {\"args\": [{\"useTz\": false, \"precision\": 6}], \"name\": \"created_at\", \"type\": \"datetime\", \"unsigned\": false, \"defaultTo\": null, \"notNullable\": false}, {\"args\": [{\"useTz\": false, \"precision\": 6}], \"name\": \"updated_at\", \"type\": \"datetime\", \"unsigned\": false, \"defaultTo\": null, \"notNullable\": false}, {\"args\": [], \"name\": \"created_by_id\", \"type\": \"integer\", \"unsigned\": true, \"defaultTo\": null, \"notNullable\": false}, {\"args\": [], \"name\": \"updated_by_id\", \"type\": \"integer\", \"unsigned\": true, \"defaultTo\": null, \"notNullable\": false}], \"indexes\": [{\"name\": \"strapi_releases_created_by_id_fk\", \"columns\": [\"created_by_id\"]}, {\"name\": \"strapi_releases_updated_by_id_fk\", \"columns\": [\"updated_by_id\"]}], \"foreignKeys\": [{\"name\": \"strapi_releases_created_by_id_fk\", \"columns\": [\"created_by_id\"], \"onDelete\": \"SET NULL\", \"referencedTable\": \"admin_users\", \"referencedColumns\": [\"id\"]}, {\"name\": \"strapi_releases_updated_by_id_fk\", \"columns\": [\"updated_by_id\"], \"onDelete\": \"SET NULL\", \"referencedTable\": \"admin_users\", \"referencedColumns\": [\"id\"]}]}, {\"name\": \"strapi_release_actions\", \"columns\": [{\"args\": [{\"primary\": true, \"primaryKey\": true}], \"name\": \"id\", \"type\": \"increments\", \"unsigned\": false, \"defaultTo\": null, \"notNullable\": true}, {\"args\": [], \"name\": \"type\", \"type\": \"string\", \"unsigned\": false, \"defaultTo\": null, \"notNullable\": false}, {\"args\": [], \"name\": \"target_id\", \"type\": \"integer\", \"unsigned\": true, \"defaultTo\": null, \"notNullable\": false}, {\"args\": [], \"name\": \"target_type\", \"type\": \"string\", \"unsigned\": false, \"defaultTo\": null, \"notNullable\": false}, {\"args\": [], \"name\": \"content_type\", \"type\": \"string\", \"unsigned\": false, \"defaultTo\": null, \"notNullable\": false}, {\"args\": [], \"name\": \"locale\", \"type\": \"string\", \"unsigned\": false, \"defaultTo\": null, \"notNullable\": false}, {\"args\": [{\"useTz\": false, \"precision\": 6}], \"name\": \"created_at\", \"type\": \"datetime\", \"unsigned\": false, \"defaultTo\": null, \"notNullable\": false}, {\"args\": [{\"useTz\": false, \"precision\": 6}], \"name\": \"updated_at\", \"type\": \"datetime\", \"unsigned\": false, \"defaultTo\": null, \"notNullable\": false}, {\"args\": [], \"name\": \"created_by_id\", \"type\": \"integer\", \"unsigned\": true, \"defaultTo\": null, \"notNullable\": false}, {\"args\": [], \"name\": \"updated_by_id\", \"type\": \"integer\", \"unsigned\": true, \"defaultTo\": null, \"notNullable\": false}], \"indexes\": [{\"name\": \"strapi_release_actions_created_by_id_fk\", \"columns\": [\"created_by_id\"]}, {\"name\": \"strapi_release_actions_updated_by_id_fk\", \"columns\": [\"updated_by_id\"]}], \"foreignKeys\": [{\"name\": \"strapi_release_actions_created_by_id_fk\", \"columns\": [\"created_by_id\"], \"onDelete\": \"SET NULL\", \"referencedTable\": \"admin_users\", \"referencedColumns\": [\"id\"]}, {\"name\": \"strapi_release_actions_updated_by_id_fk\", \"columns\": [\"updated_by_id\"], \"onDelete\": \"SET NULL\", \"referencedTable\": \"admin_users\", \"referencedColumns\": [\"id\"]}]}, {\"name\": \"i18n_locale\", \"columns\": [{\"args\": [{\"primary\": true, \"primaryKey\": true}], \"name\": \"id\", \"type\": \"increments\", \"unsigned\": false, \"defaultTo\": null, \"notNullable\": true}, {\"args\": [], \"name\": \"name\", \"type\": \"string\", \"unsigned\": false, \"defaultTo\": null, \"notNullable\": false}, {\"args\": [], \"name\": \"code\", \"type\": \"string\", \"unsigned\": false, \"defaultTo\": null, \"notNullable\": false}, {\"args\": [{\"useTz\": false, \"precision\": 6}], \"name\": \"created_at\", \"type\": \"datetime\", \"unsigned\": false, \"defaultTo\": null, \"notNullable\": false}, {\"args\": [{\"useTz\": false, \"precision\": 6}], \"name\": \"updated_at\", \"type\": \"datetime\", \"unsigned\": false, \"defaultTo\": null, \"notNullable\": false}, {\"args\": [], \"name\": \"created_by_id\", \"type\": \"integer\", \"unsigned\": true, \"defaultTo\": null, \"notNullable\": false}, {\"args\": [], \"name\": \"updated_by_id\", \"type\": \"integer\", \"unsigned\": true, \"defaultTo\": null, \"notNullable\": false}], \"indexes\": [{\"name\": \"i18n_locale_created_by_id_fk\", \"columns\": [\"created_by_id\"]}, {\"name\": \"i18n_locale_updated_by_id_fk\", \"columns\": [\"updated_by_id\"]}], \"foreignKeys\": [{\"name\": \"i18n_locale_created_by_id_fk\", \"columns\": [\"created_by_id\"], \"onDelete\": \"SET NULL\", \"referencedTable\": \"admin_users\", \"referencedColumns\": [\"id\"]}, {\"name\": \"i18n_locale_updated_by_id_fk\", \"columns\": [\"updated_by_id\"], \"onDelete\": \"SET NULL\", \"referencedTable\": \"admin_users\", \"referencedColumns\": [\"id\"]}]}, {\"name\": \"up_permissions\", \"columns\": [{\"args\": [{\"primary\": true, \"primaryKey\": true}], \"name\": \"id\", \"type\": \"increments\", \"unsigned\": false, \"defaultTo\": null, \"notNullable\": true}, {\"args\": [], \"name\": \"action\", \"type\": \"string\", \"unsigned\": false, \"defaultTo\": null, \"notNullable\": false}, {\"args\": [{\"useTz\": false, \"precision\": 6}], \"name\": \"created_at\", \"type\": \"datetime\", \"unsigned\": false, \"defaultTo\": null, \"notNullable\": false}, {\"args\": [{\"useTz\": false, \"precision\": 6}], \"name\": \"updated_at\", \"type\": \"datetime\", \"unsigned\": false, \"defaultTo\": null, \"notNullable\": false}, {\"args\": [], \"name\": \"created_by_id\", \"type\": \"integer\", \"unsigned\": true, \"defaultTo\": null, \"notNullable\": false}, {\"args\": [], \"name\": \"updated_by_id\", \"type\": \"integer\", \"unsigned\": true, \"defaultTo\": null, \"notNullable\": false}], \"indexes\": [{\"name\": \"up_permissions_created_by_id_fk\", \"columns\": [\"created_by_id\"]}, {\"name\": \"up_permissions_updated_by_id_fk\", \"columns\": [\"updated_by_id\"]}], \"foreignKeys\": [{\"name\": \"up_permissions_created_by_id_fk\", \"columns\": [\"created_by_id\"], \"onDelete\": \"SET NULL\", \"referencedTable\": \"admin_users\", \"referencedColumns\": [\"id\"]}, {\"name\": \"up_permissions_updated_by_id_fk\", \"columns\": [\"updated_by_id\"], \"onDelete\": \"SET NULL\", \"referencedTable\": \"admin_users\", \"referencedColumns\": [\"id\"]}]}, {\"name\": \"up_roles\", \"columns\": [{\"args\": [{\"primary\": true, \"primaryKey\": true}], \"name\": \"id\", \"type\": \"increments\", \"unsigned\": false, \"defaultTo\": null, \"notNullable\": true}, {\"args\": [], \"name\": \"name\", \"type\": \"string\", \"unsigned\": false, \"defaultTo\": null, \"notNullable\": false}, {\"args\": [], \"name\": \"description\", \"type\": \"string\", \"unsigned\": false, \"defaultTo\": null, \"notNullable\": false}, {\"args\": [], \"name\": \"type\", \"type\": \"string\", \"unsigned\": false, \"defaultTo\": null, \"notNullable\": false}, {\"args\": [{\"useTz\": false, \"precision\": 6}], \"name\": \"created_at\", \"type\": \"datetime\", \"unsigned\": false, \"defaultTo\": null, \"notNullable\": false}, {\"args\": [{\"useTz\": false, \"precision\": 6}], \"name\": \"updated_at\", \"type\": \"datetime\", \"unsigned\": false, \"defaultTo\": null, \"notNullable\": false}, {\"args\": [], \"name\": \"created_by_id\", \"type\": \"integer\", \"unsigned\": true, \"defaultTo\": null, \"notNullable\": false}, {\"args\": [], \"name\": \"updated_by_id\", \"type\": \"integer\", \"unsigned\": true, \"defaultTo\": null, \"notNullable\": false}], \"indexes\": [{\"name\": \"up_roles_created_by_id_fk\", \"columns\": [\"created_by_id\"]}, {\"name\": \"up_roles_updated_by_id_fk\", \"columns\": [\"updated_by_id\"]}], \"foreignKeys\": [{\"name\": \"up_roles_created_by_id_fk\", \"columns\": [\"created_by_id\"], \"onDelete\": \"SET NULL\", \"referencedTable\": \"admin_users\", \"referencedColumns\": [\"id\"]}, {\"name\": \"up_roles_updated_by_id_fk\", \"columns\": [\"updated_by_id\"], \"onDelete\": \"SET NULL\", \"referencedTable\": \"admin_users\", \"referencedColumns\": [\"id\"]}]}, {\"name\": \"up_users\", \"columns\": [{\"args\": [{\"primary\": true, \"primaryKey\": true}], \"name\": \"id\", \"type\": \"increments\", \"unsigned\": false, \"defaultTo\": null, \"notNullable\": true}, {\"args\": [], \"name\": \"username\", \"type\": \"string\", \"unsigned\": false, \"defaultTo\": null, \"notNullable\": false}, {\"args\": [], \"name\": \"email\", \"type\": \"string\", \"unsigned\": false, \"defaultTo\": null, \"notNullable\": false}, {\"args\": [], \"name\": \"provider\", \"type\": \"string\", \"unsigned\": false, \"defaultTo\": null, \"notNullable\": false}, {\"args\": [], \"name\": \"password\", \"type\": \"string\", \"unsigned\": false, \"defaultTo\": null, \"notNullable\": false}, {\"args\": [], \"name\": \"reset_password_token\", \"type\": \"string\", \"unsigned\": false, \"defaultTo\": null, \"notNullable\": false}, {\"args\": [], \"name\": \"confirmation_token\", \"type\": \"string\", \"unsigned\": false, \"defaultTo\": null, \"notNullable\": false}, {\"args\": [], \"name\": \"confirmed\", \"type\": \"boolean\", \"unsigned\": false, \"defaultTo\": null, \"notNullable\": false}, {\"args\": [], \"name\": \"blocked\", \"type\": \"boolean\", \"unsigned\": false, \"defaultTo\": null, \"notNullable\": false}, {\"args\": [{\"useTz\": false, \"precision\": 6}], \"name\": \"created_at\", \"type\": \"datetime\", \"unsigned\": false, \"defaultTo\": null, \"notNullable\": false}, {\"args\": [{\"useTz\": false, \"precision\": 6}], \"name\": \"updated_at\", \"type\": \"datetime\", \"unsigned\": false, \"defaultTo\": null, \"notNullable\": false}, {\"args\": [], \"name\": \"created_by_id\", \"type\": \"integer\", \"unsigned\": true, \"defaultTo\": null, \"notNullable\": false}, {\"args\": [], \"name\": \"updated_by_id\", \"type\": \"integer\", \"unsigned\": true, \"defaultTo\": null, \"notNullable\": false}], \"indexes\": [{\"name\": \"up_users_created_by_id_fk\", \"columns\": [\"created_by_id\"]}, {\"name\": \"up_users_updated_by_id_fk\", \"columns\": [\"updated_by_id\"]}], \"foreignKeys\": [{\"name\": \"up_users_created_by_id_fk\", \"columns\": [\"created_by_id\"], \"onDelete\": \"SET NULL\", \"referencedTable\": \"admin_users\", \"referencedColumns\": [\"id\"]}, {\"name\": \"up_users_updated_by_id_fk\", \"columns\": [\"updated_by_id\"], \"onDelete\": \"SET NULL\", \"referencedTable\": \"admin_users\", \"referencedColumns\": [\"id\"]}]}, {\"name\": \"abouts\", \"columns\": [{\"args\": [{\"primary\": true, \"primaryKey\": true}], \"name\": \"id\", \"type\": \"increments\", \"unsigned\": false, \"defaultTo\": null, \"notNullable\": true}, {\"args\": [{\"useTz\": false, \"precision\": 6}], \"name\": \"created_at\", \"type\": \"datetime\", \"unsigned\": false, \"defaultTo\": null, \"notNullable\": false}, {\"args\": [{\"useTz\": false, \"precision\": 6}], \"name\": \"updated_at\", \"type\": \"datetime\", \"unsigned\": false, \"defaultTo\": null, \"notNullable\": false}, {\"args\": [{\"useTz\": false, \"precision\": 6}], \"name\": \"published_at\", \"type\": \"datetime\", \"unsigned\": false, \"defaultTo\": null, \"notNullable\": false}, {\"args\": [], \"name\": \"created_by_id\", \"type\": \"integer\", \"unsigned\": true, \"defaultTo\": null, \"notNullable\": false}, {\"args\": [], \"name\": \"updated_by_id\", \"type\": \"integer\", \"unsigned\": true, \"defaultTo\": null, \"notNullable\": false}], \"indexes\": [{\"name\": \"abouts_created_by_id_fk\", \"columns\": [\"created_by_id\"]}, {\"name\": \"abouts_updated_by_id_fk\", \"columns\": [\"updated_by_id\"]}], \"foreignKeys\": [{\"name\": \"abouts_created_by_id_fk\", \"columns\": [\"created_by_id\"], \"onDelete\": \"SET NULL\", \"referencedTable\": \"admin_users\", \"referencedColumns\": [\"id\"]}, {\"name\": \"abouts_updated_by_id_fk\", \"columns\": [\"updated_by_id\"], \"onDelete\": \"SET NULL\", \"referencedTable\": \"admin_users\", \"referencedColumns\": [\"id\"]}]}, {\"name\": \"complaints\", \"columns\": [{\"args\": [{\"primary\": true, \"primaryKey\": true}], \"name\": \"id\", \"type\": \"increments\", \"unsigned\": false, \"defaultTo\": null, \"notNullable\": true}, {\"args\": [], \"name\": \"name\", \"type\": \"string\", \"unsigned\": false, \"defaultTo\": null, \"notNullable\": false}, {\"args\": [], \"name\": \"complaints\", \"type\": \"string\", \"unsigned\": false, \"defaultTo\": null, \"notNullable\": false}, {\"args\": [], \"name\": \"email\", \"type\": \"string\", \"unsigned\": false, \"defaultTo\": null, \"notNullable\": false}, {\"args\": [\"longtext\"], \"name\": \"message\", \"type\": \"text\", \"unsigned\": false, \"defaultTo\": null, \"notNullable\": false}, {\"args\": [], \"name\": \"number\", \"type\": \"string\", \"unsigned\": false, \"defaultTo\": null, \"notNullable\": false}, {\"args\": [{\"useTz\": false, \"precision\": 6}], \"name\": \"created_at\", \"type\": \"datetime\", \"unsigned\": false, \"defaultTo\": null, \"notNullable\": false}, {\"args\": [{\"useTz\": false, \"precision\": 6}], \"name\": \"updated_at\", \"type\": \"datetime\", \"unsigned\": false, \"defaultTo\": null, \"notNullable\": false}, {\"args\": [{\"useTz\": false, \"precision\": 6}], \"name\": \"published_at\", \"type\": \"datetime\", \"unsigned\": false, \"defaultTo\": null, \"notNullable\": false}, {\"args\": [], \"name\": \"created_by_id\", \"type\": \"integer\", \"unsigned\": true, \"defaultTo\": null, \"notNullable\": false}, {\"args\": [], \"name\": \"updated_by_id\", \"type\": \"integer\", \"unsigned\": true, \"defaultTo\": null, \"notNullable\": false}], \"indexes\": [{\"name\": \"complaints_created_by_id_fk\", \"columns\": [\"created_by_id\"]}, {\"name\": \"complaints_updated_by_id_fk\", \"columns\": [\"updated_by_id\"]}], \"foreignKeys\": [{\"name\": \"complaints_created_by_id_fk\", \"columns\": [\"created_by_id\"], \"onDelete\": \"SET NULL\", \"referencedTable\": \"admin_users\", \"referencedColumns\": [\"id\"]}, {\"name\": \"complaints_updated_by_id_fk\", \"columns\": [\"updated_by_id\"], \"onDelete\": \"SET NULL\", \"referencedTable\": \"admin_users\", \"referencedColumns\": [\"id\"]}]}, {\"name\": \"councils\", \"columns\": [{\"args\": [{\"primary\": true, \"primaryKey\": true}], \"name\": \"id\", \"type\": \"increments\", \"unsigned\": false, \"defaultTo\": null, \"notNullable\": true}, {\"args\": [], \"name\": \"title\", \"type\": \"string\", \"unsigned\": false, \"defaultTo\": null, \"notNullable\": false}, {\"args\": [], \"name\": \"title_arabic\", \"type\": \"string\", \"unsigned\": false, \"defaultTo\": null, \"notNullable\": false}, {\"args\": [], \"name\": \"council_title\", \"type\": \"string\", \"unsigned\": false, \"defaultTo\": null, \"notNullable\": false}, {\"args\": [], \"name\": \"council_title_arabic\", \"type\": \"string\", \"unsigned\": false, \"defaultTo\": null, \"notNullable\": false}, {\"args\": [{\"useTz\": false, \"precision\": 6}], \"name\": \"created_at\", \"type\": \"datetime\", \"unsigned\": false, \"defaultTo\": null, \"notNullable\": false}, {\"args\": [{\"useTz\": false, \"precision\": 6}], \"name\": \"updated_at\", \"type\": \"datetime\", \"unsigned\": false, \"defaultTo\": null, \"notNullable\": false}, {\"args\": [{\"useTz\": false, \"precision\": 6}], \"name\": \"published_at\", \"type\": \"datetime\", \"unsigned\": false, \"defaultTo\": null, \"notNullable\": false}, {\"args\": [], \"name\": \"created_by_id\", \"type\": \"integer\", \"unsigned\": true, \"defaultTo\": null, \"notNullable\": false}, {\"args\": [], \"name\": \"updated_by_id\", \"type\": \"integer\", \"unsigned\": true, \"defaultTo\": null, \"notNullable\": false}], \"indexes\": [{\"name\": \"councils_created_by_id_fk\", \"columns\": [\"created_by_id\"]}, {\"name\": \"councils_updated_by_id_fk\", \"columns\": [\"updated_by_id\"]}], \"foreignKeys\": [{\"name\": \"councils_created_by_id_fk\", \"columns\": [\"created_by_id\"], \"onDelete\": \"SET NULL\", \"referencedTable\": \"admin_users\", \"referencedColumns\": [\"id\"]}, {\"name\": \"councils_updated_by_id_fk\", \"columns\": [\"updated_by_id\"], \"onDelete\": \"SET NULL\", \"referencedTable\": \"admin_users\", \"referencedColumns\": [\"id\"]}]}, {\"name\": \"council_members\", \"columns\": [{\"args\": [{\"primary\": true, \"primaryKey\": true}], \"name\": \"id\", \"type\": \"increments\", \"unsigned\": false, \"defaultTo\": null, \"notNullable\": true}, {\"args\": [], \"name\": \"name\", \"type\": \"string\", \"unsigned\": false, \"defaultTo\": null, \"notNullable\": false}, {\"args\": [], \"name\": \"name_arabic\", \"type\": \"string\", \"unsigned\": false, \"defaultTo\": null, \"notNullable\": false}, {\"args\": [], \"name\": \"role\", \"type\": \"string\", \"unsigned\": false, \"defaultTo\": null, \"notNullable\": false}, {\"args\": [], \"name\": \"role_arabic\", \"type\": \"string\", \"unsigned\": false, \"defaultTo\": null, \"notNullable\": false}, {\"args\": [{\"useTz\": false, \"precision\": 6}], \"name\": \"created_at\", \"type\": \"datetime\", \"unsigned\": false, \"defaultTo\": null, \"notNullable\": false}, {\"args\": [{\"useTz\": false, \"precision\": 6}], \"name\": \"updated_at\", \"type\": \"datetime\", \"unsigned\": false, \"defaultTo\": null, \"notNullable\": false}, {\"args\": [{\"useTz\": false, \"precision\": 6}], \"name\": \"published_at\", \"type\": \"datetime\", \"unsigned\": false, \"defaultTo\": null, \"notNullable\": false}, {\"args\": [], \"name\": \"created_by_id\", \"type\": \"integer\", \"unsigned\": true, \"defaultTo\": null, \"notNullable\": false}, {\"args\": [], \"name\": \"updated_by_id\", \"type\": \"integer\", \"unsigned\": true, \"defaultTo\": null, \"notNullable\": false}], \"indexes\": [{\"name\": \"council_members_created_by_id_fk\", \"columns\": [\"created_by_id\"]}, {\"name\": \"council_members_updated_by_id_fk\", \"columns\": [\"updated_by_id\"]}], \"foreignKeys\": [{\"name\": \"council_members_created_by_id_fk\", \"columns\": [\"created_by_id\"], \"onDelete\": \"SET NULL\", \"referencedTable\": \"admin_users\", \"referencedColumns\": [\"id\"]}, {\"name\": \"council_members_updated_by_id_fk\", \"columns\": [\"updated_by_id\"], \"onDelete\": \"SET NULL\", \"referencedTable\": \"admin_users\", \"referencedColumns\": [\"id\"]}]}, {\"name\": \"events\", \"columns\": [{\"args\": [{\"primary\": true, \"primaryKey\": true}], \"name\": \"id\", \"type\": \"increments\", \"unsigned\": false, \"defaultTo\": null, \"notNullable\": true}, {\"args\": [], \"name\": \"event\", \"type\": \"string\", \"unsigned\": false, \"defaultTo\": null, \"notNullable\": false}, {\"args\": [], \"name\": \"event_a\", \"type\": \"string\", \"unsigned\": false, \"defaultTo\": null, \"notNullable\": false}, {\"args\": [\"longtext\"], \"name\": \"desc\", \"type\": \"text\", \"unsigned\": false, \"defaultTo\": null, \"notNullable\": false}, {\"args\": [\"longtext\"], \"name\": \"desc_a\", \"type\": \"text\", \"unsigned\": false, \"defaultTo\": null, \"notNullable\": false}, {\"args\": [{\"useTz\": false, \"precision\": 6}], \"name\": \"start_date_time\", \"type\": \"datetime\", \"unsigned\": false, \"defaultTo\": null, \"notNullable\": false}, {\"args\": [{\"useTz\": false, \"precision\": 6}], \"name\": \"end_date_time\", \"type\": \"datetime\", \"unsigned\": false, \"defaultTo\": null, \"notNullable\": false}, {\"args\": [], \"name\": \"venue\", \"type\": \"string\", \"unsigned\": false, \"defaultTo\": null, \"notNullable\": false}, {\"args\": [], \"name\": \"venue_a\", \"type\": \"string\", \"unsigned\": false, \"defaultTo\": null, \"notNullable\": false}, {\"args\": [\"longtext\"], \"name\": \"venue_map\", \"type\": \"text\", \"unsigned\": false, \"defaultTo\": null, \"notNullable\": false}, {\"args\": [], \"name\": \"category\", \"type\": \"string\", \"unsigned\": false, \"defaultTo\": null, \"notNullable\": false}, {\"args\": [], \"name\": \"category_arabic\", \"type\": \"string\", \"unsigned\": false, \"defaultTo\": null, \"notNullable\": false}, {\"args\": [{\"useTz\": false, \"precision\": 6}], \"name\": \"created_at\", \"type\": \"datetime\", \"unsigned\": false, \"defaultTo\": null, \"notNullable\": false}, {\"args\": [{\"useTz\": false, \"precision\": 6}], \"name\": \"updated_at\", \"type\": \"datetime\", \"unsigned\": false, \"defaultTo\": null, \"notNullable\": false}, {\"args\": [{\"useTz\": false, \"precision\": 6}], \"name\": \"published_at\", \"type\": \"datetime\", \"unsigned\": false, \"defaultTo\": null, \"notNullable\": false}, {\"args\": [], \"name\": \"created_by_id\", \"type\": \"integer\", \"unsigned\": true, \"defaultTo\": null, \"notNullable\": false}, {\"args\": [], \"name\": \"updated_by_id\", \"type\": \"integer\", \"unsigned\": true, \"defaultTo\": null, \"notNullable\": false}], \"indexes\": [{\"name\": \"events_created_by_id_fk\", \"columns\": [\"created_by_id\"]}, {\"name\": \"events_updated_by_id_fk\", \"columns\": [\"updated_by_id\"]}], \"foreignKeys\": [{\"name\": \"events_created_by_id_fk\", \"columns\": [\"created_by_id\"], \"onDelete\": \"SET NULL\", \"referencedTable\": \"admin_users\", \"referencedColumns\": [\"id\"]}, {\"name\": \"events_updated_by_id_fk\", \"columns\": [\"updated_by_id\"], \"onDelete\": \"SET NULL\", \"referencedTable\": \"admin_users\", \"referencedColumns\": [\"id\"]}]}, {\"name\": \"feedbacks\", \"columns\": [{\"args\": [{\"primary\": true, \"primaryKey\": true}], \"name\": \"id\", \"type\": \"increments\", \"unsigned\": false, \"defaultTo\": null, \"notNullable\": true}, {\"args\": [], \"name\": \"name\", \"type\": \"string\", \"unsigned\": false, \"defaultTo\": null, \"notNullable\": false}, {\"args\": [], \"name\": \"email\", \"type\": \"string\", \"unsigned\": false, \"defaultTo\": null, \"notNullable\": false}, {\"args\": [], \"name\": \"feedback\", \"type\": \"string\", \"unsigned\": false, \"defaultTo\": null, \"notNullable\": false}, {\"args\": [\"longtext\"], \"name\": \"message\", \"type\": \"text\", \"unsigned\": false, \"defaultTo\": null, \"notNullable\": false}, {\"args\": [], \"name\": \"number\", \"type\": \"string\", \"unsigned\": false, \"defaultTo\": null, \"notNullable\": false}, {\"args\": [{\"useTz\": false, \"precision\": 6}], \"name\": \"created_at\", \"type\": \"datetime\", \"unsigned\": false, \"defaultTo\": null, \"notNullable\": false}, {\"args\": [{\"useTz\": false, \"precision\": 6}], \"name\": \"updated_at\", \"type\": \"datetime\", \"unsigned\": false, \"defaultTo\": null, \"notNullable\": false}, {\"args\": [{\"useTz\": false, \"precision\": 6}], \"name\": \"published_at\", \"type\": \"datetime\", \"unsigned\": false, \"defaultTo\": null, \"notNullable\": false}, {\"args\": [], \"name\": \"created_by_id\", \"type\": \"integer\", \"unsigned\": true, \"defaultTo\": null, \"notNullable\": false}, {\"args\": [], \"name\": \"updated_by_id\", \"type\": \"integer\", \"unsigned\": true, \"defaultTo\": null, \"notNullable\": false}], \"indexes\": [{\"name\": \"feedbacks_created_by_id_fk\", \"columns\": [\"created_by_id\"]}, {\"name\": \"feedbacks_updated_by_id_fk\", \"columns\": [\"updated_by_id\"]}], \"foreignKeys\": [{\"name\": \"feedbacks_created_by_id_fk\", \"columns\": [\"created_by_id\"], \"onDelete\": \"SET NULL\", \"referencedTable\": \"admin_users\", \"referencedColumns\": [\"id\"]}, {\"name\": \"feedbacks_updated_by_id_fk\", \"columns\": [\"updated_by_id\"], \"onDelete\": \"SET NULL\", \"referencedTable\": \"admin_users\", \"referencedColumns\": [\"id\"]}]}, {\"name\": \"happy_meters\", \"columns\": [{\"args\": [{\"primary\": true, \"primaryKey\": true}], \"name\": \"id\", \"type\": \"increments\", \"unsigned\": false, \"defaultTo\": null, \"notNullable\": true}, {\"args\": [], \"name\": \"type\", \"type\": \"string\", \"unsigned\": false, \"defaultTo\": null, \"notNullable\": false}, {\"args\": [\"longtext\"], \"name\": \"message\", \"type\": \"text\", \"unsigned\": false, \"defaultTo\": null, \"notNullable\": false}, {\"args\": [{\"useTz\": false, \"precision\": 6}], \"name\": \"created_at\", \"type\": \"datetime\", \"unsigned\": false, \"defaultTo\": null, \"notNullable\": false}, {\"args\": [{\"useTz\": false, \"precision\": 6}], \"name\": \"updated_at\", \"type\": \"datetime\", \"unsigned\": false, \"defaultTo\": null, \"notNullable\": false}, {\"args\": [{\"useTz\": false, \"precision\": 6}], \"name\": \"published_at\", \"type\": \"datetime\", \"unsigned\": false, \"defaultTo\": null, \"notNullable\": false}, {\"args\": [], \"name\": \"created_by_id\", \"type\": \"integer\", \"unsigned\": true, \"defaultTo\": null, \"notNullable\": false}, {\"args\": [], \"name\": \"updated_by_id\", \"type\": \"integer\", \"unsigned\": true, \"defaultTo\": null, \"notNullable\": false}], \"indexes\": [{\"name\": \"happy_meters_created_by_id_fk\", \"columns\": [\"created_by_id\"]}, {\"name\": \"happy_meters_updated_by_id_fk\", \"columns\": [\"updated_by_id\"]}], \"foreignKeys\": [{\"name\": \"happy_meters_created_by_id_fk\", \"columns\": [\"created_by_id\"], \"onDelete\": \"SET NULL\", \"referencedTable\": \"admin_users\", \"referencedColumns\": [\"id\"]}, {\"name\": \"happy_meters_updated_by_id_fk\", \"columns\": [\"updated_by_id\"], \"onDelete\": \"SET NULL\", \"referencedTable\": \"admin_users\", \"referencedColumns\": [\"id\"]}]}, {\"name\": \"holidays\", \"columns\": [{\"args\": [{\"primary\": true, \"primaryKey\": true}], \"name\": \"id\", \"type\": \"increments\", \"unsigned\": false, \"defaultTo\": null, \"notNullable\": true}, {\"args\": [], \"name\": \"date\", \"type\": \"date\", \"unsigned\": false, \"defaultTo\": null, \"notNullable\": false}, {\"args\": [], \"name\": \"event_name\", \"type\": \"string\", \"unsigned\": false, \"defaultTo\": null, \"notNullable\": false}, {\"args\": [], \"name\": \"event_name_arabic\", \"type\": \"string\", \"unsigned\": false, \"defaultTo\": null, \"notNullable\": false}, {\"args\": [\"longtext\"], \"name\": \"about_event\", \"type\": \"text\", \"unsigned\": false, \"defaultTo\": null, \"notNullable\": false}, {\"args\": [\"longtext\"], \"name\": \"about_event_arabic\", \"type\": \"text\", \"unsigned\": false, \"defaultTo\": null, \"notNullable\": false}, {\"args\": [{\"useTz\": false, \"precision\": 6}], \"name\": \"created_at\", \"type\": \"datetime\", \"unsigned\": false, \"defaultTo\": null, \"notNullable\": false}, {\"args\": [{\"useTz\": false, \"precision\": 6}], \"name\": \"updated_at\", \"type\": \"datetime\", \"unsigned\": false, \"defaultTo\": null, \"notNullable\": false}, {\"args\": [{\"useTz\": false, \"precision\": 6}], \"name\": \"published_at\", \"type\": \"datetime\", \"unsigned\": false, \"defaultTo\": null, \"notNullable\": false}, {\"args\": [], \"name\": \"created_by_id\", \"type\": \"integer\", \"unsigned\": true, \"defaultTo\": null, \"notNullable\": false}, {\"args\": [], \"name\": \"updated_by_id\", \"type\": \"integer\", \"unsigned\": true, \"defaultTo\": null, \"notNullable\": false}], \"indexes\": [{\"name\": \"holidays_created_by_id_fk\", \"columns\": [\"created_by_id\"]}, {\"name\": \"holidays_updated_by_id_fk\", \"columns\": [\"updated_by_id\"]}], \"foreignKeys\": [{\"name\": \"holidays_created_by_id_fk\", \"columns\": [\"created_by_id\"], \"onDelete\": \"SET NULL\", \"referencedTable\": \"admin_users\", \"referencedColumns\": [\"id\"]}, {\"name\": \"holidays_updated_by_id_fk\", \"columns\": [\"updated_by_id\"], \"onDelete\": \"SET NULL\", \"referencedTable\": \"admin_users\", \"referencedColumns\": [\"id\"]}]}, {\"name\": \"homes\", \"columns\": [{\"args\": [{\"primary\": true, \"primaryKey\": true}], \"name\": \"id\", \"type\": \"increments\", \"unsigned\": false, \"defaultTo\": null, \"notNullable\": true}, {\"args\": [{\"useTz\": false, \"precision\": 6}], \"name\": \"created_at\", \"type\": \"datetime\", \"unsigned\": false, \"defaultTo\": null, \"notNullable\": false}, {\"args\": [{\"useTz\": false, \"precision\": 6}], \"name\": \"updated_at\", \"type\": \"datetime\", \"unsigned\": false, \"defaultTo\": null, \"notNullable\": false}, {\"args\": [{\"useTz\": false, \"precision\": 6}], \"name\": \"published_at\", \"type\": \"datetime\", \"unsigned\": false, \"defaultTo\": null, \"notNullable\": false}, {\"args\": [], \"name\": \"created_by_id\", \"type\": \"integer\", \"unsigned\": true, \"defaultTo\": null, \"notNullable\": false}, {\"args\": [], \"name\": \"updated_by_id\", \"type\": \"integer\", \"unsigned\": true, \"defaultTo\": null, \"notNullable\": false}], \"indexes\": [{\"name\": \"homes_created_by_id_fk\", \"columns\": [\"created_by_id\"]}, {\"name\": \"homes_updated_by_id_fk\", \"columns\": [\"updated_by_id\"]}], \"foreignKeys\": [{\"name\": \"homes_created_by_id_fk\", \"columns\": [\"created_by_id\"], \"onDelete\": \"SET NULL\", \"referencedTable\": \"admin_users\", \"referencedColumns\": [\"id\"]}, {\"name\": \"homes_updated_by_id_fk\", \"columns\": [\"updated_by_id\"], \"onDelete\": \"SET NULL\", \"referencedTable\": \"admin_users\", \"referencedColumns\": [\"id\"]}]}, {\"name\": \"municipalities\", \"columns\": [{\"args\": [{\"primary\": true, \"primaryKey\": true}], \"name\": \"id\", \"type\": \"increments\", \"unsigned\": false, \"defaultTo\": null, \"notNullable\": true}, {\"args\": [\"longtext\"], \"name\": \"add_content\", \"type\": \"text\", \"unsigned\": false, \"defaultTo\": null, \"notNullable\": false}, {\"args\": [], \"name\": \"title\", \"type\": \"string\", \"unsigned\": false, \"defaultTo\": null, \"notNullable\": false}, {\"args\": [], \"name\": \"title_arabic\", \"type\": \"string\", \"unsigned\": false, \"defaultTo\": null, \"notNullable\": false}, {\"args\": [], \"name\": \"sname\", \"type\": \"string\", \"unsigned\": false, \"defaultTo\": null, \"notNullable\": false}, {\"args\": [], \"name\": \"website\", \"type\": \"string\", \"unsigned\": false, \"defaultTo\": null, \"notNullable\": false}, {\"args\": [], \"name\": \"number\", \"type\": \"string\", \"unsigned\": false, \"defaultTo\": null, \"notNullable\": false}, {\"args\": [\"longtext\"], \"name\": \"map\", \"type\": \"text\", \"unsigned\": false, \"defaultTo\": null, \"notNullable\": false}, {\"args\": [], \"name\": \"facebook\", \"type\": \"string\", \"unsigned\": false, \"defaultTo\": null, \"notNullable\": false}, {\"args\": [], \"name\": \"instagram\", \"type\": \"string\", \"unsigned\": false, \"defaultTo\": null, \"notNullable\": false}, {\"args\": [], \"name\": \"twitter\", \"type\": \"string\", \"unsigned\": false, \"defaultTo\": null, \"notNullable\": false}, {\"args\": [], \"name\": \"you_tube\", \"type\": \"string\", \"unsigned\": false, \"defaultTo\": null, \"notNullable\": false}, {\"args\": [\"longtext\"], \"name\": \"add_content_arabic\", \"type\": \"text\", \"unsigned\": false, \"defaultTo\": null, \"notNullable\": false}, {\"args\": [\"longtext\"], \"name\": \"about_municipality\", \"type\": \"text\", \"unsigned\": false, \"defaultTo\": null, \"notNullable\": false}, {\"args\": [\"longtext\"], \"name\": \"about_municipality_arabic\", \"type\": \"text\", \"unsigned\": false, \"defaultTo\": null, \"notNullable\": false}, {\"args\": [\"longtext\"], \"name\": \"check\", \"type\": \"text\", \"unsigned\": false, \"defaultTo\": null, \"notNullable\": false}, {\"args\": [{\"useTz\": false, \"precision\": 6}], \"name\": \"created_at\", \"type\": \"datetime\", \"unsigned\": false, \"defaultTo\": null, \"notNullable\": false}, {\"args\": [{\"useTz\": false, \"precision\": 6}], \"name\": \"updated_at\", \"type\": \"datetime\", \"unsigned\": false, \"defaultTo\": null, \"notNullable\": false}, {\"args\": [{\"useTz\": false, \"precision\": 6}], \"name\": \"published_at\", \"type\": \"datetime\", \"unsigned\": false, \"defaultTo\": null, \"notNullable\": false}, {\"args\": [], \"name\": \"created_by_id\", \"type\": \"integer\", \"unsigned\": true, \"defaultTo\": null, \"notNullable\": false}, {\"args\": [], \"name\": \"updated_by_id\", \"type\": \"integer\", \"unsigned\": true, \"defaultTo\": null, \"notNullable\": false}], \"indexes\": [{\"name\": \"municipalities_created_by_id_fk\", \"columns\": [\"created_by_id\"]}, {\"name\": \"municipalities_updated_by_id_fk\", \"columns\": [\"updated_by_id\"]}], \"foreignKeys\": [{\"name\": \"municipalities_created_by_id_fk\", \"columns\": [\"created_by_id\"], \"onDelete\": \"SET NULL\", \"referencedTable\": \"admin_users\", \"referencedColumns\": [\"id\"]}, {\"name\": \"municipalities_updated_by_id_fk\", \"columns\": [\"updated_by_id\"], \"onDelete\": \"SET NULL\", \"referencedTable\": \"admin_users\", \"referencedColumns\": [\"id\"]}]}, {\"name\": \"news\", \"columns\": [{\"args\": [{\"primary\": true, \"primaryKey\": true}], \"name\": \"id\", \"type\": \"increments\", \"unsigned\": false, \"defaultTo\": null, \"notNullable\": true}, {\"args\": [], \"name\": \"title\", \"type\": \"string\", \"unsigned\": false, \"defaultTo\": null, \"notNullable\": false}, {\"args\": [], \"name\": \"title_a\", \"type\": \"string\", \"unsigned\": false, \"defaultTo\": null, \"notNullable\": false}, {\"args\": [\"longtext\"], \"name\": \"content\", \"type\": \"text\", \"unsigned\": false, \"defaultTo\": null, \"notNullable\": false}, {\"args\": [\"longtext\"], \"name\": \"content_a\", \"type\": \"text\", \"unsigned\": false, \"defaultTo\": null, \"notNullable\": false}, {\"args\": [], \"name\": \"date\", \"type\": \"date\", \"unsigned\": false, \"defaultTo\": null, \"notNullable\": false}, {\"args\": [], \"name\": \"author\", \"type\": \"string\", \"unsigned\": false, \"defaultTo\": null, \"notNullable\": false}, {\"args\": [], \"name\": \"author_a\", \"type\": \"string\", \"unsigned\": false, \"defaultTo\": null, \"notNullable\": false}, {\"args\": [\"longtext\"], \"name\": \"desc\", \"type\": \"text\", \"unsigned\": false, \"defaultTo\": null, \"notNullable\": false}, {\"args\": [\"longtext\"], \"name\": \"desc_a\", \"type\": \"text\", \"unsigned\": false, \"defaultTo\": null, \"notNullable\": false}, {\"args\": [], \"name\": \"desnew\", \"type\": \"jsonb\", \"unsigned\": false, \"defaultTo\": null, \"notNullable\": false}, {\"args\": [{\"useTz\": false, \"precision\": 6}], \"name\": \"created_at\", \"type\": \"datetime\", \"unsigned\": false, \"defaultTo\": null, \"notNullable\": false}, {\"args\": [{\"useTz\": false, \"precision\": 6}], \"name\": \"updated_at\", \"type\": \"datetime\", \"unsigned\": false, \"defaultTo\": null, \"notNullable\": false}, {\"args\": [{\"useTz\": false, \"precision\": 6}], \"name\": \"published_at\", \"type\": \"datetime\", \"unsigned\": false, \"defaultTo\": null, \"notNullable\": false}, {\"args\": [], \"name\": \"created_by_id\", \"type\": \"integer\", \"unsigned\": true, \"defaultTo\": null, \"notNullable\": false}, {\"args\": [], \"name\": \"updated_by_id\", \"type\": \"integer\", \"unsigned\": true, \"defaultTo\": null, \"notNullable\": false}], \"indexes\": [{\"name\": \"news_created_by_id_fk\", \"columns\": [\"created_by_id\"]}, {\"name\": \"news_updated_by_id_fk\", \"columns\": [\"updated_by_id\"]}], \"foreignKeys\": [{\"name\": \"news_created_by_id_fk\", \"columns\": [\"created_by_id\"], \"onDelete\": \"SET NULL\", \"referencedTable\": \"admin_users\", \"referencedColumns\": [\"id\"]}, {\"name\": \"news_updated_by_id_fk\", \"columns\": [\"updated_by_id\"], \"onDelete\": \"SET NULL\", \"referencedTable\": \"admin_users\", \"referencedColumns\": [\"id\"]}]}, {\"name\": \"queries\", \"columns\": [{\"args\": [{\"primary\": true, \"primaryKey\": true}], \"name\": \"id\", \"type\": \"increments\", \"unsigned\": false, \"defaultTo\": null, \"notNullable\": true}, {\"args\": [], \"name\": \"name\", \"type\": \"string\", \"unsigned\": false, \"defaultTo\": null, \"notNullable\": false}, {\"args\": [], \"name\": \"email\", \"type\": \"string\", \"unsigned\": false, \"defaultTo\": null, \"notNullable\": false}, {\"args\": [], \"name\": \"phone\", \"type\": \"string\", \"unsigned\": false, \"defaultTo\": null, \"notNullable\": false}, {\"args\": [], \"name\": \"subject\", \"type\": \"string\", \"unsigned\": false, \"defaultTo\": null, \"notNullable\": false}, {\"args\": [\"longtext\"], \"name\": \"message\", \"type\": \"text\", \"unsigned\": false, \"defaultTo\": null, \"notNullable\": false}, {\"args\": [{\"useTz\": false, \"precision\": 6}], \"name\": \"created_at\", \"type\": \"datetime\", \"unsigned\": false, \"defaultTo\": null, \"notNullable\": false}, {\"args\": [{\"useTz\": false, \"precision\": 6}], \"name\": \"updated_at\", \"type\": \"datetime\", \"unsigned\": false, \"defaultTo\": null, \"notNullable\": false}, {\"args\": [{\"useTz\": false, \"precision\": 6}], \"name\": \"published_at\", \"type\": \"datetime\", \"unsigned\": false, \"defaultTo\": null, \"notNullable\": false}, {\"args\": [], \"name\": \"created_by_id\", \"type\": \"integer\", \"unsigned\": true, \"defaultTo\": null, \"notNullable\": false}, {\"args\": [], \"name\": \"updated_by_id\", \"type\": \"integer\", \"unsigned\": true, \"defaultTo\": null, \"notNullable\": false}], \"indexes\": [{\"name\": \"queries_created_by_id_fk\", \"columns\": [\"created_by_id\"]}, {\"name\": \"queries_updated_by_id_fk\", \"columns\": [\"updated_by_id\"]}], \"foreignKeys\": [{\"name\": \"queries_created_by_id_fk\", \"columns\": [\"created_by_id\"], \"onDelete\": \"SET NULL\", \"referencedTable\": \"admin_users\", \"referencedColumns\": [\"id\"]}, {\"name\": \"queries_updated_by_id_fk\", \"columns\": [\"updated_by_id\"], \"onDelete\": \"SET NULL\", \"referencedTable\": \"admin_users\", \"referencedColumns\": [\"id\"]}]}, {\"name\": \"components_dsfadf_sdffs\", \"columns\": [{\"args\": [{\"primary\": true, \"primaryKey\": true}], \"name\": \"id\", \"type\": \"increments\", \"unsigned\": false, \"defaultTo\": null, \"notNullable\": true}, {\"args\": [], \"name\": \"name\", \"type\": \"string\", \"unsigned\": false, \"defaultTo\": null, \"notNullable\": false}, {\"args\": [], \"name\": \"sdaf\", \"type\": \"date\", \"unsigned\": false, \"defaultTo\": null, \"notNullable\": false}], \"indexes\": [], \"foreignKeys\": []}, {\"name\": \"admin_permissions_role_links\", \"columns\": [{\"args\": [{\"primary\": true, \"primaryKey\": true}], \"name\": \"id\", \"type\": \"increments\", \"unsigned\": false, \"defaultTo\": null, \"notNullable\": true}, {\"args\": [], \"name\": \"permission_id\", \"type\": \"integer\", \"unsigned\": true, \"defaultTo\": null, \"notNullable\": false}, {\"args\": [], \"name\": \"role_id\", \"type\": \"integer\", \"unsigned\": true, \"defaultTo\": null, \"notNullable\": false}, {\"args\": [], \"name\": \"permission_order\", \"type\": \"double\", \"unsigned\": true, \"defaultTo\": null, \"notNullable\": false}], \"indexes\": [{\"name\": \"admin_permissions_role_links_fk\", \"columns\": [\"permission_id\"]}, {\"name\": \"admin_permissions_role_links_inv_fk\", \"columns\": [\"role_id\"]}, {\"name\": \"admin_permissions_role_links_unique\", \"type\": \"unique\", \"columns\": [\"permission_id\", \"role_id\"]}, {\"name\": \"admin_permissions_role_links_order_inv_fk\", \"columns\": [\"permission_order\"]}], \"foreignKeys\": [{\"name\": \"admin_permissions_role_links_fk\", \"columns\": [\"permission_id\"], \"onDelete\": \"CASCADE\", \"referencedTable\": \"admin_permissions\", \"referencedColumns\": [\"id\"]}, {\"name\": \"admin_permissions_role_links_inv_fk\", \"columns\": [\"role_id\"], \"onDelete\": \"CASCADE\", \"referencedTable\": \"admin_roles\", \"referencedColumns\": [\"id\"]}]}, {\"name\": \"admin_users_roles_links\", \"columns\": [{\"args\": [{\"primary\": true, \"primaryKey\": true}], \"name\": \"id\", \"type\": \"increments\", \"unsigned\": false, \"defaultTo\": null, \"notNullable\": true}, {\"args\": [], \"name\": \"user_id\", \"type\": \"integer\", \"unsigned\": true, \"defaultTo\": null, \"notNullable\": false}, {\"args\": [], \"name\": \"role_id\", \"type\": \"integer\", \"unsigned\": true, \"defaultTo\": null, \"notNullable\": false}, {\"args\": [], \"name\": \"role_order\", \"type\": \"double\", \"unsigned\": true, \"defaultTo\": null, \"notNullable\": false}, {\"args\": [], \"name\": \"user_order\", \"type\": \"double\", \"unsigned\": true, \"defaultTo\": null, \"notNullable\": false}], \"indexes\": [{\"name\": \"admin_users_roles_links_fk\", \"columns\": [\"user_id\"]}, {\"name\": \"admin_users_roles_links_inv_fk\", \"columns\": [\"role_id\"]}, {\"name\": \"admin_users_roles_links_unique\", \"type\": \"unique\", \"columns\": [\"user_id\", \"role_id\"]}, {\"name\": \"admin_users_roles_links_order_fk\", \"columns\": [\"role_order\"]}, {\"name\": \"admin_users_roles_links_order_inv_fk\", \"columns\": [\"user_order\"]}], \"foreignKeys\": [{\"name\": \"admin_users_roles_links_fk\", \"columns\": [\"user_id\"], \"onDelete\": \"CASCADE\", \"referencedTable\": \"admin_users\", \"referencedColumns\": [\"id\"]}, {\"name\": \"admin_users_roles_links_inv_fk\", \"columns\": [\"role_id\"], \"onDelete\": \"CASCADE\", \"referencedTable\": \"admin_roles\", \"referencedColumns\": [\"id\"]}]}, {\"name\": \"strapi_api_token_permissions_token_links\", \"columns\": [{\"args\": [{\"primary\": true, \"primaryKey\": true}], \"name\": \"id\", \"type\": \"increments\", \"unsigned\": false, \"defaultTo\": null, \"notNullable\": true}, {\"args\": [], \"name\": \"api_token_permission_id\", \"type\": \"integer\", \"unsigned\": true, \"defaultTo\": null, \"notNullable\": false}, {\"args\": [], \"name\": \"api_token_id\", \"type\": \"integer\", \"unsigned\": true, \"defaultTo\": null, \"notNullable\": false}, {\"args\": [], \"name\": \"api_token_permission_order\", \"type\": \"double\", \"unsigned\": true, \"defaultTo\": null, \"notNullable\": false}], \"indexes\": [{\"name\": \"strapi_api_token_permissions_token_links_fk\", \"columns\": [\"api_token_permission_id\"]}, {\"name\": \"strapi_api_token_permissions_token_links_inv_fk\", \"columns\": [\"api_token_id\"]}, {\"name\": \"strapi_api_token_permissions_token_links_unique\", \"type\": \"unique\", \"columns\": [\"api_token_permission_id\", \"api_token_id\"]}, {\"name\": \"strapi_api_token_permissions_token_links_order_inv_fk\", \"columns\": [\"api_token_permission_order\"]}], \"foreignKeys\": [{\"name\": \"strapi_api_token_permissions_token_links_fk\", \"columns\": [\"api_token_permission_id\"], \"onDelete\": \"CASCADE\", \"referencedTable\": \"strapi_api_token_permissions\", \"referencedColumns\": [\"id\"]}, {\"name\": \"strapi_api_token_permissions_token_links_inv_fk\", \"columns\": [\"api_token_id\"], \"onDelete\": \"CASCADE\", \"referencedTable\": \"strapi_api_tokens\", \"referencedColumns\": [\"id\"]}]}, {\"name\": \"strapi_transfer_token_permissions_token_links\", \"columns\": [{\"args\": [{\"primary\": true, \"primaryKey\": true}], \"name\": \"id\", \"type\": \"increments\", \"unsigned\": false, \"defaultTo\": null, \"notNullable\": true}, {\"args\": [], \"name\": \"transfer_token_permission_id\", \"type\": \"integer\", \"unsigned\": true, \"defaultTo\": null, \"notNullable\": false}, {\"args\": [], \"name\": \"transfer_token_id\", \"type\": \"integer\", \"unsigned\": true, \"defaultTo\": null, \"notNullable\": false}, {\"args\": [], \"name\": \"transfer_token_permission_order\", \"type\": \"double\", \"unsigned\": true, \"defaultTo\": null, \"notNullable\": false}], \"indexes\": [{\"name\": \"strapi_transfer_token_permissions_token_links_fk\", \"columns\": [\"transfer_token_permission_id\"]}, {\"name\": \"strapi_transfer_token_permissions_token_links_inv_fk\", \"columns\": [\"transfer_token_id\"]}, {\"name\": \"strapi_transfer_token_permissions_token_links_unique\", \"type\": \"unique\", \"columns\": [\"transfer_token_permission_id\", \"transfer_token_id\"]}, {\"name\": \"strapi_transfer_token_permissions_token_links_order_inv_fk\", \"columns\": [\"transfer_token_permission_order\"]}], \"foreignKeys\": [{\"name\": \"strapi_transfer_token_permissions_token_links_fk\", \"columns\": [\"transfer_token_permission_id\"], \"onDelete\": \"CASCADE\", \"referencedTable\": \"strapi_transfer_token_permissions\", \"referencedColumns\": [\"id\"]}, {\"name\": \"strapi_transfer_token_permissions_token_links_inv_fk\", \"columns\": [\"transfer_token_id\"], \"onDelete\": \"CASCADE\", \"referencedTable\": \"strapi_transfer_tokens\", \"referencedColumns\": [\"id\"]}]}, {\"name\": \"files_related_morphs\", \"columns\": [{\"args\": [{\"primary\": true, \"primaryKey\": true}], \"name\": \"id\", \"type\": \"increments\", \"unsigned\": false, \"defaultTo\": null, \"notNullable\": true}, {\"args\": [], \"name\": \"file_id\", \"type\": \"integer\", \"unsigned\": true, \"defaultTo\": null, \"notNullable\": false}, {\"args\": [], \"name\": \"related_id\", \"type\": \"integer\", \"unsigned\": true, \"defaultTo\": null, \"notNullable\": false}, {\"args\": [], \"name\": \"related_type\", \"type\": \"string\", \"unsigned\": false, \"defaultTo\": null, \"notNullable\": false}, {\"args\": [], \"name\": \"field\", \"type\": \"string\", \"unsigned\": false, \"defaultTo\": null, \"notNullable\": false}, {\"args\": [], \"name\": \"order\", \"type\": \"double\", \"unsigned\": true, \"defaultTo\": null, \"notNullable\": false}], \"indexes\": [{\"name\": \"files_related_morphs_fk\", \"columns\": [\"file_id\"]}, {\"name\": \"files_related_morphs_order_index\", \"columns\": [\"order\"]}, {\"name\": \"files_related_morphs_id_column_index\", \"columns\": [\"related_id\"]}], \"foreignKeys\": [{\"name\": \"files_related_morphs_fk\", \"columns\": [\"file_id\"], \"onDelete\": \"CASCADE\", \"referencedTable\": \"files\", \"referencedColumns\": [\"id\"]}]}, {\"name\": \"files_folder_links\", \"columns\": [{\"args\": [{\"primary\": true, \"primaryKey\": true}], \"name\": \"id\", \"type\": \"increments\", \"unsigned\": false, \"defaultTo\": null, \"notNullable\": true}, {\"args\": [], \"name\": \"file_id\", \"type\": \"integer\", \"unsigned\": true, \"defaultTo\": null, \"notNullable\": false}, {\"args\": [], \"name\": \"folder_id\", \"type\": \"integer\", \"unsigned\": true, \"defaultTo\": null, \"notNullable\": false}, {\"args\": [], \"name\": \"file_order\", \"type\": \"double\", \"unsigned\": true, \"defaultTo\": null, \"notNullable\": false}], \"indexes\": [{\"name\": \"files_folder_links_fk\", \"columns\": [\"file_id\"]}, {\"name\": \"files_folder_links_inv_fk\", \"columns\": [\"folder_id\"]}, {\"name\": \"files_folder_links_unique\", \"type\": \"unique\", \"columns\": [\"file_id\", \"folder_id\"]}, {\"name\": \"files_folder_links_order_inv_fk\", \"columns\": [\"file_order\"]}], \"foreignKeys\": [{\"name\": \"files_folder_links_fk\", \"columns\": [\"file_id\"], \"onDelete\": \"CASCADE\", \"referencedTable\": \"files\", \"referencedColumns\": [\"id\"]}, {\"name\": \"files_folder_links_inv_fk\", \"columns\": [\"folder_id\"], \"onDelete\": \"CASCADE\", \"referencedTable\": \"upload_folders\", \"referencedColumns\": [\"id\"]}]}, {\"name\": \"upload_folders_parent_links\", \"columns\": [{\"args\": [{\"primary\": true, \"primaryKey\": true}], \"name\": \"id\", \"type\": \"increments\", \"unsigned\": false, \"defaultTo\": null, \"notNullable\": true}, {\"args\": [], \"name\": \"folder_id\", \"type\": \"integer\", \"unsigned\": true, \"defaultTo\": null, \"notNullable\": false}, {\"args\": [], \"name\": \"inv_folder_id\", \"type\": \"integer\", \"unsigned\": true, \"defaultTo\": null, \"notNullable\": false}, {\"args\": [], \"name\": \"folder_order\", \"type\": \"double\", \"unsigned\": true, \"defaultTo\": null, \"notNullable\": false}], \"indexes\": [{\"name\": \"upload_folders_parent_links_fk\", \"columns\": [\"folder_id\"]}, {\"name\": \"upload_folders_parent_links_inv_fk\", \"columns\": [\"inv_folder_id\"]}, {\"name\": \"upload_folders_parent_links_unique\", \"type\": \"unique\", \"columns\": [\"folder_id\", \"inv_folder_id\"]}, {\"name\": \"upload_folders_parent_links_order_inv_fk\", \"columns\": [\"folder_order\"]}], \"foreignKeys\": [{\"name\": \"upload_folders_parent_links_fk\", \"columns\": [\"folder_id\"], \"onDelete\": \"CASCADE\", \"referencedTable\": \"upload_folders\", \"referencedColumns\": [\"id\"]}, {\"name\": \"upload_folders_parent_links_inv_fk\", \"columns\": [\"inv_folder_id\"], \"onDelete\": \"CASCADE\", \"referencedTable\": \"upload_folders\", \"referencedColumns\": [\"id\"]}]}, {\"name\": \"strapi_release_actions_release_links\", \"columns\": [{\"args\": [{\"primary\": true, \"primaryKey\": true}], \"name\": \"id\", \"type\": \"increments\", \"unsigned\": false, \"defaultTo\": null, \"notNullable\": true}, {\"args\": [], \"name\": \"release_action_id\", \"type\": \"integer\", \"unsigned\": true, \"defaultTo\": null, \"notNullable\": false}, {\"args\": [], \"name\": \"release_id\", \"type\": \"integer\", \"unsigned\": true, \"defaultTo\": null, \"notNullable\": false}, {\"args\": [], \"name\": \"release_action_order\", \"type\": \"double\", \"unsigned\": true, \"defaultTo\": null, \"notNullable\": false}], \"indexes\": [{\"name\": \"strapi_release_actions_release_links_fk\", \"columns\": [\"release_action_id\"]}, {\"name\": \"strapi_release_actions_release_links_inv_fk\", \"columns\": [\"release_id\"]}, {\"name\": \"strapi_release_actions_release_links_unique\", \"type\": \"unique\", \"columns\": [\"release_action_id\", \"release_id\"]}, {\"name\": \"strapi_release_actions_release_links_order_inv_fk\", \"columns\": [\"release_action_order\"]}], \"foreignKeys\": [{\"name\": \"strapi_release_actions_release_links_fk\", \"columns\": [\"release_action_id\"], \"onDelete\": \"CASCADE\", \"referencedTable\": \"strapi_release_actions\", \"referencedColumns\": [\"id\"]}, {\"name\": \"strapi_release_actions_release_links_inv_fk\", \"columns\": [\"release_id\"], \"onDelete\": \"CASCADE\", \"referencedTable\": \"strapi_releases\", \"referencedColumns\": [\"id\"]}]}, {\"name\": \"up_permissions_role_links\", \"columns\": [{\"args\": [{\"primary\": true, \"primaryKey\": true}], \"name\": \"id\", \"type\": \"increments\", \"unsigned\": false, \"defaultTo\": null, \"notNullable\": true}, {\"args\": [], \"name\": \"permission_id\", \"type\": \"integer\", \"unsigned\": true, \"defaultTo\": null, \"notNullable\": false}, {\"args\": [], \"name\": \"role_id\", \"type\": \"integer\", \"unsigned\": true, \"defaultTo\": null, \"notNullable\": false}, {\"args\": [], \"name\": \"permission_order\", \"type\": \"double\", \"unsigned\": true, \"defaultTo\": null, \"notNullable\": false}], \"indexes\": [{\"name\": \"up_permissions_role_links_fk\", \"columns\": [\"permission_id\"]}, {\"name\": \"up_permissions_role_links_inv_fk\", \"columns\": [\"role_id\"]}, {\"name\": \"up_permissions_role_links_unique\", \"type\": \"unique\", \"columns\": [\"permission_id\", \"role_id\"]}, {\"name\": \"up_permissions_role_links_order_inv_fk\", \"columns\": [\"permission_order\"]}], \"foreignKeys\": [{\"name\": \"up_permissions_role_links_fk\", \"columns\": [\"permission_id\"], \"onDelete\": \"CASCADE\", \"referencedTable\": \"up_permissions\", \"referencedColumns\": [\"id\"]}, {\"name\": \"up_permissions_role_links_inv_fk\", \"columns\": [\"role_id\"], \"onDelete\": \"CASCADE\", \"referencedTable\": \"up_roles\", \"referencedColumns\": [\"id\"]}]}, {\"name\": \"up_users_role_links\", \"columns\": [{\"args\": [{\"primary\": true, \"primaryKey\": true}], \"name\": \"id\", \"type\": \"increments\", \"unsigned\": false, \"defaultTo\": null, \"notNullable\": true}, {\"args\": [], \"name\": \"user_id\", \"type\": \"integer\", \"unsigned\": true, \"defaultTo\": null, \"notNullable\": false}, {\"args\": [], \"name\": \"role_id\", \"type\": \"integer\", \"unsigned\": true, \"defaultTo\": null, \"notNullable\": false}, {\"args\": [], \"name\": \"user_order\", \"type\": \"double\", \"unsigned\": true, \"defaultTo\": null, \"notNullable\": false}], \"indexes\": [{\"name\": \"up_users_role_links_fk\", \"columns\": [\"user_id\"]}, {\"name\": \"up_users_role_links_inv_fk\", \"columns\": [\"role_id\"]}, {\"name\": \"up_users_role_links_unique\", \"type\": \"unique\", \"columns\": [\"user_id\", \"role_id\"]}, {\"name\": \"up_users_role_links_order_inv_fk\", \"columns\": [\"user_order\"]}], \"foreignKeys\": [{\"name\": \"up_users_role_links_fk\", \"columns\": [\"user_id\"], \"onDelete\": \"CASCADE\", \"referencedTable\": \"up_users\", \"referencedColumns\": [\"id\"]}, {\"name\": \"up_users_role_links_inv_fk\", \"columns\": [\"role_id\"], \"onDelete\": \"CASCADE\", \"referencedTable\": \"up_roles\", \"referencedColumns\": [\"id\"]}]}, {\"name\": \"council_members_council_links\", \"columns\": [{\"args\": [{\"primary\": true, \"primaryKey\": true}], \"name\": \"id\", \"type\": \"increments\", \"unsigned\": false, \"defaultTo\": null, \"notNullable\": true}, {\"args\": [], \"name\": \"council_member_id\", \"type\": \"integer\", \"unsigned\": true, \"defaultTo\": null, \"notNullable\": false}, {\"args\": [], \"name\": \"council_id\", \"type\": \"integer\", \"unsigned\": true, \"defaultTo\": null, \"notNullable\": false}, {\"args\": [], \"name\": \"council_member_order\", \"type\": \"double\", \"unsigned\": true, \"defaultTo\": null, \"notNullable\": false}], \"indexes\": [{\"name\": \"council_members_council_links_fk\", \"columns\": [\"council_member_id\"]}, {\"name\": \"council_members_council_links_inv_fk\", \"columns\": [\"council_id\"]}, {\"name\": \"council_members_council_links_unique\", \"type\": \"unique\", \"columns\": [\"council_member_id\", \"council_id\"]}, {\"name\": \"council_members_council_links_order_inv_fk\", \"columns\": [\"council_member_order\"]}], \"foreignKeys\": [{\"name\": \"council_members_council_links_fk\", \"columns\": [\"council_member_id\"], \"onDelete\": \"CASCADE\", \"referencedTable\": \"council_members\", \"referencedColumns\": [\"id\"]}, {\"name\": \"council_members_council_links_inv_fk\", \"columns\": [\"council_id\"], \"onDelete\": \"CASCADE\", \"referencedTable\": \"councils\", \"referencedColumns\": [\"id\"]}]}]}','2024-03-28 18:18:57','4bd2fcc0835556e822de147c90253987');
/*!40000 ALTER TABLE `strapi_database_schema` ENABLE KEYS */;
UNLOCK TABLES;

--
-- Table structure for table `strapi_migrations`
--

DROP TABLE IF EXISTS `strapi_migrations`;
/*!40101 SET @saved_cs_client     = @@character_set_client */;
/*!50503 SET character_set_client = utf8mb4 */;
CREATE TABLE `strapi_migrations` (
  `id` int unsigned NOT NULL AUTO_INCREMENT,
  `name` varchar(255) DEFAULT NULL,
  `time` datetime DEFAULT NULL,
  PRIMARY KEY (`id`)
) ENGINE=InnoDB DEFAULT CHARSET=utf8mb4 COLLATE=utf8mb4_0900_ai_ci;
/*!40101 SET character_set_client = @saved_cs_client */;

--
-- Dumping data for table `strapi_migrations`
--

LOCK TABLES `strapi_migrations` WRITE;
/*!40000 ALTER TABLE `strapi_migrations` DISABLE KEYS */;
/*!40000 ALTER TABLE `strapi_migrations` ENABLE KEYS */;
UNLOCK TABLES;

--
-- Table structure for table `strapi_release_actions`
--

DROP TABLE IF EXISTS `strapi_release_actions`;
/*!40101 SET @saved_cs_client     = @@character_set_client */;
/*!50503 SET character_set_client = utf8mb4 */;
CREATE TABLE `strapi_release_actions` (
  `id` int unsigned NOT NULL AUTO_INCREMENT,
  `type` varchar(255) DEFAULT NULL,
  `target_id` int unsigned DEFAULT NULL,
  `target_type` varchar(255) DEFAULT NULL,
  `content_type` varchar(255) DEFAULT NULL,
  `locale` varchar(255) DEFAULT NULL,
  `created_at` datetime(6) DEFAULT NULL,
  `updated_at` datetime(6) DEFAULT NULL,
  `created_by_id` int unsigned DEFAULT NULL,
  `updated_by_id` int unsigned DEFAULT NULL,
  PRIMARY KEY (`id`),
  KEY `strapi_release_actions_created_by_id_fk` (`created_by_id`),
  KEY `strapi_release_actions_updated_by_id_fk` (`updated_by_id`),
  CONSTRAINT `strapi_release_actions_created_by_id_fk` FOREIGN KEY (`created_by_id`) REFERENCES `admin_users` (`id`) ON DELETE SET NULL,
  CONSTRAINT `strapi_release_actions_updated_by_id_fk` FOREIGN KEY (`updated_by_id`) REFERENCES `admin_users` (`id`) ON DELETE SET NULL
) ENGINE=InnoDB DEFAULT CHARSET=utf8mb4 COLLATE=utf8mb4_0900_ai_ci;
/*!40101 SET character_set_client = @saved_cs_client */;

--
-- Dumping data for table `strapi_release_actions`
--

LOCK TABLES `strapi_release_actions` WRITE;
/*!40000 ALTER TABLE `strapi_release_actions` DISABLE KEYS */;
/*!40000 ALTER TABLE `strapi_release_actions` ENABLE KEYS */;
UNLOCK TABLES;

--
-- Table structure for table `strapi_release_actions_release_links`
--

DROP TABLE IF EXISTS `strapi_release_actions_release_links`;
/*!40101 SET @saved_cs_client     = @@character_set_client */;
/*!50503 SET character_set_client = utf8mb4 */;
CREATE TABLE `strapi_release_actions_release_links` (
  `id` int unsigned NOT NULL AUTO_INCREMENT,
  `release_action_id` int unsigned DEFAULT NULL,
  `release_id` int unsigned DEFAULT NULL,
  `release_action_order` double unsigned DEFAULT NULL,
  PRIMARY KEY (`id`),
  UNIQUE KEY `strapi_release_actions_release_links_unique` (`release_action_id`,`release_id`),
  KEY `strapi_release_actions_release_links_fk` (`release_action_id`),
  KEY `strapi_release_actions_release_links_inv_fk` (`release_id`),
  KEY `strapi_release_actions_release_links_order_inv_fk` (`release_action_order`),
  CONSTRAINT `strapi_release_actions_release_links_fk` FOREIGN KEY (`release_action_id`) REFERENCES `strapi_release_actions` (`id`) ON DELETE CASCADE,
  CONSTRAINT `strapi_release_actions_release_links_inv_fk` FOREIGN KEY (`release_id`) REFERENCES `strapi_releases` (`id`) ON DELETE CASCADE
) ENGINE=InnoDB DEFAULT CHARSET=utf8mb4 COLLATE=utf8mb4_0900_ai_ci;
/*!40101 SET character_set_client = @saved_cs_client */;

--
-- Dumping data for table `strapi_release_actions_release_links`
--

LOCK TABLES `strapi_release_actions_release_links` WRITE;
/*!40000 ALTER TABLE `strapi_release_actions_release_links` DISABLE KEYS */;
/*!40000 ALTER TABLE `strapi_release_actions_release_links` ENABLE KEYS */;
UNLOCK TABLES;

--
-- Table structure for table `strapi_releases`
--

DROP TABLE IF EXISTS `strapi_releases`;
/*!40101 SET @saved_cs_client     = @@character_set_client */;
/*!50503 SET character_set_client = utf8mb4 */;
CREATE TABLE `strapi_releases` (
  `id` int unsigned NOT NULL AUTO_INCREMENT,
  `name` varchar(255) DEFAULT NULL,
  `released_at` datetime(6) DEFAULT NULL,
  `scheduled_at` datetime(6) DEFAULT NULL,
  `timezone` varchar(255) DEFAULT NULL,
  `created_at` datetime(6) DEFAULT NULL,
  `updated_at` datetime(6) DEFAULT NULL,
  `created_by_id` int unsigned DEFAULT NULL,
  `updated_by_id` int unsigned DEFAULT NULL,
  PRIMARY KEY (`id`),
  KEY `strapi_releases_created_by_id_fk` (`created_by_id`),
  KEY `strapi_releases_updated_by_id_fk` (`updated_by_id`),
  CONSTRAINT `strapi_releases_created_by_id_fk` FOREIGN KEY (`created_by_id`) REFERENCES `admin_users` (`id`) ON DELETE SET NULL,
  CONSTRAINT `strapi_releases_updated_by_id_fk` FOREIGN KEY (`updated_by_id`) REFERENCES `admin_users` (`id`) ON DELETE SET NULL
) ENGINE=InnoDB DEFAULT CHARSET=utf8mb4 COLLATE=utf8mb4_0900_ai_ci;
/*!40101 SET character_set_client = @saved_cs_client */;

--
-- Dumping data for table `strapi_releases`
--

LOCK TABLES `strapi_releases` WRITE;
/*!40000 ALTER TABLE `strapi_releases` DISABLE KEYS */;
/*!40000 ALTER TABLE `strapi_releases` ENABLE KEYS */;
UNLOCK TABLES;

--
-- Table structure for table `strapi_transfer_token_permissions`
--

DROP TABLE IF EXISTS `strapi_transfer_token_permissions`;
/*!40101 SET @saved_cs_client     = @@character_set_client */;
/*!50503 SET character_set_client = utf8mb4 */;
CREATE TABLE `strapi_transfer_token_permissions` (
  `id` int unsigned NOT NULL AUTO_INCREMENT,
  `action` varchar(255) DEFAULT NULL,
  `created_at` datetime(6) DEFAULT NULL,
  `updated_at` datetime(6) DEFAULT NULL,
  `created_by_id` int unsigned DEFAULT NULL,
  `updated_by_id` int unsigned DEFAULT NULL,
  PRIMARY KEY (`id`),
  KEY `strapi_transfer_token_permissions_created_by_id_fk` (`created_by_id`),
  KEY `strapi_transfer_token_permissions_updated_by_id_fk` (`updated_by_id`),
  CONSTRAINT `strapi_transfer_token_permissions_created_by_id_fk` FOREIGN KEY (`created_by_id`) REFERENCES `admin_users` (`id`) ON DELETE SET NULL,
  CONSTRAINT `strapi_transfer_token_permissions_updated_by_id_fk` FOREIGN KEY (`updated_by_id`) REFERENCES `admin_users` (`id`) ON DELETE SET NULL
) ENGINE=InnoDB DEFAULT CHARSET=utf8mb4 COLLATE=utf8mb4_0900_ai_ci;
/*!40101 SET character_set_client = @saved_cs_client */;

--
-- Dumping data for table `strapi_transfer_token_permissions`
--

LOCK TABLES `strapi_transfer_token_permissions` WRITE;
/*!40000 ALTER TABLE `strapi_transfer_token_permissions` DISABLE KEYS */;
/*!40000 ALTER TABLE `strapi_transfer_token_permissions` ENABLE KEYS */;
UNLOCK TABLES;

--
-- Table structure for table `strapi_transfer_token_permissions_token_links`
--

DROP TABLE IF EXISTS `strapi_transfer_token_permissions_token_links`;
/*!40101 SET @saved_cs_client     = @@character_set_client */;
/*!50503 SET character_set_client = utf8mb4 */;
CREATE TABLE `strapi_transfer_token_permissions_token_links` (
  `id` int unsigned NOT NULL AUTO_INCREMENT,
  `transfer_token_permission_id` int unsigned DEFAULT NULL,
  `transfer_token_id` int unsigned DEFAULT NULL,
  `transfer_token_permission_order` double unsigned DEFAULT NULL,
  PRIMARY KEY (`id`),
  UNIQUE KEY `strapi_transfer_token_permissions_token_links_unique` (`transfer_token_permission_id`,`transfer_token_id`),
  KEY `strapi_transfer_token_permissions_token_links_fk` (`transfer_token_permission_id`),
  KEY `strapi_transfer_token_permissions_token_links_inv_fk` (`transfer_token_id`),
  KEY `strapi_transfer_token_permissions_token_links_order_inv_fk` (`transfer_token_permission_order`),
  CONSTRAINT `strapi_transfer_token_permissions_token_links_fk` FOREIGN KEY (`transfer_token_permission_id`) REFERENCES `strapi_transfer_token_permissions` (`id`) ON DELETE CASCADE,
  CONSTRAINT `strapi_transfer_token_permissions_token_links_inv_fk` FOREIGN KEY (`transfer_token_id`) REFERENCES `strapi_transfer_tokens` (`id`) ON DELETE CASCADE
) ENGINE=InnoDB DEFAULT CHARSET=utf8mb4 COLLATE=utf8mb4_0900_ai_ci;
/*!40101 SET character_set_client = @saved_cs_client */;

--
-- Dumping data for table `strapi_transfer_token_permissions_token_links`
--

LOCK TABLES `strapi_transfer_token_permissions_token_links` WRITE;
/*!40000 ALTER TABLE `strapi_transfer_token_permissions_token_links` DISABLE KEYS */;
/*!40000 ALTER TABLE `strapi_transfer_token_permissions_token_links` ENABLE KEYS */;
UNLOCK TABLES;

--
-- Table structure for table `strapi_transfer_tokens`
--

DROP TABLE IF EXISTS `strapi_transfer_tokens`;
/*!40101 SET @saved_cs_client     = @@character_set_client */;
/*!50503 SET character_set_client = utf8mb4 */;
CREATE TABLE `strapi_transfer_tokens` (
  `id` int unsigned NOT NULL AUTO_INCREMENT,
  `name` varchar(255) DEFAULT NULL,
  `description` varchar(255) DEFAULT NULL,
  `access_key` varchar(255) DEFAULT NULL,
  `last_used_at` datetime(6) DEFAULT NULL,
  `expires_at` datetime(6) DEFAULT NULL,
  `lifespan` bigint DEFAULT NULL,
  `created_at` datetime(6) DEFAULT NULL,
  `updated_at` datetime(6) DEFAULT NULL,
  `created_by_id` int unsigned DEFAULT NULL,
  `updated_by_id` int unsigned DEFAULT NULL,
  PRIMARY KEY (`id`),
  KEY `strapi_transfer_tokens_created_by_id_fk` (`created_by_id`),
  KEY `strapi_transfer_tokens_updated_by_id_fk` (`updated_by_id`),
  CONSTRAINT `strapi_transfer_tokens_created_by_id_fk` FOREIGN KEY (`created_by_id`) REFERENCES `admin_users` (`id`) ON DELETE SET NULL,
  CONSTRAINT `strapi_transfer_tokens_updated_by_id_fk` FOREIGN KEY (`updated_by_id`) REFERENCES `admin_users` (`id`) ON DELETE SET NULL
) ENGINE=InnoDB DEFAULT CHARSET=utf8mb4 COLLATE=utf8mb4_0900_ai_ci;
/*!40101 SET character_set_client = @saved_cs_client */;

--
-- Dumping data for table `strapi_transfer_tokens`
--

LOCK TABLES `strapi_transfer_tokens` WRITE;
/*!40000 ALTER TABLE `strapi_transfer_tokens` DISABLE KEYS */;
/*!40000 ALTER TABLE `strapi_transfer_tokens` ENABLE KEYS */;
UNLOCK TABLES;

--
-- Table structure for table `strapi_webhooks`
--

DROP TABLE IF EXISTS `strapi_webhooks`;
/*!40101 SET @saved_cs_client     = @@character_set_client */;
/*!50503 SET character_set_client = utf8mb4 */;
CREATE TABLE `strapi_webhooks` (
  `id` int unsigned NOT NULL AUTO_INCREMENT,
  `name` varchar(255) DEFAULT NULL,
  `url` longtext,
  `headers` json DEFAULT NULL,
  `events` json DEFAULT NULL,
  `enabled` tinyint(1) DEFAULT NULL,
  PRIMARY KEY (`id`)
) ENGINE=InnoDB DEFAULT CHARSET=utf8mb4 COLLATE=utf8mb4_0900_ai_ci;
/*!40101 SET character_set_client = @saved_cs_client */;

--
-- Dumping data for table `strapi_webhooks`
--

LOCK TABLES `strapi_webhooks` WRITE;
/*!40000 ALTER TABLE `strapi_webhooks` DISABLE KEYS */;
/*!40000 ALTER TABLE `strapi_webhooks` ENABLE KEYS */;
UNLOCK TABLES;

--
-- Table structure for table `up_permissions`
--

DROP TABLE IF EXISTS `up_permissions`;
/*!40101 SET @saved_cs_client     = @@character_set_client */;
/*!50503 SET character_set_client = utf8mb4 */;
CREATE TABLE `up_permissions` (
  `id` int unsigned NOT NULL AUTO_INCREMENT,
  `action` varchar(255) DEFAULT NULL,
  `created_at` datetime(6) DEFAULT NULL,
  `updated_at` datetime(6) DEFAULT NULL,
  `created_by_id` int unsigned DEFAULT NULL,
  `updated_by_id` int unsigned DEFAULT NULL,
  PRIMARY KEY (`id`),
  KEY `up_permissions_created_by_id_fk` (`created_by_id`),
  KEY `up_permissions_updated_by_id_fk` (`updated_by_id`),
  CONSTRAINT `up_permissions_created_by_id_fk` FOREIGN KEY (`created_by_id`) REFERENCES `admin_users` (`id`) ON DELETE SET NULL,
  CONSTRAINT `up_permissions_updated_by_id_fk` FOREIGN KEY (`updated_by_id`) REFERENCES `admin_users` (`id`) ON DELETE SET NULL
) ENGINE=InnoDB AUTO_INCREMENT=26 DEFAULT CHARSET=utf8mb4 COLLATE=utf8mb4_0900_ai_ci;
/*!40101 SET character_set_client = @saved_cs_client */;

--
-- Dumping data for table `up_permissions`
--

LOCK TABLES `up_permissions` WRITE;
/*!40000 ALTER TABLE `up_permissions` DISABLE KEYS */;
INSERT INTO `up_permissions` VALUES (1,'plugin::users-permissions.user.me','2024-03-05 10:53:28.000000','2024-03-05 10:53:28.000000',NULL,NULL),(2,'plugin::users-permissions.auth.changePassword','2024-03-05 10:53:28.000000','2024-03-05 10:53:28.000000',NULL,NULL),(3,'plugin::users-permissions.auth.callback','2024-03-05 10:53:28.005000','2024-03-05 10:53:28.005000',NULL,NULL),(4,'plugin::users-permissions.auth.connect','2024-03-05 10:53:28.005000','2024-03-05 10:53:28.005000',NULL,NULL),(5,'plugin::users-permissions.auth.forgotPassword','2024-03-05 10:53:28.005000','2024-03-05 10:53:28.005000',NULL,NULL),(6,'plugin::users-permissions.auth.resetPassword','2024-03-05 10:53:28.005000','2024-03-05 10:53:28.005000',NULL,NULL),(7,'plugin::users-permissions.auth.register','2024-03-05 10:53:28.005000','2024-03-05 10:53:28.005000',NULL,NULL),(8,'plugin::users-permissions.auth.emailConfirmation','2024-03-05 10:53:28.005000','2024-03-05 10:53:28.005000',NULL,NULL),(9,'plugin::users-permissions.auth.sendEmailConfirmation','2024-03-05 10:53:28.005000','2024-03-05 10:53:28.005000',NULL,NULL),(10,'api::feedback.feedback.create','2024-03-05 12:06:05.297000','2024-03-05 12:06:05.297000',NULL,NULL),(11,'api::complaint.complaint.create','2024-03-07 21:01:29.459000','2024-03-07 21:01:29.459000',NULL,NULL),(12,'api::happy-meter.happy-meter.create','2024-03-09 10:54:15.476000','2024-03-09 10:54:15.476000',NULL,NULL),(13,'api::query.query.create','2024-03-09 12:31:02.600000','2024-03-09 12:31:02.600000',NULL,NULL),(14,'api::new.new.find','2024-03-09 14:55:59.112000','2024-03-09 14:55:59.112000',NULL,NULL),(15,'api::new.new.findOne','2024-03-09 14:55:59.112000','2024-03-09 14:55:59.112000',NULL,NULL),(16,'api::municipality.municipality.find','2024-03-20 20:41:28.522000','2024-03-20 20:41:28.522000',NULL,NULL),(17,'api::municipality.municipality.findOne','2024-03-20 20:41:28.522000','2024-03-20 20:41:28.522000',NULL,NULL),(18,'api::council.council.find','2024-03-21 09:11:46.992000','2024-03-21 09:11:46.992000',NULL,NULL),(19,'api::council.council.findOne','2024-03-21 09:11:46.992000','2024-03-21 09:11:46.992000',NULL,NULL),(20,'api::council-member.council-member.find','2024-03-21 09:11:57.010000','2024-03-21 09:11:57.010000',NULL,NULL),(21,'api::council-member.council-member.findOne','2024-03-21 09:11:57.010000','2024-03-21 09:11:57.010000',NULL,NULL),(22,'api::event.event.find','2024-03-25 10:53:59.359000','2024-03-25 10:53:59.359000',NULL,NULL),(23,'api::event.event.findOne','2024-03-25 10:53:59.359000','2024-03-25 10:53:59.359000',NULL,NULL),(24,'api::holiday.holiday.find','2024-03-25 10:54:13.623000','2024-03-25 10:54:13.623000',NULL,NULL),(25,'api::holiday.holiday.findOne','2024-03-25 10:54:13.623000','2024-03-25 10:54:13.623000',NULL,NULL);
/*!40000 ALTER TABLE `up_permissions` ENABLE KEYS */;
UNLOCK TABLES;

--
-- Table structure for table `up_permissions_role_links`
--

DROP TABLE IF EXISTS `up_permissions_role_links`;
/*!40101 SET @saved_cs_client     = @@character_set_client */;
/*!50503 SET character_set_client = utf8mb4 */;
CREATE TABLE `up_permissions_role_links` (
  `id` int unsigned NOT NULL AUTO_INCREMENT,
  `permission_id` int unsigned DEFAULT NULL,
  `role_id` int unsigned DEFAULT NULL,
  `permission_order` double unsigned DEFAULT NULL,
  PRIMARY KEY (`id`),
  UNIQUE KEY `up_permissions_role_links_unique` (`permission_id`,`role_id`),
  KEY `up_permissions_role_links_fk` (`permission_id`),
  KEY `up_permissions_role_links_inv_fk` (`role_id`),
  KEY `up_permissions_role_links_order_inv_fk` (`permission_order`),
  CONSTRAINT `up_permissions_role_links_fk` FOREIGN KEY (`permission_id`) REFERENCES `up_permissions` (`id`) ON DELETE CASCADE,
  CONSTRAINT `up_permissions_role_links_inv_fk` FOREIGN KEY (`role_id`) REFERENCES `up_roles` (`id`) ON DELETE CASCADE
) ENGINE=InnoDB AUTO_INCREMENT=26 DEFAULT CHARSET=utf8mb4 COLLATE=utf8mb4_0900_ai_ci;
/*!40101 SET character_set_client = @saved_cs_client */;

--
-- Dumping data for table `up_permissions_role_links`
--

LOCK TABLES `up_permissions_role_links` WRITE;
/*!40000 ALTER TABLE `up_permissions_role_links` DISABLE KEYS */;
INSERT INTO `up_permissions_role_links` VALUES (1,1,1,1),(2,2,1,1),(3,3,2,1),(4,4,2,1),(5,6,2,2),(6,7,2,2),(7,5,2,2),(8,9,2,2),(9,8,2,2),(10,10,2,3),(11,11,2,4),(12,12,2,5),(13,13,2,6),(14,14,2,7),(15,15,2,7),(16,16,2,8),(17,17,2,8),(18,18,2,9),(19,19,2,9),(20,21,2,10),(21,20,2,10),(22,22,2,11),(23,23,2,11),(24,24,2,12),(25,25,2,12);
/*!40000 ALTER TABLE `up_permissions_role_links` ENABLE KEYS */;
UNLOCK TABLES;

--
-- Table structure for table `up_roles`
--

DROP TABLE IF EXISTS `up_roles`;
/*!40101 SET @saved_cs_client     = @@character_set_client */;
/*!50503 SET character_set_client = utf8mb4 */;
CREATE TABLE `up_roles` (
  `id` int unsigned NOT NULL AUTO_INCREMENT,
  `name` varchar(255) DEFAULT NULL,
  `description` varchar(255) DEFAULT NULL,
  `type` varchar(255) DEFAULT NULL,
  `created_at` datetime(6) DEFAULT NULL,
  `updated_at` datetime(6) DEFAULT NULL,
  `created_by_id` int unsigned DEFAULT NULL,
  `updated_by_id` int unsigned DEFAULT NULL,
  PRIMARY KEY (`id`),
  KEY `up_roles_created_by_id_fk` (`created_by_id`),
  KEY `up_roles_updated_by_id_fk` (`updated_by_id`),
  CONSTRAINT `up_roles_created_by_id_fk` FOREIGN KEY (`created_by_id`) REFERENCES `admin_users` (`id`) ON DELETE SET NULL,
  CONSTRAINT `up_roles_updated_by_id_fk` FOREIGN KEY (`updated_by_id`) REFERENCES `admin_users` (`id`) ON DELETE SET NULL
) ENGINE=InnoDB AUTO_INCREMENT=3 DEFAULT CHARSET=utf8mb4 COLLATE=utf8mb4_0900_ai_ci;
/*!40101 SET character_set_client = @saved_cs_client */;

--
-- Dumping data for table `up_roles`
--

LOCK TABLES `up_roles` WRITE;
/*!40000 ALTER TABLE `up_roles` DISABLE KEYS */;
INSERT INTO `up_roles` VALUES (1,'Authenticated','Default role given to authenticated user.','authenticated','2024-03-05 10:53:27.994000','2024-03-05 10:53:27.994000',NULL,NULL),(2,'Public','Default role given to unauthenticated user.','public','2024-03-05 10:53:27.996000','2024-03-25 10:54:13.617000',NULL,NULL);
/*!40000 ALTER TABLE `up_roles` ENABLE KEYS */;
UNLOCK TABLES;

--
-- Table structure for table `up_users`
--

DROP TABLE IF EXISTS `up_users`;
/*!40101 SET @saved_cs_client     = @@character_set_client */;
/*!50503 SET character_set_client = utf8mb4 */;
CREATE TABLE `up_users` (
  `id` int unsigned NOT NULL AUTO_INCREMENT,
  `username` varchar(255) DEFAULT NULL,
  `email` varchar(255) DEFAULT NULL,
  `provider` varchar(255) DEFAULT NULL,
  `password` varchar(255) DEFAULT NULL,
  `reset_password_token` varchar(255) DEFAULT NULL,
  `confirmation_token` varchar(255) DEFAULT NULL,
  `confirmed` tinyint(1) DEFAULT NULL,
  `blocked` tinyint(1) DEFAULT NULL,
  `created_at` datetime(6) DEFAULT NULL,
  `updated_at` datetime(6) DEFAULT NULL,
  `created_by_id` int unsigned DEFAULT NULL,
  `updated_by_id` int unsigned DEFAULT NULL,
  PRIMARY KEY (`id`),
  KEY `up_users_created_by_id_fk` (`created_by_id`),
  KEY `up_users_updated_by_id_fk` (`updated_by_id`),
  CONSTRAINT `up_users_created_by_id_fk` FOREIGN KEY (`created_by_id`) REFERENCES `admin_users` (`id`) ON DELETE SET NULL,
  CONSTRAINT `up_users_updated_by_id_fk` FOREIGN KEY (`updated_by_id`) REFERENCES `admin_users` (`id`) ON DELETE SET NULL
) ENGINE=InnoDB DEFAULT CHARSET=utf8mb4 COLLATE=utf8mb4_0900_ai_ci;
/*!40101 SET character_set_client = @saved_cs_client */;

--
-- Dumping data for table `up_users`
--

LOCK TABLES `up_users` WRITE;
/*!40000 ALTER TABLE `up_users` DISABLE KEYS */;
/*!40000 ALTER TABLE `up_users` ENABLE KEYS */;
UNLOCK TABLES;

--
-- Table structure for table `up_users_role_links`
--

DROP TABLE IF EXISTS `up_users_role_links`;
/*!40101 SET @saved_cs_client     = @@character_set_client */;
/*!50503 SET character_set_client = utf8mb4 */;
CREATE TABLE `up_users_role_links` (
  `id` int unsigned NOT NULL AUTO_INCREMENT,
  `user_id` int unsigned DEFAULT NULL,
  `role_id` int unsigned DEFAULT NULL,
  `user_order` double unsigned DEFAULT NULL,
  PRIMARY KEY (`id`),
  UNIQUE KEY `up_users_role_links_unique` (`user_id`,`role_id`),
  KEY `up_users_role_links_fk` (`user_id`),
  KEY `up_users_role_links_inv_fk` (`role_id`),
  KEY `up_users_role_links_order_inv_fk` (`user_order`),
  CONSTRAINT `up_users_role_links_fk` FOREIGN KEY (`user_id`) REFERENCES `up_users` (`id`) ON DELETE CASCADE,
  CONSTRAINT `up_users_role_links_inv_fk` FOREIGN KEY (`role_id`) REFERENCES `up_roles` (`id`) ON DELETE CASCADE
) ENGINE=InnoDB DEFAULT CHARSET=utf8mb4 COLLATE=utf8mb4_0900_ai_ci;
/*!40101 SET character_set_client = @saved_cs_client */;

--
-- Dumping data for table `up_users_role_links`
--

LOCK TABLES `up_users_role_links` WRITE;
/*!40000 ALTER TABLE `up_users_role_links` DISABLE KEYS */;
/*!40000 ALTER TABLE `up_users_role_links` ENABLE KEYS */;
UNLOCK TABLES;

--
-- Table structure for table `upload_folders`
--

DROP TABLE IF EXISTS `upload_folders`;
/*!40101 SET @saved_cs_client     = @@character_set_client */;
/*!50503 SET character_set_client = utf8mb4 */;
CREATE TABLE `upload_folders` (
  `id` int unsigned NOT NULL AUTO_INCREMENT,
  `name` varchar(255) DEFAULT NULL,
  `path_id` int DEFAULT NULL,
  `path` varchar(255) DEFAULT NULL,
  `created_at` datetime(6) DEFAULT NULL,
  `updated_at` datetime(6) DEFAULT NULL,
  `created_by_id` int unsigned DEFAULT NULL,
  `updated_by_id` int unsigned DEFAULT NULL,
  PRIMARY KEY (`id`),
  UNIQUE KEY `upload_folders_path_id_index` (`path_id`),
  UNIQUE KEY `upload_folders_path_index` (`path`),
  KEY `upload_folders_created_by_id_fk` (`created_by_id`),
  KEY `upload_folders_updated_by_id_fk` (`updated_by_id`),
  CONSTRAINT `upload_folders_created_by_id_fk` FOREIGN KEY (`created_by_id`) REFERENCES `admin_users` (`id`) ON DELETE SET NULL,
  CONSTRAINT `upload_folders_updated_by_id_fk` FOREIGN KEY (`updated_by_id`) REFERENCES `admin_users` (`id`) ON DELETE SET NULL
) ENGINE=InnoDB AUTO_INCREMENT=43 DEFAULT CHARSET=utf8mb4 COLLATE=utf8mb4_0900_ai_ci;
/*!40101 SET character_set_client = @saved_cs_client */;

--
-- Dumping data for table `upload_folders`
--

LOCK TABLES `upload_folders` WRITE;
/*!40000 ALTER TABLE `upload_folders` DISABLE KEYS */;
INSERT INTO `upload_folders` VALUES (1,'News',1,'/1','2024-03-09 14:45:53.773000','2024-03-09 14:45:53.773000',1,1),(2,'Municipality',2,'/2','2024-03-20 19:31:56.736000','2024-03-20 19:31:56.736000',1,1),(3,'Council',3,'/3','2024-03-21 08:59:57.272000','2024-03-21 08:59:57.272000',1,1),(4,'Main',4,'/3/4','2024-03-21 09:00:40.753000','2024-03-21 09:00:40.753000',1,1),(5,'Members',5,'/3/5','2024-03-21 09:00:47.268000','2024-03-21 09:00:47.268000',1,1),(7,'hamriyah',7,'/3/5/7','2024-03-21 09:07:04.439000','2024-03-21 09:07:04.439000',1,1),(9,'sharjah',9,'/3/5/9','2024-03-21 09:27:35.074000','2024-03-21 09:27:35.074000',1,1),(11,'khorfakkan',11,'/3/5/11','2024-03-21 15:14:51.160000','2024-03-21 15:14:51.160000',1,1),(13,'madam',13,'/3/5/13','2024-03-21 15:36:45.722000','2024-03-21 15:36:45.722000',1,1),(15,'kalba',15,'/3/5/15','2024-03-21 15:51:02.058000','2024-03-21 15:51:02.058000',1,1),(17,'mleiha',17,'/3/5/17','2024-03-21 16:04:25.488000','2024-03-21 16:04:25.488000',1,1),(19,'albataeh',19,'/3/5/19','2024-03-21 17:08:17.249000','2024-03-21 17:08:17.249000',1,1),(22,'dibba',22,'/3/5/22','2024-03-21 17:32:02.825000','2024-03-21 17:32:02.825000',1,1),(23,'aldhaid',23,'/3/5/23','2024-03-21 17:32:07.444000','2024-03-21 17:32:07.444000',1,1),(24,'Common',24,'/24','2024-03-21 18:29:34.878000','2024-03-21 18:29:34.878000',1,1),(25,'aldhaid',25,'/24/25','2024-03-25 09:13:16.634000','2024-03-25 09:13:16.634000',1,1),(26,'dibba',26,'/24/26','2024-03-25 09:14:50.048000','2024-03-25 09:14:50.048000',1,1),(27,'albataeh',27,'/24/27','2024-03-25 09:14:59.662000','2024-03-25 09:14:59.662000',1,1),(28,'mleiha',28,'/24/28','2024-03-25 09:15:10.281000','2024-03-25 09:15:10.281000',1,1),(29,'kalba',29,'/24/29','2024-03-25 09:15:17.976000','2024-03-25 09:15:17.976000',1,1),(30,'madam',30,'/24/30','2024-03-25 09:15:24.389000','2024-03-25 09:15:24.389000',1,1),(31,'khorfakkan',31,'/24/31','2024-03-25 09:15:32.746000','2024-03-25 09:15:32.746000',1,1),(32,'sharjah',32,'/24/32','2024-03-25 09:15:38.741000','2024-03-25 09:15:38.741000',1,1),(33,'hamriyah',33,'/24/33','2024-03-25 09:15:46.806000','2024-03-25 09:15:46.806000',1,1),(34,'Home',34,'/34','2024-03-25 09:19:08.694000','2024-03-25 09:19:08.694000',1,1),(35,'Hero',35,'/34/35','2024-03-25 09:19:15.380000','2024-03-25 09:19:15.380000',1,1),(36,'About',36,'/36','2024-03-25 09:37:51.717000','2024-03-25 09:37:51.717000',1,1),(37,'Hero',37,'/36/37','2024-03-25 09:38:00.825000','2024-03-25 09:38:00.825000',1,1),(38,'OtherImgs',38,'/36/38','2024-03-26 13:02:33.540000','2024-03-26 13:02:33.540000',1,1),(39,'Members',39,'/36/39','2024-03-26 19:27:59.568000','2024-03-26 19:27:59.568000',1,1),(40,'Events',40,'/40','2024-03-27 13:57:53.719000','2024-03-27 13:57:53.719000',1,1),(41,'Holiday',41,'/40/41','2024-03-27 13:58:05.650000','2024-03-27 13:58:05.650000',1,1),(42,'Events',42,'/40/42','2024-03-27 13:58:19.754000','2024-03-27 13:58:19.754000',1,1);
/*!40000 ALTER TABLE `upload_folders` ENABLE KEYS */;
UNLOCK TABLES;

--
-- Table structure for table `upload_folders_parent_links`
--

DROP TABLE IF EXISTS `upload_folders_parent_links`;
/*!40101 SET @saved_cs_client     = @@character_set_client */;
/*!50503 SET character_set_client = utf8mb4 */;
CREATE TABLE `upload_folders_parent_links` (
  `id` int unsigned NOT NULL AUTO_INCREMENT,
  `folder_id` int unsigned DEFAULT NULL,
  `inv_folder_id` int unsigned DEFAULT NULL,
  `folder_order` double unsigned DEFAULT NULL,
  PRIMARY KEY (`id`),
  UNIQUE KEY `upload_folders_parent_links_unique` (`folder_id`,`inv_folder_id`),
  KEY `upload_folders_parent_links_fk` (`folder_id`),
  KEY `upload_folders_parent_links_inv_fk` (`inv_folder_id`),
  KEY `upload_folders_parent_links_order_inv_fk` (`folder_order`),
  CONSTRAINT `upload_folders_parent_links_fk` FOREIGN KEY (`folder_id`) REFERENCES `upload_folders` (`id`) ON DELETE CASCADE,
  CONSTRAINT `upload_folders_parent_links_inv_fk` FOREIGN KEY (`inv_folder_id`) REFERENCES `upload_folders` (`id`) ON DELETE CASCADE
) ENGINE=InnoDB AUTO_INCREMENT=36 DEFAULT CHARSET=utf8mb4 COLLATE=utf8mb4_0900_ai_ci;
/*!40101 SET character_set_client = @saved_cs_client */;

--
-- Dumping data for table `upload_folders_parent_links`
--

LOCK TABLES `upload_folders_parent_links` WRITE;
/*!40000 ALTER TABLE `upload_folders_parent_links` DISABLE KEYS */;
INSERT INTO `upload_folders_parent_links` VALUES (1,4,3,1),(2,5,3,2),(4,7,5,1),(6,9,5,2),(8,11,5,3),(10,13,5,4),(12,15,5,5),(14,17,5,6),(16,19,5,7),(19,22,5,8),(20,23,5,9),(21,25,24,1),(22,26,24,2),(23,27,24,3),(24,28,24,4),(25,29,24,5),(26,30,24,6),(27,31,24,7),(28,32,24,8),(29,33,24,9),(30,35,34,1),(31,37,36,1),(32,38,36,2),(33,39,36,3),(34,41,40,1),(35,42,40,2);
/*!40000 ALTER TABLE `upload_folders_parent_links` ENABLE KEYS */;
UNLOCK TABLES;
/*!40103 SET TIME_ZONE=@OLD_TIME_ZONE */;

/*!40101 SET SQL_MODE=@OLD_SQL_MODE */;
/*!40014 SET FOREIGN_KEY_CHECKS=@OLD_FOREIGN_KEY_CHECKS */;
/*!40014 SET UNIQUE_CHECKS=@OLD_UNIQUE_CHECKS */;
/*!40101 SET CHARACTER_SET_CLIENT=@OLD_CHARACTER_SET_CLIENT */;
/*!40101 SET CHARACTER_SET_RESULTS=@OLD_CHARACTER_SET_RESULTS */;
/*!40101 SET COLLATION_CONNECTION=@OLD_COLLATION_CONNECTION */;
/*!40111 SET SQL_NOTES=@OLD_SQL_NOTES */;

-- Dump completed on 2024-03-28 19:44:52
